编号,X17.12.31,X18.01.07,X18.01.14,X18.01.21,X18.01.28,X18.02.04,X18.02.11,X18.02.18
1-A,2,5,7,8,13,15,19,14
1-B,2,4,8,8,17,18,20,17
1-C,2,4,6,8,12,13,15,23
1-D,2,4,6,9,12,13,15,26
1-E,2,4,7,7,14,14,15,15
1-F,2,6,9,9,20,21,23,16
1-G,4,4,4,7,12,13,15,11
1-H,2,4,8,10,13,13,14,7
1-I,4,6,9,12,14,15,18,13
1-J,4,7,11,11,15,15,19,8
1-K,2,2,5,7,14,15,17,27
1-L,4,6,9,9,14,16,19,17
1-M,4,4,6,8,13,13,16,6
1-N,4,6,10,10,15,17,18,13
1-O,4,4,9,10,17,18,22,22
1-P,4,5,5,7,11,11,15,6
1-Q,4,6,9,13,18,19,20,13
1-R,4,5,7,11,17,18,20,20
1-S,0,0,0,0,0,0,0,0
1-T,2,6,7,11,13,14,17,8
2-A,2,4,6,8,12,13,17,7
2-B,4,6,7,10,20,22,24,14
2-C,4,4,7,9,14,15,18,15
2-D,3,4,6,6,9,9,10,12
2-E,3,4,8,9,15,15,18,13
2-F,2,6,10,11,14,15,16,11
2-G,4,6,9,10,15,15,15,8
2-H,4,4,6,8,7,9,10,9
2-I,2,4,8,9,9,11,12,9
2-J,4,2,6,7,13,14,14,7
2-K,0,0,0,0,0,0,0,0
2-L,0,0,0,0,0,0,0,0
2-M,2,4,8,9,12,13,15,12
2-N,4,6,9,9,21,22,23,10
2-O,2,6,8,9,22,22,24,15
2-P,4,4,7,12,13,14,14,7
2-Q,2,3,4,6,8,9,9,8
2-R,4,2,5,6,9,10,11,9
2-S,4,6,10,13,13,13,14,8
2-T,4,6,10,11,12,13,14,7
3-A,2,5,7,12,18,20,23,18
3-B,4,6,8,9,12,13,16,10
3-C,3,8,10,11,12,15,18,17
3-D,0,0,0,0,0,0,0,0
3-E,4,4,7,9,11,12,13,6
3-F,2,4,8,9,13,15,18,6
3-G,2,4,9,11,18,20,22,15
3-H,4,4,4,8,10,13,15,10
3-I,2,6,10,11,11,12,13,9
3-J,4,7,9,12,11,13,15,13
3-K,2,2,4,5,10,10,14,13
3-L,2,4,7,8,15,16,17,9
3-M,4,6,9,10,14,15,16,13
3-N,2,4,5,7,10,13,17,12
3-O,5,4,6,8,10,11,12,9
3-P,2,2,6,8,11,13,15,8
3-Q,2,4,6,7,8,9,12,8
3-R,2,4,6,11,11,15,17,8
3-S,4,4,7,7,7,10,13,9
3-T,4,6,8,8,8,9,9,5
4-A,4,4,7,7,12,14,16,12
4-B,3,4,6,8,8,7,8,2
4-C,2,2,4,5,11,10,12,14
4-D,3,4,6,8,13,12,13,15
4-E,3,4,7,8,13,12,14,16
4-F,4,7,9,9,13,12,15,14
4-G,2,6,8,8,12,13,17,11
4-H,4,6,9,9,13,13,16,16
4-I,0,0,0,0,0,0,0,0
4-J,4,6,7,8,12,13,15,8
4-K,4,4,7,7,14,15,15,11
4-L,4,4,7,7,21,22,24,15
4-M,0,0,0,0,8,0,0,0
4-N,0,0,0,0,0,0,0,0
4-O,4,4,6,7,9,10,13,5
4-P,4,4,6,11,15,17,19,13
4-Q,4,4,8,12,13,14,15,9
4-R,2,4,8,12,16,15,17,19
4-S,4,6,9,14,20,15,16,10
4-T,2,4,6,9,9,9,10,5
5-A,2,6,8,8,17,18,19,10
5-B,2,4,6,6,12,13,14,14
5-C,2,4,7,8,13,13,16,17
5-D,0,0,0,0,0,0,0,0
5-E,2,4,7,7,13,14,14,16
5-F,2,6,9,10,20,22,25,14
5-G,3,6,8,8,15,17,20,12
5-H,2,6,7,7,7,7,8,7
5-I,2,4,8,8,12,13,13,9
5-J,4,4,7,9,8,9,12,9
5-K,2,4,7,7,14,15,19,12
5-L,2,4,6,8,12,14,15,11
5-M,4,4,5,6,8,9,13,15
5-N,4,4,5,7,7,9,11,13
5-O,4,4,6,7,12,13,15,11
5-P,4,6,10,13,18,20,20,12
5-Q,2,6,9,9,12,12,14,6
5-R,2,5,10,12,16,18,21,11
5-S,4,6,10,10,11,12,14,10
5-T,2,4,8,8,11,12,15,17
6-A,4,5,9,9,14,15,17,9
6-B,4,4,6,9,10,11,11,12
6-C,2,6,7,7,16,17,20,11
6-D,4,6,11,9,16,18,19,9
6-E,2,6,8,9,14,15,17,12
6-F,2,6,9,10,12,14,16,7
6-G,0,0,0,0,0,0,0,0
6-H,0,0,0,0,0,0,0,0
6-I,2,6,10,11,9,9,8,8
6-J,2,4,4,4,5,6,9,7
6-K,4,6,9,8,10,10,14,13
6-L,2,6,9,10,11,10,14,13
6-M,2,4,9,9,15,12,14,13
6-N,0,4,5,8,8,9,13,10
6-O,4,6,7,8,12,12,15,10
6-P,2,6,10,11,13,12,15,6
6-Q,0,0,0,0,0,0,0,0
6-R,2,5,8,9,12,11,14,10
6-S,4,6,10,11,14,11,12,12
6-T,2,4,8,10,12,10,11,12
7-A,4,5,4,5,14,16,19,16
7-B,4,6,7,8,9,10,11,7
7-C,2,4,6,7,10,12,13,6
7-D,4,5,5,7,13,14,15,10
7-E,3,4,6,7,17,19,20,8
7-F,2,4,8,9,8,9,13,6
7-G,4,6,7,9,10,12,16,10
7-H,2,2,5,8,8,9,10,5
7-I,2,4,6,7,9,10,13,4
7-J,4,6,7,9,10,10,14,9
7-K,4,6,6,8,15,18,19,13
7-L,2,2,5,8,15,18,20,12
7-M,3,4,6,6,11,12,14,11
7-N,2,4,6,6,12,13,16,10
7-O,2,6,7,10,16,18,20,10
7-P,4,6,8,9,9,9,13,5
7-Q,2,4,4,7,9,10,10,6
7-R,0,0,0,0,0,0,0,0
7-S,0,0,0,0,0,0,0,0
7-T,4,6,10,10,10,10,10,4
8-A,2,4,8,9,14,15,18,10
8-B,4,5,8,10,19,22,23,13
8-C,4,4,7,8,14,16,17,12
8-D,2,5,9,9,14,18,20,14
8-E,2,4,7,9,17,19,20,9
8-F,2,4,6,8,8,8,10,5
8-G,3,6,10,11,16,18,21,11
8-H,0,0,0,0,0,0,0,0
8-I,2,6,10,10,22,22,23,16
8-J,2,2,5,7,0,0,0,0
8-K,2,4,7,9,14,13,17,12
8-L,2,4,8,10,14,15,16,17
8-M,2,2,6,9,10,10,14,9
8-N,2,0,0,0,0,0,0,0
8-O,2,4,7,8,12,12,14,6
8-P,0,0,0,0,0,0,0,0
8-Q,4,5,8,10,13,12,13,13
8-R,0,0,0,0,0,0,0,0
8-S,2,4,5,7,9,10,11,4
8-T,4,6,10,12,17,18,20,11
9-A,2,4,6,7,13,14,15,12
9-B,2,8,12,13,15,18,22,13
9-C,2,4,6,8,13,15,17,10
9-D,2,4,8,10,16,18,19,11
9-E,4,4,8,10,16,18,19,10
9-F,2,4,6,7,7,9,10,8
9-G,2,4,4,6,6,6,7,5
9-H,2,4,8,10,14,15,18,11
9-I,4,6,9,11,15,16,18,12
9-J,2,4,7,11,11,13,14,15
9-K,4,4,8,8,11,13,13,6
9-L,2,4,6,9,13,14,17,13
9-M,4,4,7,8,11,12,12,11
9-N,4,4,6,7,7,8,11,12
9-O,4,5,8,9,12,13,17,11
9-P,4,6,10,10,16,17,18,12
9-Q,4,4,8,12,14,15,16,13
9-R,4,4,6,8,12,12,12,13
9-S,4,4,5,10,14,14,18,15
9-T,4,4,6,9,11,11,12,11
10-A,2,6,10,12,20,21,22,20
10-B,2,4,8,10,17,18,19,12
10-C,2,6,8,9,15,14,17,26
10-D,2,6,10,12,19,17,20,30
10-E,2,2,4,5,9,9,12,14
10-F,2,4,8,9,7,9,10,9
10-G,3,6,11,12,17,17,21,18
10-H,2,6,8,9,10,14,17,12
10-I,2,6,11,11,29,30,33,18
10-J,2,6,10,10,12,19,22,16
10-K,2,4,6,7,10,13,16,18
10-L,2,4,7,8,13,17,17,18
10-M,2,6,10,15,20,20,22,24
10-N,4,6,11,12,21,21,25,13
10-O,4,6,10,11,16,17,19,21
10-P,2,5,12,13,17,18,20,8
10-Q,2,2,6,7,9,9,9,13
10-R,2,6,10,17,21,21,22,16
10-S,2,6,10,11,15,15,19,21
10-T,0,0,0,0,0,0,0,0
11-A,2,4,6,6,12,13,16,13
11-B,2,4,8,8,17,18,21,14
11-C,2,6,8,9,20,20,22,8
11-D,2,4,5,6,9,10,10,14
11-E,4,6,11,12,14,10,12,8
11-F,2,6,10,10,14,14,16,13
11-G,2,4,7,8,25,26,29,16
11-H,2,6,10,11,10,10,11,6
11-I,0,0,0,0,0,0,0,0
11-J,4,6,9,12,16,16,18,13
11-K,4,4,7,8,12,13,14,10
11-L,2,4,6,7,11,12,16,12
11-M,4,6,9,9,7,7,10,4
11-N,0,0,0,0,0,0,0,0
11-O,4,7,11,12,10,13,14,9
11-P,4,6,9,10,13,15,16,11
11-Q,4,6,9,10,15,16,20,9
11-R,0,0,0,0,0,0,0,0
11-S,4,4,8,10,11,11,14,8
11-T,4,6,9,11,9,9,12,3
12-A,2,4,6,7,12,12,13,7
12-B,2,6,10,10,15,16,18,10
12-C,2,4,8,9,14,14,17,5
12-D,0,0,0,0,0,0,0,0
12-E,0,0,0,0,0,0,0,0
12-F,2,4,8,9,12,12,13,10
12-G,2,2,4,7,7,8,10,11
12-H,0,0,0,0,0,0,0,0
12-I,0,0,0,0,0,0,0,0
12-J,0,0,0,0,0,0,0,0
12-K,4,4,5,8,9,8,9,13
12-L,2,4,6,7,10,10,12,17
12-M,0,0,0,0,0,0,0,0
12-N,0,0,0,0,0,0,0,0
12-O,0,0,0,0,0,0,9,0
12-P,0,0,0,0,0,0,0,0
12-Q,0,0,0,0,0,0,0,0
12-R,0,0,0,0,0,0,0,0
12-S,2,3,5,7,11,12,14,9
12-T,0,0,0,0,0,0,0,0
13-A,4,6,9,10,17,18,19,13
13-B,4,6,10,10,14,16,18,10
13-C,4,4,7,7,13,13,17,10
13-D,4,5,6,8,13,13,15,10
13-E,2,4,8,9,16,16,16,13
13-F,2,5,9,10,18,18,20,22
13-G,4,6,10,12,13,13,13,9
13-H,2,5,9,12,19,19,22,21
13-I,2,4,6,7,13,13,14,14
13-J,4,4,6,8,11,11,15,14
13-K,4,4,6,11,13,15,18,23
13-L,4,4,7,11,13,13,15,18
13-M,2,4,6,7,7,9,10,7
13-N,2,5,7,8,11,11,13,11
13-O,4,7,10,12,14,15,17,12
13-P,4,6,8,12,15,15,16,20
13-Q,2,4,9,10,14,14,14,17
13-R,2,4,9,9,17,17,19,13
13-S,2,6,10,13,16,16,17,17
13-T,0,0,0,0,0,0,0,0
14-A,4,6,9,11,16,18,21,17
14-B,4,5,8,10,19,20,21,22
14-C,4,4,6,9,13,14,17,16
14-D,4,5,8,9,14,15,18,10
14-E,2,8,9,10,11,11,15,5
14-F,4,6,9,12,21,22,25,25
14-G,4,4,6,6,14,14,14,18
14-H,4,6,11,12,16,18,20,17
14-I,2,4,6,6,9,10,13,7
14-J,2,4,8,9,9,9,11,8
14-K,2,4,9,10,11,11,14,7
14-L,2,4,7,9,8,10,13,7
14-M,2,4,5,6,7,7,10,17
14-N,0,0,0,0,0,0,0,0
14-O,4,7,8,8,9,10,10,11
14-P,4,6,8,11,14,16,17,9
14-Q,4,6,10,11,12,15,16,19
14-R,4,6,10,10,10,10,13,13
14-S,4,4,6,7,10,13,14,24
14-T,2,4,6,7,8,9,9,9
15-A,2,4,6,7,13,13,14,21
15-B,4,6,9,11,15,15,17,17
15-C,4,6,6,6,9,10,11,20
15-D,2,6,10,9,13,13,15,14
15-E,4,4,6,8,12,12,15,10
15-F,2,4,7,7,12,12,16,8
15-G,2,6,8,9,17,18,20,18
15-H,2,4,5,6,10,10,10,20
15-I,4,6,8,9,18,18,21,9
15-J,2,4,6,8,12,13,14,21
15-K,2,5,9,8,8,8,8,13
15-L,2,4,8,10,9,11,14,13
15-M,4,6,11,13,13,13,14,23
15-N,2,5,9,9,9,9,10,16
15-O,4,4,9,10,7,8,12,15
15-P,2,4,7,7,8,8,10,22
15-Q,2,4,8,9,14,15,16,21
15-R,2,4,7,11,18,20,24,31
15-S,2,3,4,7,7,12,12,12
15-T,2,4,9,8,12,12,13,11
16-A,0,0,0,0,0,0,0,0
16-B,4,5,6,6,7,7,9,4
16-C,2,5,7,8,5,5,6,4
16-D,2,4,5,8,7,7,8,4
16-E,4,6,7,12,12,12,12,2
16-F,4,7,10,11,12,15,18,12
16-G,4,4,8,9,11,13,17,9
16-H,4,4,7,8,12,12,13,5
16-I,4,6,9,11,11,11,13,6
16-J,4,6,9,10,10,10,12,10
16-K,2,4,7,8,8,8,9,4
16-L,4,4,8,8,8,8,9,6
16-M,2,2,2,5,5,5,6,0
16-N,2,4,7,11,11,11,14,7
16-O,2,4,8,9,9,9,9,0
16-P,4,4,6,6,6,8,10,5
16-Q,2,6,9,9,10,15,15,9
16-R,2,5,5,7,7,15,15,9
16-S,2,4,5,7,7,7,9,0
16-T,4,4,6,8,9,10,10,0
17-A,4,4,4,4,7,9,9,7
17-B,2,4,8,7,11,11,13,10
17-C,2,2,4,6,8,11,13,0
17-D,2,4,6,7,11,8,11,12
17-E,2,4,6,6,14,15,15,15
17-F,4,4,6,6,10,10,14,13
17-G,2,5,8,7,10,10,13,11
17-H,2,5,9,9,13,13,14,25
17-I,2,6,10,10,16,18,21,17
17-J,4,4,4,5,17,18,19,26
17-K,4,6,8,8,8,8,8,13
17-L,4,6,8,12,14,16,17,13
17-M,4,6,9,12,10,10,12,13
17-N,4,6,9,11,13,13,14,20
17-O,4,6,8,9,10,12,15,21
17-P,0,0,0,0,0,0,0,0
17-Q,0,0,0,0,0,0,0,0
17-R,0,0,0,0,0,0,0,0
17-S,0,0,0,0,0,0,0,0
17-T,0,0,0,0,0,0,0,0
18-A,0,0,0,0,0,0,0,0
18-B,0,0,0,0,0,0,0,0
18-C,0,0,0,0,0,0,0,0
18-D,0,0,0,0,0,0,0,0
18-E,0,0,0,0,0,0,0,0
18-F,0,0,0,0,0,0,0,0
18-G,0,0,0,0,0,0,0,0
18-H,0,0,0,0,0,0,0,0
18-I,0,0,0,0,0,0,0,0
18-J,0,0,0,0,0,0,0,0
18-K,0,0,0,0,0,0,0,0
18-L,0,0,0,0,0,0,0,0
18-M,0,0,0,0,0,0,0,0
18-N,0,0,0,0,0,0,0,0
18-O,0,0,0,0,0,0,0,0
18-P,0,0,0,0,0,0,0,0
18-Q,0,0,0,0,0,0,0,0
18-R,0,0,0,0,0,0,0,0
18-S,0,0,0,0,0,0,0,0
18-T,0,0,0,0,0,0,0,0
19-A,4,5,8,11,14,14,14,10
19-B,4,7,9,10,12,12,15,8
19-C,2,4,6,8,11,12,14,20
19-D,2,6,9,11,5,5,6,0
19-E,3,5,7,7,8,10,11,10
19-F,2,6,9,10,11,12,16,11
19-G,4,6,11,14,16,18,19,12
19-H,4,4,5,6,13,15,16,13
19-I,2,5,9,10,13,13,16,7
19-J,2,6,9,9,15,15,17,26
19-K,2,4,6,10,11,12,12,17
19-L,4,4,9,11,9,9,12,15
19-M,4,6,8,9,8,9,10,2
19-N,0,0,0,0,0,0,0,0
19-O,0,0,0,0,0,0,0,0
19-P,4,6,7,9,13,14,16,14
19-Q,2,0,0,0,0,0,11,0
19-R,4,4,13,14,10,12,15,11
19-S,0,0,0,0,0,0,0,0
19-T,2,6,9,10,11,12,14,15
20-A,4,6,10,11,11,11,15,4
20-B,2,4,6,8,12,12,15,6
20-C,2,2,6,9,9,9,13,3
20-D,2,2,5,10,10,12,14,11
20-E,3,7,12,13,10,10,14,4
20-F,4,6,10,11,14,14,17,23
20-G,2,4,6,7,9,9,12,10
20-H,2,5,7,8,15,16,19,19
20-I,2,4,8,8,14,14,17,14
20-J,4,4,8,9,13,13,15,8
20-K,4,4,7,8,10,10,12,0
20-L,2,6,6,8,8,8,9,0
20-M,4,4,7,8,9,9,12,17
20-N,2,4,9,10,11,11,11,10
20-O,2,8,10,10,11,11,13,19
20-P,4,6,8,9,10,10,11,11
20-Q,2,6,10,13,12,14,18,11
20-R,2,4,7,10,10,10,10,9
20-S,4,6,7,9,11,11,13,17
20-T,2,6,10,11,13,14,14,11
21-A,2,7,8,7,7,7,9,3
21-B,4,6,8,8,8,8,10,2
21-C,4,6,11,21,21,21,23,15
21-D,2,4,8,8,10,10,13,5
21-E,3,5,9,10,9,9,12,6
21-F,2,4,6,8,14,14,18,16
21-G,4,6,9,8,9,9,11,17
21-H,2,4,7,9,15,15,15,13
21-I,4,4,8,9,10,10,13,12
21-J,2,4,7,8,12,13,14,18
21-K,2,3,5,6,6,6,7,18
21-L,0,0,0,0,0,0,0,0
21-M,4,4,8,8,8,8,10,15
21-N,2,4,5,8,9,9,12,10
21-O,2,6,8,9,9,9,11,3
21-P,4,6,9,9,9,9,10,8
21-Q,4,6,9,8,10,11,13,13
21-R,2,4,12,12,11,11,13,8
21-S,2,6,9,9,10,10,11,10
21-T,4,6,9,10,11,11,14,9
22-A,4,6,8,9,9,9,10,15
22-B,4,7,13,14,12,12,15,4
22-C,4,6,9,9,7,7,7,3
22-D,2,5,8,11,9,13,14,6
22-E,4,5,9,11,10,10,13,9
22-F,4,5,9,9,12,12,15,9
22-G,2,6,9,8,16,16,18,11
22-H,2,4,6,7,15,15,16,11
22-I,4,4,8,13,20,20,23,13
22-J,4,7,9,12,15,16,18,10
22-K,2,6,10,11,14,14,17,21
22-L,2,5,7,13,13,13,17,12
22-M,4,7,10,11,7,7,10,10
22-N,2,4,8,9,7,7,11,20
22-O,2,4,8,11,8,9,10,14
22-P,4,6,9,9,8,8,8,11
22-Q,2,4,8,9,8,8,10,7
22-R,2,5,8,9,10,10,11,8
22-S,4,6,7,10,9,9,13,8
22-T,4,6,8,10,12,12,13,13
23-A,4,7,12,13,18,18,19,13
23-B,4,7,10,15,24,24,24,14
23-C,4,6,10,12,13,13,14,17
23-D,4,8,11,12,14,15,17,14
23-E,4,8,10,13,18,18,22,17
23-F,4,7,11,8,12,13,15,18
23-G,4,7,8,8,12,12,13,8
23-H,2,4,4,7,7,7,10,0
23-I,2,6,10,11,14,14,17,15
23-J,2,3,5,7,7,7,11,0
23-K,3,8,9,8,15,15,19,5
23-L,4,8,9,10,8,8,12,10
23-M,3,7,11,12,18,19,22,9
23-N,4,6,10,10,13,13,15,16
23-O,4,6,13,14,24,24,25,9
23-P,4,6,8,9,10,12,14,12
23-Q,4,7,9,11,15,15,18,17
23-R,4,6,6,7,15,15,17,15
23-S,4,6,9,11,13,13,14,14
23-T,4,6,7,8,15,15,18,16
24-A,0,0,0,0,0,0,0,0
24-B,2,3,3,5,8,8,12,9
24-C,2,3,4,5,8,8,12,0
24-D,2,6,8,10,13,13,15,10
24-E,2,6,9,9,11,11,14,11
24-F,2,2,3,6,6,6,10,0
24-G,0,0,0,0,0,0,0,0
24-H,0,0,0,0,0,0,0,0
24-I,0,0,0,0,0,0,0,0
24-J,2,4,7,7,9,9,11,6
24-K,2,4,6,8,14,14,14,12
24-L,2,2,6,7,16,16,19,8
24-M,2,6,6,8,14,14,16,11
24-N,2,2,5,6,9,11,12,10
24-O,2,5,7,6,13,13,15,0
24-P,2,4,6,7,11,12,14,16
24-Q,2,5,7,8,11,11,15,5
24-R,2,4,7,7,12,12,15,9
24-S,2,2,6,9,17,17,19,11
24-T,2,4,6,8,15,15,17,14
25-A,4,8,11,13,13,15,18,12
25-B,4,8,8,13,13,14,17,13
25-C,5,6,6,10,10,10,13,9
25-D,4,9,12,12,12,13,14,9
25-E,4,7,9,11,11,11,11,0
25-F,4,6,7,8,8,8,11,0
25-G,4,8,9,10,10,10,12,6
25-H,5,9,7,8,8,8,8,3
25-I,2,2,3,5,10,12,16,9
25-J,4,8,7,9,10,11,14,9
25-K,4,4,6,7,7,7,9,0
25-L,6,9,8,9,9,9,10,6
25-M,4,8,8,10,10,10,14,6
25-N,4,8,9,11,11,12,14,6
25-O,4,6,7,8,9,10,11,6
25-P,4,7,6,6,6,8,10,0
25-Q,4,6,7,9,9,9,12,0
25-R,4,7,7,7,7,7,8,0
25-S,4,7,7,8,8,8,10,0
25-T,4,6,6,7,8,9,10,0
26-A,4,7,9,12,15,15,17,5
26-B,4,7,7,11,11,11,13,8
26-C,4,5,12,13,13,13,15,10
26-D,4,4,8,9,13,13,16,5
26-E,2,6,9,10,11,13,16,0
26-F,4,7,7,8,8,8,11,6
26-G,4,6,9,11,11,11,11,0
26-H,2,6,6,6,12,13,14,14
26-I,2,2,6,6,9,9,11,0
26-J,2,4,7,8,9,9,12,0
26-K,2,5,8,9,16,16,18,10
26-L,2,2,4,7,12,12,13,8
26-M,2,4,8,12,13,13,13,7
26-N,2,4,6,7,7,7,7,0
26-O,2,4,7,8,12,13,17,11
26-P,2,2,6,8,8,8,9,15
26-Q,2,4,6,9,9,9,9,0
26-R,2,5,8,11,12,12,13,9
26-S,2,4,5,7,8,8,9,0
26-T,2,4,6,7,10,10,14,17
27-A,3,7,11,11,11,11,12,0
27-B,2,4,5,8,8,8,8,0
27-C,4,7,6,8,8,10,13,6
27-D,4,7,11,12,12,12,14,2
27-E,4,7,7,8,8,8,11,0
27-F,3,4,11,12,13,12,12,0
27-G,3,7,10,13,13,12,16,6
27-H,4,8,7,9,9,9,11,0
27-I,4,8,10,11,11,11,15,6
27-J,4,8,8,9,9,9,12,3
27-K,4,6,7,9,9,9,13,3
27-L,4,5,6,8,9,9,11,0
27-M,4,7,5,7,8,9,12,0
27-N,2,6,9,11,12,13,17,6
27-O,3,6,9,10,11,13,14,0
27-P,4,6,6,8,8,9,10,0
27-Q,3,5,6,6,8,9,11,5
27-R,4,7,7,8,8,11,15,0
27-S,4,6,8,9,10,11,11,6
27-T,4,6,8,9,10,12,14,5
28-A,4,9,10,11,15,16,20,10
28-B,4,7,8,9,13,15,16,6
28-C,4,6,8,9,14,15,19,5
28-D,4,6,5,7,11,13,14,7
28-E,4,6,8,9,10,11,14,11
28-F,5,8,8,9,9,9,13,3
28-G,5,6,8,8,8,8,11,
28-H,4,8,11,12,12,12,12,0
28-I,4,8,9,11,11,11,14,6
28-J,2,7,10,11,11,11,11,5
28-K,4,4,6,7,11,12,14,6
28-L,2,6,8,9,10,12,15,8
28-M,2,6,7,7,11,11,11,11
28-N,4,4,6,8,8,8,8,7
28-O,4,5,9,10,11,12,12,3
28-P,2,4,8,9,14,15,15,12
28-Q,2,6,9,9,14,15,15,7
28-R,2,7,9,11,11,12,14,0
28-S,2,6,8,10,12,13,15,10
28-T,4,7,10,11,11,11,11,7
29-A,2,4,8,10,18,19,20,9
29-B,4,5,7,9,10,11,13,9
29-C,4,7,8,9,13,15,19,10
29-D,2,4,12,13,13,13,16,2
29-E,2,4,6,11,13,15,18,12
29-F,2,4,7,8,11,12,14,15
29-G,2,4,7,9,11,19,19,17
29-H,2,4,8,10,13,15,18,5
29-I,2,6,8,9,11,11,14,10
29-J,2,7,8,9,9,9,11,11
29-K,2,4,7,8,10,11,14,10
29-L,4,6,9,10,11,11,12,9
29-M,2,4,6,7,10,10,11,8
29-N,4,4,7,7,12,13,14,8
29-O,2,4,6,8,12,14,18,14
29-P,2,6,12,12,16,17,17,11
29-Q,2,4,8,8,12,13,15,12
29-R,2,4,8,9,14,15,16,15
29-S,2,4,8,8,9,9,10,6
29-T,2,4,7,8,12,12,13,16
30-A,4,7,10,10,12,12,12,5
30-B,0,0,0,0,0,0,0,0
30-C,4,6,12,13,13,13,15,3
30-D,4,6,9,10,9,9,10,3
30-E,2,6,9,11,13,15,18,3
30-F,4,6,9,11,11,11,11,10
30-G,4,7,9,10,12,12,16,18
30-H,2,5,8,9,8,9,11,6
30-I,2,4,7,9,10,10,10,14
30-J,2,4,6,7,11,12,16,20
30-K,4,6,8,9,13,14,18,9
30-L,4,5,7,7,11,11,14,8
30-M,2,8,8,9,9,9,13,0
30-N,4,6,9,9,8,9,11,5
30-O,4,6,9,9,10,10,14,17
30-P,2,6,8,8,10,11,11,8
30-Q,2,4,8,9,14,15,17,7
30-R,2,2,4,5,9,10,13,11
30-S,2,4,4,7,8,9,12,8
30-T,2,6,8,9,9,9,10,21
31-A,4,6,9,12,13,14,15,9
31-B,2,6,10,10,15,16,18,10
31-C,2,6,9,10,10,10,13,0
31-D,4,4,7,9,23,23,26,19
31-E,4,6,9,10,12,12,14,7
31-F,4,6,8,9,15,16,20,6
31-G,2,6,5,7,7,7,11,0
31-H,4,6,9,11,11,11,12,5
31-I,2,5,7,8,14,16,18,5
31-J,2,4,7,7,10,10,13,12
31-K,4,2,4,5,5,5,9,5
31-L,2,4,6,6,6,6,8,5
31-M,2,7,9,11,11,11,13,8
31-N,2,4,7,8,10,10,13,16
31-O,2,6,5,8,8,8,9,0
31-P,4,4,7,7,11,11,12,6
31-Q,2,4,6,6,8,10,11,0
31-R,2,4,5,6,8,11,14,12
31-S,2,4,7,10,10,10,14,6
31-T,2,4,7,7,10,10,12,0
32-A,4,6,7,15,15,16,18,10
32-B,4,5,7,7,13,14,17,0
32-C,4,6,8,12,11,11,14,0
32-D,2,5,7,8,8,8,12,0
32-E,2,4,6,9,9,9,12,0
32-F,4,6,8,8,9,9,12,6
32-G,4,6,8,9,9,9,10,0
32-H,4,7,8,9,9,9,13,0
32-I,4,2,6,8,8,9,12,0
32-J,4,6,11,12,13,14,15,8
32-K,2,6,8,9,9,9,13,0
32-L,2,4,5,7,7,7,8,0
32-M,2,6,7,8,8,8,11,0
32-N,4,6,7,9,9,9,12,0
32-O,4,6,7,9,9,10,13,0
32-P,4,6,6,6,6,6,10,0
32-Q,4,6,12,13,13,13,17,0
32-R,4,6,8,9,11,11,14,0
32-S,4,6,7,8,8,8,9,0
32-T,2,5,7,9,9,9,10,4
33-A,2,4,8,9,9,9,10,2
33-B,0,0,0,0,0,0,0,0
33-C,2,6,8,9,18,20,21,10
33-D,2,6,8,10,14,15,16,5
33-E,2,6,7,9,15,16,20,9
33-F,2,4,4,6,6,9,13,12
33-G,2,4,5,8,9,9,10,7
33-H,2,4,4,6,6,6,10,0
33-I,2,2,4,6,6,6,9,0
33-J,2,5,6,6,9,9,12,9
33-K,2,2,4,8,10,10,12,6
33-L,2,4,7,6,9,9,13,6
33-M,2,4,7,7,8,8,11,4
33-N,2,4,8,7,9,9,11,7
33-O,2,6,7,8,7,8,10,4
33-P,2,2,6,9,13,14,18,10
33-Q,2,6,7,7,13,13,16,4
33-R,2,5,15,16,16,16,16,10
33-S,2,6,10,10,10,11,13,0
33-T,2,4,7,8,11,12,12,5
34-A,2,6,6,8,8,8,9,0
34-B,4,5,11,10,15,15,16,11
34-C,2,6,8,8,12,12,14,8
34-D,4,6,11,13,11,11,13,3
34-E,2,3,6,8,8,8,9,0
34-F,2,5,9,10,16,16,19,15
34-G,2,2,6,9,11,11,11,4
34-H,2,4,9,11,10,11,14,4
34-I,2,6,7,10,13,14,15,6
34-J,2,5,9,9,16,16,18,8
34-K,2,4,11,13,17,17,20,10
34-L,2,4,8,10,14,14,14,6
34-M,2,6,7,9,6,8,9,7
34-N,2,6,9,11,21,21,23,10
34-O,2,2,3,6,6,6,10,0
34-P,2,6,8,10,16,18,21,12
34-Q,2,5,8,9,16,18,22,13
34-R,2,6,8,12,18,20,22,13
34-S,2,2,4,7,7,7,10,0
34-T,2,7,8,9,12,12,13,5
35-A,4,7,11,12,15,16,19,0
35-B,2,5,8,9,15,16,18,17
35-C,2,8,9,11,11,11,12,9
35-D,2,4,9,9,18,19,21,10
35-E,4,7,10,12,17,18,20,0
35-F,2,4,6,9,9,9,12,6
35-G,4,7,10,12,16,18,21,6
35-H,2,6,7,7,9,10,14,0
35-I,2,3,7,8,16,18,19,10
35-J,4,5,8,8,9,11,12,13
35-K,2,4,8,8,14,15,16,14
35-L,4,4,4,6,8,9,11,0
35-M,2,6,10,12,18,20,23,13
35-N,2,5,11,11,26,26,30,11
35-O,2,5,6,10,15,16,18,10
35-P,0,0,0,0,0,0,0,0
35-Q,4,7,9,10,16,15,15,0
35-R,3,4,8,9,12,13,14,0
35-S,4,6,9,10,17,18,19,0
35-T,2,5,9,8,15,16,18,0
36-A,4,6,8,9,14,16,19,0
36-B,4,4,10,11,16,18,19,9
36-C,4,6,10,11,17,18,18,11
36-D,2,4,8,9,11,12,13,9
36-E,2,5,8,9,15,16,17,3
36-F,2,2,4,5,8,9,12,8
36-G,2,4,6,7,7,7,9,5
36-H,4,6,8,8,11,12,14,0
36-I,2,4,6,7,11,12,14,2
36-J,2,4,8,10,16,18,20,8
36-K,2,4,8,10,18,20,22,12
36-L,2,6,6,9,12,13,17,11
36-M,4,6,9,9,17,18,19,12
36-N,2,5,6,7,7,7,10,0
36-O,2,5,8,9,13,15,17,0
36-P,2,6,8,9,9,9,11,0
36-Q,4,4,7,9,9,9,10,0
36-R,2,4,6,9,17,18,19,13
36-S,2,6,7,8,13,14,15,10
36-T,2,8,8,9,12,14,17,0
37-A,4,5,8,9,9,9,11,0
37-B,2,6,8,10,12,13,14,0
37-C,6,6,9,11,13,14,16,8
37-D,4,5,11,11,12,14,15,0
37-E,3,6,9,10,12,13,17,0
37-F,2,6,8,11,11,12,14,0
37-G,2,5,8,9,11,12,13,6
37-H,2,2,5,7,7,7,9,0
37-I,5,6,10,11,12,12,12,0
37-J,2,6,9,9,19,20,21,10
37-K,2,6,8,9,11,12,14,0
37-L,2,4,10,11,8,9,11,0
37-M,4,4,9,11,8,8,8,2
37-N,2,6,8,9,12,13,16,0
37-O,2,6,10,11,11,12,16,10
37-P,2,8,8,8,8,8,11,0
37-Q,3,5,7,8,8,8,12,2
37-R,4,6,6,8,8,8,8,0
37-S,0,0,0,0,0,0,0,0
37-T,4,6,8,8,10,11,13,4
38-A,2,4,7,8,16,18,18,0
38-B,2,6,10,11,12,12,14,0
38-C,2,5,9,10,16,18,19,10
38-D,2,4,8,9,18,20,21,10
38-E,2,5,9,10,10,10,13,0
38-F,2,2,6,9,12,13,16,7
38-G,4,4,8,9,16,18,22,4
38-H,2,4,8,9,9,9,10,0
38-I,4,6,10,11,12,14,15,3
38-J,2,8,11,12,12,14,17,0
38-K,4,5,10,11,14,18,20,3
38-L,2,4,8,9,12,12,14,4
38-M,4,6,6,7,15,16,16,4
38-N,4,7,8,9,9,9,12,3
38-O,2,5,8,10,10,10,13,0
38-P,4,6,8,9,12,13,15,2
38-Q,3,6,8,11,11,11,12,4
38-R,2,4,7,7,8,9,13,5
38-S,2,4,8,9,9,9,11,1
38-T,2,6,6,7,10,12,12,0
39-A,2,6,8,9,9,9,9,0
39-B,2,6,10,11,13,14,18,9
39-C,2,4,8,9,15,16,17,6
39-D,4,5,10,11,16,17,20,10
39-E,2,2,4,6,8,9,10,0
39-F,2,6,9,11,11,11,12,0
39-G,2,7,11,13,14,15,15,8
39-H,2,4,8,9,12,13,15,0
39-I,2,5,8,9,9,9,11,0
39-J,2,4,7,7,13,14,17,0
39-K,2,4,7,8,8,9,12,0
39-L,2,6,9,10,10,10,12,0
39-M,5,6,11,12,13,14,15,0
39-N,2,2,9,10,10,10,13,0
39-O,4,4,9,11,16,18,21,10
39-P,2,4,6,8,12,13,13,0
39-Q,0,0,0,0,0,0,0,0
39-R,4,6,9,11,11,12,13,6
39-S,4,6,9,10,10,10,12,0
39-T,4,6,8,9,9,9,12,3
40-A,2,5,8,9,14,14,14,0
40-B,2,6,9,9,12,13,14,0
40-C,2,5,8,9,10,12,14,0
40-D,2,5,8,8,11,12,14,0
40-E,2,5,6,8,8,12,13,4
40-F,2,5,9,10,10,10,12,0
40-G,4,6,10,11,12,12,12,0
40-H,2,5,9,10,22,22,24,12
40-I,2,6,9,11,11,12,15,0
40-J,2,5,8,9,9,9,9,0
40-K,4,7,6,8,10,11,12,3
40-L,2,7,7,8,12,12,14,0
40-M,4,6,9,11,15,16,18,0
40-N,2,5,6,7,12,13,14,0
40-O,2,6,6,7,11,12,13,9
40-P,4,6,8,9,9,9,9,0
40-Q,3,4,7,8,8,8,10,5
40-R,0,0,0,0,0,0,0,0
40-S,4,5,8,9,9,9,11,5
40-T,2,4,8,10,10,10,12,4
41-A,4,6,9,9,10,11,13,4
41-B,4,7,9,12,13,14,18,9
41-C,4,6,10,11,10,11,11,2
41-D,4,7,9,10,10,10,10,2
41-E,4,6,9,11,14,15,17,16
41-F,4,4,7,10,11,12,15,3
41-G,2,5,9,14,14,15,17,0
41-H,2,5,7,9,10,11,13,0
41-I,4,6,10,11,11,12,13,8
41-J,2,7,10,18,21,21,22,0
41-K,4,4,9,11,11,11,12,0
41-L,4,2,13,14,17,18,18,0
41-M,4,4,9,10,17,18,19,0
41-N,2,5,8,9,9,9,12,0
41-O,4,6,9,11,11,11,13,0
41-P,2,6,8,12,12,13,14,0
41-Q,2,4,6,8,8,8,10,0
41-R,4,6,7,14,14,14,17,10
41-S,4,4,4,5,5,5,7,5
41-T,2,4,5,6,6,6,6,0
42-A,4,7,9,9,15,16,20,7
42-B,2,4,9,10,24,24,26,17
42-C,2,4,8,9,15,15,17,6
42-D,2,2,5,8,18,20,23,14
42-E,2,4,7,9,15,16,17,8
42-F,2,4,10,11,12,13,14,3
42-G,2,4,4,8,11,11,14,9
42-H,2,5,10,10,17,18,22,0
42-I,4,4,9,12,10,10,12,9
42-J,4,6,9,9,12,12,12,10
42-K,2,6,9,10,16,17,18,4
42-L,2,5,4,10,10,10,12,0
42-M,2,5,8,9,14,15,17,5
42-N,2,6,10,14,13,15,17,0
42-O,2,6,10,11,10,10,11,5
42-P,2,2,3,4,6,6,9,0
42-Q,2,2,4,6,7,8,10,10
42-R,2,2,6,9,20,20,22,8
42-S,4,4,7,7,10,10,12,7
42-T,2,4,4,6,6,6,7,0
43-A,4,6,10,11,17,18,20,10
43-B,2,5,7,8,16,18,18,0
43-C,4,5,8,6,10,11,12,9
43-D,2,4,8,8,17,18,21,6
43-E,4,4,8,6,17,18,21,0
43-F,2,4,7,8,8,8,11,5
43-G,4,5,9,11,11,12,16,5
43-H,4,6,11,11,13,14,15,5
43-I,4,6,10,12,17,18,21,5
43-J,4,2,7,9,16,17,20,10
43-K,4,5,7,7,14,15,16,0
43-L,2,4,9,10,15,16,19,5
43-M,4,6,8,9,14,15,18,7
43-N,4,6,9,14,16,17,18,0
43-O,4,5,7,10,12,13,17,0
43-P,2,4,6,9,11,11,14,6
43-Q,4,7,9,13,13,13,16,7
43-R,2,3,6,6,8,8,9,6
43-S,4,6,7,9,9,10,12,0
43-T,2,5,5,8,10,11,13,0
44-A,0,0,0,0,0,0,0,0
44-B,0,0,0,0,0,0,0,0
44-C,0,0,0,0,0,0,0,0
44-D,0,0,0,0,0,0,0,0
44-E,0,0,0,0,0,0,0,0
44-F,4,6,7,8,9,9,9,0
44-G,2,2,8,9,9,9,11,5
44-H,3,5,8,8,9,7,9,0
44-I,3,6,7,10,11,11,12,0
44-J,0,0,0,0,0,0,0,0
44-K,0,0,0,0,0,0,0,0
44-L,0,0,0,0,0,0,0,0
44-M,0,0,0,0,0,0,0,0
44-N,0,0,0,0,0,0,0,0
44-O,0,0,0,0,0,0,0,0
44-P,4,6,7,9,10,10,14,6
44-Q,2,6,8,11,12,13,14,9
44-R,4,5,6,10,12,14,18,12
44-S,4,7,8,9,9,9,12,9
44-T,1,4,6,10,11,12,13,6
45-A,4,5,5,7,8,9,11,0
45-B,4,6,7,8,8,8,10,4
45-C,4,5,10,11,11,11,14,7
45-D,2,4,7,9,9,9,10,6
45-E,4,5,6,7,7,8,11,6
45-F,4,6,6,8,8,9,12,0
45-G,4,6,6,7,8,9,12,0
45-H,4,5,7,9,10,11,12,6
45-I,2,4,7,9,10,12,13,8
45-J,4,5,7,11,11,12,16,6
45-K,4,7,10,12,16,18,22,8
45-L,4,6,9,10,15,16,18,8
45-M,4,7,11,12,12,12,15,6
45-N,4,5,6,11,11,12,16,9
45-O,4,5,6,10,12,17,20,15
45-P,4,5,8,9,11,13,14,0
45-Q,2,5,8,6,8,9,12,5
45-R,4,6,10,11,11,12,15,7
45-S,5,5,6,7,9,10,12,7
45-T,4,6,6,7,8,10,13,8
46-A,0,0,0,0,0,0,0,0
46-B,4,6,8,9,13,14,17,15
46-C,3,4,8,9,9,9,10,12
46-D,4,6,7,8,11,11,13,10
46-E,4,4,6,7,8,9,10,0
46-F,0,0,0,0,0,0,0,0
46-G,4,6,6,7,9,10,14,6
46-H,5,4,9,10,10,11,11,13
46-I,4,4,6,7,12,13,15,6
46-J,4,5,6,7,15,16,18,13
46-K,2,6,10,10,14,16,19,17
46-L,4,6,9,9,13,14,16,12
46-M,2,6,8,9,15,21,24,17
46-N,2,6,10,11,13,15,17,12
46-O,4,4,10,12,12,12,13,7
46-P,0,0,0,0,0,0,0,0
46-Q,2,4,7,8,9,9,12,18
46-R,2,6,10,11,17,18,19,21
46-S,4,4,8,9,9,9,10,0
46-T,2,6,9,10,10,10,11,14
47-A,2,7,10,11,16,18,20,6
47-B,4,6,9,11,9,9,10,7
47-C,4,7,7,9,11,11,12,17
47-D,4,6,10,12,14,15,19,9
47-E,4,7,11,11,11,12,15,4
47-F,2,8,8,9,13,14,16,18
47-G,4,6,9,10,12,13,15,7
47-H,4,7,9,10,11,11,13,16
47-I,5,6,5,6,9,10,11,15
47-J,4,7,7,7,8,10,14,14
47-K,4,4,7,8,9,9,12,8
47-L,4,6,10,12,14,19,22,27
47-M,4,6,10,10,15,19,19,30
47-N,4,6,10,12,11,12,14,6
47-O,4,7,9,11,13,13,15,8
47-P,4,4,8,9,8,8,10,18
47-Q,4,6,11,12,11,11,13,5
47-R,4,7,10,12,14,15,18,20
47-S,2,5,10,11,15,16,19,20
47-T,2,4,9,10,8,8,10,27
48-A,4,7,6,8,18,19,22,12
48-B,4,6,9,10,10,10,14,0
48-C,4,6,10,11,13,13,14,12
48-D,2,4,7,8,9,10,11,10
48-E,4,6,8,9,9,9,9,5
48-F,4,4,5,7,7,7,8,10
48-G,3,4,6,8,15,15,18,6
48-H,2,4,4,5,9,10,13,0
48-I,2,4,6,8,10,11,13,13
48-J,2,4,7,8,16,18,19,10
48-K,2,4,9,11,11,12,15,0
48-L,4,6,9,10,15,16,17,13
48-M,4,4,9,10,11,12,13,15
48-N,4,6,8,9,12,13,16,0
48-O,2,6,9,9,15,16,17,9
48-P,2,6,9,11,11,11,14,23
48-Q,2,5,6,8,9,10,11,0
48-R,2,5,6,8,10,11,13,17
48-S,2,3,5,7,8,9,11,5
48-T,0,0,0,0,0,0,0,0
49-A,0,0,0,0,0,0,0,0
49-B,0,0,0,0,0,0,0,0
49-C,0,0,0,0,0,0,0,0
49-D,0,0,0,0,0,0,0,0
49-E,0,0,0,0,0,0,0,0
49-F,0,0,0,0,0,0,0,0
49-G,0,0,0,0,0,0,0,0
49-H,0,0,0,0,0,0,0,0
49-I,0,0,0,0,0,0,0,0
49-J,0,0,0,0,0,0,0,0
49-K,0,0,0,0,0,0,0,0
49-L,0,0,0,0,0,0,0,0
49-M,0,0,0,0,0,0,0,0
49-N,0,0,0,0,0,0,0,0
49-O,0,0,0,0,0,0,0,0
49-P,0,0,0,0,0,0,0,0
49-Q,0,0,0,0,0,0,0,0
49-R,0,0,0,0,0,0,0,0
49-S,0,0,0,0,0,0,0,0
49-T,0,0,0,0,0,0,0,0
50-A,4,6,7,8,8,8,12,7
50-B,4,5,7,9,10,10,14,6
50-C,4,6,8,9,9,10,13,6
50-D,2,6,9,10,10,10,13,0
50-E,4,4,6,9,9,10,12,5
50-F,4,6,7,9,10,11,11,0
50-G,2,3,6,7,8,9,12,0
50-H,4,4,5,8,8,8,12,8
50-I,4,5,7,9,11,11,14,9
50-J,4,6,10,11,18,20,23,12
50-K,4,7,9,11,16,18,21,11
50-L,2,5,7,9,11,11,13,10
50-M,2,6,8,10,10,10,13,9
50-N,2,6,8,10,10,10,13,7
50-O,4,7,7,8,11,12,14,7
50-P,2,6,8,9,12,12,12,0
50-Q,4,6,8,10,13,14,14,8
50-R,4,6,9,10,10,12,14,7
50-S,2,5,8,9,11,11,13,5
50-T,4,6,8,9,9,10,14,7
51-A,4,6,7,10,10,11,14,9
51-B,4,7,8,9,10,11,11,6
51-C,4,7,10,11,12,13,14,5
51-D,4,7,8,9,9,9,12,0
51-E,2,6,8,10,12,12,12,8
51-F,4,6,6,8,8,9,12,0
51-G,4,6,6,8,11,10,11,14
51-H,4,6,10,11,11,12,13,0
51-I,2,7,11,12,12,13,14,14
51-J,3,6,6,9,10,11,12,0
51-K,4,6,10,11,14,15,18,25
51-L,2,6,9,10,12,13,16,16
51-M,4,7,8,9,15,16,16,11
51-N,4,7,9,9,11,12,13,10
51-O,2,7,8,10,11,12,16,13
51-P,2,7,10,12,11,13,14,14
51-Q,4,6,9,10,10,11,14,6
51-R,2,6,9,11,11,12,13,0
51-S,2,6,10,11,11,12,12,18
51-T,2,6,9,10,14,14,14,20
52-A,4,7,10,10,16,18,21,10
52-B,4,7,8,11,13,15,19,0
52-C,4,7,9,10,13,14,17,0
52-D,2,4,7,10,17,19,21,10
52-E,4,5,7,12,13,14,18,9
52-F,4,8,9,11,15,16,18,17
52-G,5,7,9,10,15,16,17,10
52-H,2,6,7,8,8,9,11,5
52-I,4,7,8,8,12,12,14,11
52-J,3,7,8,8,11,12,16,9
52-K,4,7,8,8,12,13,16,19
52-L,4,7,10,10,13,12,16,21
52-M,4,6,8,9,10,10,12,18
52-N,4,6,8,8,13,10,10,10
52-O,4,6,10,9,14,11,15,8
52-P,2,5,9,9,11,14,17,22
52-Q,2,5,8,9,14,13,16,14
52-R,2,2,3,5,5,9,10,13
52-S,2,3,4,7,9,9,9,0
52-T,4,7,10,11,12,12,12,15
53-A,4,7,7,9,7,8,12,0
53-B,4,5,7,8,8,8,11,0
53-C,4,7,9,13,18,20,21,18
53-D,4,5,6,8,8,8,9,0
53-E,4,7,6,8,8,8,12,0
53-F,4,7,9,11,11,12,15,12
53-G,4,6,8,9,16,18,21,25
53-H,4,6,10,11,11,12,15,0
53-I,4,4,6,9,10,10,11,0
53-J,4,7,10,11,12,13,14,9
53-K,4,6,9,10,10,10,12,11
53-L,4,8,10,11,12,12,14,0
53-M,4,8,11,12,13,13,13,20
53-N,4,7,9,10,10,10,11,0
53-O,4,8,8,12,13,13,13,0
53-P,4,5,6,9,9,9,10,0
53-Q,4,6,11,12,14,14,17,20
53-R,4,6,8,9,10,10,12,7
53-S,4,5,6,8,9,9,12,0
53-T,4,7,8,9,10,10,14,0
54-A,4,6,8,9,10,10,12,0
54-B,4,6,7,8,9,11,13,17
54-C,4,7,10,15,20,20,20,0
54-D,4,6,7,8,8,8,9,3
54-E,4,5,8,9,10,10,11,15
54-F,4,6,7,9,9,10,13,11
54-G,4,6,10,11,11,12,13,0
54-H,4,7,8,9,9,10,14,5
54-I,4,8,11,12,13,14,14,20
54-J,4,5,7,8,12,13,15,0
54-K,4,8,9,10,11,12,12,0
54-L,4,7,12,14,15,16,16,13
54-M,4,7,11,12,13,13,15,0
54-N,4,7,11,12,16,18,22,8
54-O,5,6,8,10,11,13,13,0
54-P,6,8,9,11,12,13,15,0
54-Q,4,5,8,9,14,15,18,26
54-R,2,5,7,7,11,12,15,7
54-S,4,4,4,6,6,7,9,9
54-T,4,4,10,11,11,11,13,14
55-A,4,8,8,11,11,12,15,0
55-B,4,4,6,10,10,10,12,5
55-C,4,6,8,9,12,12,13,0
55-D,4,4,7,9,10,11,11,7
55-E,4,8,9,10,10,12,15,4
55-F,4,7,7,8,13,15,16,0
55-G,4,8,8,11,11,12,15,0
55-H,4,6,9,10,14,15,15,9
55-I,5,4,8,10,13,14,16,13
55-J,4,6,6,9,9,10,14,6
55-K,4,8,11,13,14,15,17,18
55-L,4,8,13,15,16,19,22,19
55-M,4,7,13,11,11,12,14,4
55-N,4,6,12,11,11,12,15,10
55-O,5,8,16,17,18,18,21,6
55-P,2,6,7,8,8,8,11,0
55-Q,4,6,9,10,11,11,14,6
55-R,2,2,4,7,8,9,11,0
55-S,4,6,11,13,13,13,14,5
55-T,4,6,10,12,12,13,14,3
56-A,4,6,11,10,12,12,15,11
56-B,2,4,7,7,13,14,15,22
56-C,4,6,11,12,11,13,14,20
56-D,2,2,4,8,8,8,8,0
56-E,2,5,9,11,12,12,13,21
56-F,4,5,8,9,9,9,11,0
56-G,4,4,6,7,7,7,11,17
56-H,4,6,10,12,12,12,13,4
56-I,4,4,6,8,11,12,13,8
56-J,2,4,4,6,6,6,9,7
56-K,2,2,4,5,6,7,10,9
56-L,2,4,7,10,11,12,14,15
56-M,2,4,4,6,8,9,10,15
56-N,2,6,6,9,10,10,12,16
56-O,4,4,5,9,11,14,15,20
56-P,4,6,7,8,12,12,14,17
56-Q,4,4,6,8,8,8,11,11
56-R,4,6,10,11,14,15,18,15
56-S,2,5,10,12,13,13,17,11
56-T,4,4,6,8,8,9,13,14
57-A,1,4,9,11,16,18,22,0
57-B,0,0,0,0,0,0,0,0
57-C,2,5,9,11,11,12,16,0
57-D,4,5,12,13,13,14,15,0
57-E,4,6,10,12,16,16,20,22
57-F,1,5,7,8,11,12,13,11
57-G,4,4,7,9,9,9,12,11
57-H,2,6,6,9,9,9,9,4
57-I,4,7,10,11,14,15,17,10
57-J,5,8,8,9,13,14,14,12
57-K,2,6,6,7,8,8,10,0
57-L,2,9,9,10,10,10,14,0
57-M,5,6,9,10,13,13,15,7
57-N,4,6,8,10,13,13,16,9
57-O,2,6,6,8,8,11,14,11
57-P,2,2,2,2,4,6,9,9
57-Q,0,0,0,0,0,0,0,0
57-R,0,0,0,0,0,0,0,0
57-S,0,0,0,0,0,0,0,0
57-T,0,0,0,0,0,0,0,0
58-A,5,5,7,9,10,11,12,0
58-B,4,6,8,9,9,9,9,5
58-C,6,6,10,11,14,15,19,4
58-D,4,7,9,11,11,11,14,0
58-E,4,6,6,8,10,11,14,0
58-F,4,5,8,9,9,9,11,0
58-G,4,6,8,9,10,11,14,0
58-H,5,8,11,12,12,12,14,0
58-I,2,9,11,12,13,14,17,14
58-J,4,9,8,10,11,12,15,4
58-K,4,6,9,10,10,11,14,2
58-L,2,6,6,9,9,9,12,3
58-M,5,7,8,9,9,10,10,4
58-N,4,5,10,11,11,12,15,6
58-O,4,8,9,10,11,13,14,0
58-P,4,9,8,10,12,12,14,4
58-Q,4,6,9,11,13,13,13,6
58-R,4,6,7,9,8,8,10,16
58-S,5,7,7,8,11,11,15,21
58-T,5,8,7,8,9,10,13,4
59-A,4,7,8,11,13,13,13,6
59-B,2,3,5,7,8,9,12,11
59-C,4,5,9,9,12,13,17,8
59-D,5,6,9,10,12,13,16,7
59-E,4,5,7,9,10,11,12,0
59-F,4,6,7,8,8,8,9,4
59-G,5,9,9,10,10,11,12,9
59-H,5,9,9,11,12,12,15,0
59-I,4,8,8,9,9,9,12,13
59-J,5,7,9,11,12,12,16,14
59-K,6,6,9,9,14,15,16,6
59-L,6,6,7,8,10,10,11,7
59-M,4,8,8,8,8,8,10,3
59-N,6,8,7,9,9,10,10,13
59-O,5,6,10,11,11,12,15,6
59-P,4,4,8,9,9,10,13,8
59-Q,5,7,7,7,13,14,15,9
59-R,4,4,7,9,11,11,13,10
59-S,4,7,8,9,13,14,18,10
59-T,2,5,8,11,11,12,13,10
60-A,4,6,10,11,15,16,18,11
60-B,4,7,8,12,16,17,19,10
60-C,2,2,4,6,7,7,8,9
60-D,4,4,10,11,16,17,20,14
60-E,4,7,8,11,14,15,17,9
60-F,5,8,8,8,8,8,10,5
60-G,2,5,8,9,9,9,13,19
60-H,5,8,11,12,14,15,16,15
60-I,4,7,9,9,12,13,16,21
60-J,5,8,9,10,13,14,17,17
60-K,2,7,9,11,11,12,16,11
60-L,5,6,9,10,10,11,11,7
60-M,4,6,9,9,12,13,17,16
60-N,4,6,9,12,15,16,17,16
60-O,4,7,9,11,11,11,12,10
60-P,4,6,8,9,11,12,13,16
60-Q,4,6,7,9,9,12,14,13
60-R,6,8,9,11,18,19,20,17
60-S,5,8,9,10,10,11,13,0
60-T,4,7,9,10,11,12,13,21
61-A,4,6,8,9,9,9,12,0
61-B,4,5,11,12,12,13,13,0
61-C,4,7,11,12,12,13,16,0
61-D,4,6,10,10,11,13,16,10
61-E,2,4,8,12,12,13,16,19
61-F,4,6,8,9,9,9,10,6
61-G,4,8,7,9,9,9,11,0
61-H,6,8,8,9,9,9,9,6
61-I,4,6,6,8,9,10,14,0
61-J,4,7,7,8,10,11,13,0
61-K,4,6,7,8,8,9,10,0
61-L,6,6,6,8,8,9,11,0
61-M,4,4,8,9,9,9,10,0
61-N,5,7,7,8,9,10,13,0
61-O,4,5,10,10,10,11,13,4
61-P,6,6,6,7,8,9,12,0
61-Q,4,6,6,8,8,8,9,6
61-R,4,5,8,9,9,10,14,4
61-S,6,6,7,8,8,8,10,0
61-T,5,6,7,8,11,12,12,0
62-A,2,5,9,11,11,12,13,8
62-B,2,6,9,9,9,10,14,0
62-C,2,6,9,10,10,11,13,0
62-D,2,6,10,11,11,12,14,0
62-E,2,4,8,9,9,9,12,0
62-F,2,5,8,10,10,11,15,4
62-G,2,6,6,7,8,9,10,0
62-H,2,6,9,11,11,12,14,0
62-I,2,6,7,7,8,9,12,0
62-J,2,5,8,9,9,9,10,8
62-K,2,5,9,11,11,12,15,13
62-L,2,6,7,8,8,9,11,4
62-M,2,5,6,7,8,8,12,4
62-N,2,6,8,10,11,11,12,0
62-O,2,4,5,7,8,9,9,0
62-P,2,5,8,9,10,11,14,9
62-Q,4,6,8,9,10,11,14,4
62-R,2,6,9,11,11,12,15,7
62-S,2,6,6,10,10,11,14,0
62-T,3,4,6,9,9,9,11,0
63-A,6,7,10,11,11,12,15,0
63-B,2,5,7,8,8,8,8,0
63-C,2,4,7,7,8,8,8,0
63-D,2,5,8,9,9,9,11,0
63-E,2,4,8,10,10,10,13,0
63-F,4,6,8,9,15,16,18,20
63-G,5,5,7,8,8,9,11,0
63-H,2,8,8,8,8,9,11,0
63-I,4,4,4,6,7,8,9,0
63-J,2,4,6,6,6,7,7,0
63-K,2,4,8,9,9,9,13,0
63-L,2,4,6,9,9,10,14,4
63-M,2,4,8,10,15,16,19,16
63-N,2,4,7,7,8,8,9,0
63-O,3,4,6,8,9,9,10,2
63-P,2,6,6,8,8,8,10,0
63-Q,3,4,6,8,8,8,9,0
63-R,2,4,5,9,9,9,11,0
63-S,4,8,8,8,8,9,13,9
63-T,2,5,7,8,8,9,10,0
64-A,2,3,5,7,8,9,9,0
64-B,2,4,8,9,9,10,13,10
64-C,4,4,8,9,9,9,12,0
64-D,2,4,10,12,12,13,17,0
64-E,2,4,8,10,12,13,16,0
64-F,2,3,5,7,8,9,12,0
64-G,5,7,9,11,12,12,15,6
64-H,5,7,8,12,12,13,14,0
64-I,3,6,12,13,13,14,15,6
64-J,0,0,0,0,0,0,0,0
64-K,2,4,5,6,7,8,11,0
64-L,2,7,8,9,9,9,11,0
64-M,2,4,7,8,8,9,10,4
64-N,3,4,6,10,10,10,14,9
64-O,3,4,7,9,13,14,16,9
64-P,3,4,6,8,10,11,12,5
64-Q,2,4,6,7,7,8,8,9
64-R,2,2,4,6,7,7,8,0
64-S,2,4,6,6,10,11,14,6
64-T,2,4,6,7,8,9,12,0
65-A,2,3,7,7,8,9,11,5
65-B,2,2,7,8,8,9,9,0
65-C,2,2,6,10,10,11,15,6
65-D,2,4,6,8,9,9,11,0
65-E,3,4,5,6,5,7,11,5
65-F,0,0,0,0,0,0,0,0
65-G,2,3,7,7,11,12,13,9
65-H,0,0,0,0,0,0,0,0
65-I,0,0,0,0,0,0,0,0
65-J,0,0,0,0,0,0,0,0
65-K,2,4,5,6,7,8,11,0
65-L,2,3,6,6,8,9,9,4
65-M,0,0,0,0,0,0,0,0
65-N,0,0,0,0,0,0,0,0
65-O,3,4,6,7,8,9,10,0
65-P,0,0,0,0,0,0,0,0
65-Q,2,4,6,7,8,9,13,8
65-R,3,4,6,6,12,12,14,3
65-S,3,4,4,6,9,9,9,0
65-T,3,4,6,7,11,12,13,0
66-A,2,4,8,7,10,12,13,23
66-B,2,2,6,7,7,7,7,15
66-C,3,4,6,9,10,11,14,7
66-D,3,4,6,8,11,15,17,25
66-E,2,4,7,8,9,9,12,18
66-F,2,3,7,7,14,15,18,13
66-G,2,2,4,6,8,9,10,0
66-H,2,2,4,7,14,14,15,24
66-I,2,2,4,6,11,12,14,25
66-J,0,0,0,0,0,0,0,0
66-K,2,4,6,9,11,11,13,20
66-L,2,2,8,9,12,13,15,26
66-M,2,2,8,9,12,13,14,15
66-N,3,4,6,8,13,14,18,24
66-O,3,4,6,8,14,15,18,19
66-P,0,0,0,0,0,0,0,0
66-Q,0,0,0,0,0,0,0,0
66-R,4,4,6,8,9,9,13,0
66-S,3,4,4,5,10,10,13,16
66-T,2,2,4,5,6,6,9,7
67-A,0,0,0,0,0,0,0,0
67-B,0,0,0,0,0,0,0,0
67-C,0,0,0,0,0,0,0,0
67-D,0,0,0,0,0,0,0,0
67-E,0,0,0,0,0,0,0,0
67-F,0,0,0,0,0,0,0,0
67-G,0,0,0,0,0,0,0,0
67-H,0,0,0,0,0,0,0,0
67-I,0,0,0,0,0,0,0,0
67-J,0,0,0,0,0,0,0,0
67-K,0,0,0,0,0,0,0,21
67-L,0,0,0,0,0,0,0,10
67-M,0,0,0,0,0,0,0,22
67-N,0,0,0,0,0,0,0,23
67-O,0,0,0,0,0,0,0,0
67-P,0,0,0,0,0,0,7,0
67-Q,0,0,0,0,0,0,11,0
67-R,0,0,0,0,0,0,9,0
67-S,0,0,0,0,0,0,8,0
67-T,0,0,0,0,0,0,9,0
68-A,2,4,6,9,14,15,15,24
68-B,3,4,9,10,12,13,16,21
68-C,3,4,8,10,13,14,16,13
68-D,3,4,9,10,14,15,18,16
68-E,2,6,11,12,20,20,22,18
68-F,2,6,10,12,13,14,15,14
68-G,2,4,7,8,13,14,16,18
68-H,3,4,8,9,11,11,14,15
68-I,3,4,6,7,11,12,13,8
68-J,3,4,8,9,13,14,15,17
68-K,3,4,8,12,18,20,20,3
68-L,3,6,10,12,16,17,18,0
68-M,2,5,8,9,16,17,19,13
68-N,2,6,10,12,16,16,19,5
68-O,3,4,8,9,12,13,15,17
68-P,3,4,8,9,11,12,14,24
68-Q,2,4,8,11,13,14,16,16
68-R,2,4,10,10,16,17,20,14
68-S,2,4,8,9,14,15,18,6
68-T,3,4,7,9,9,9,9,7
69-A,3,4,8,9,9,9,13,5
69-B,3,4,6,9,9,9,12,0
69-C,3,4,6,8,8,9,10,8
69-D,3,3,5,7,7,8,11,0
69-E,3,4,7,8,8,8,8,0
69-F,3,4,7,8,9,10,11,0
69-G,3,5,7,9,9,10,12,0
69-H,3,5,7,8,8,9,12,0
69-I,3,4,7,8,8,9,13,8
69-J,0,0,0,0,0,0,0,0
69-K,3,5,8,9,9,9,12,0
69-L,3,5,8,8,8,8,10,0
69-M,3,5,11,10,16,17,19,0
69-N,3,5,7,9,9,9,12,0
69-O,4,5,8,9,16,18,20,0
69-P,3,4,7,8,8,8,11,5
69-Q,2,4,6,8,8,9,13,10
69-R,2,4,7,9,9,9,12,0
69-S,3,5,8,8,8,9,11,0
69-T,2,4,8,9,9,9,13,0
70-A,0,0,0,0,0,0,0,0
70-B,0,0,0,0,0,0,0,0
70-C,0,0,0,0,0,0,0,0
70-D,0,0,0,0,0,0,0,0
70-E,0,0,0,0,0,0,0,0
70-F,0,0,0,0,0,0,0,0
70-G,0,0,0,0,0,0,0,0
70-H,0,0,0,0,0,0,0,0
70-I,0,0,0,0,0,0,0,0
70-J,0,0,0,0,0,0,0,0
70-K,0,0,0,0,0,0,0,0
70-L,0,0,0,0,0,0,0,0
70-M,0,0,0,0,0,0,0,0
70-N,0,0,0,0,0,0,0,0
70-O,0,0,0,0,0,0,0,0
70-P,0,0,0,0,0,0,0,0
70-Q,0,0,0,0,0,0,0,0
70-R,0,0,0,0,0,0,0,0
70-S,0,0,0,0,0,0,0,0
70-T,0,0,0,0,0,0,0,0
71-A,2,2,4,5,6,6,10,0
71-B,4,6,10,11,11,11,14,5
71-C,2,4,6,8,11,11,13,10
71-D,2,4,6,8,12,12,12,22
71-E,2,6,10,11,14,14,14,15
71-F,4,6,8,9,10,10,11,16
71-G,4,5,8,9,13,14,16,11
71-H,4,4,7,9,13,14,15,16
71-I,4,4,5,7,7,8,8,6
71-J,2,4,6,8,13,14,17,7
71-K,2,4,7,8,11,13,16,15
71-L,4,6,8,9,13,14,15,12
71-M,2,4,8,9,9,9,9,5
71-N,2,4,6,7,13,13,17,14
71-O,4,6,7,8,8,8,8,3
71-P,2,4,7,9,11,12,16,16
71-Q,2,5,8,9,13,14,17,147
71-R,2,2,5,6,8,8,11,0
71-S,2,6,6,7,9,9,10,0
71-T,2,4,7,8,8,8,10,12
72-A,6,9,11,10,10,11,12,7
72-B,4,6,9,10,12,13,15,15
72-C,4,6,9,9,11,12,14,13
72-D,4,6,7,8,8,9,10,15
72-E,4,4,5,6,9,9,11,15
72-F,2,5,6,6,11,11,12,12
72-G,4,5,7,8,11,11,15,11
72-H,4,9,10,11,14,14,17,11
72-I,4,6,8,9,12,13,14,18
72-J,2,5,7,9,10,12,13,12
72-K,2,6,7,7,13,14,17,11
72-L,2,5,7,7,13,14,17,10
72-M,2,5,5,6,10,12,13,7
72-N,2,4,6,7,11,11,13,8
72-O,2,4,7,8,12,12,12,19
72-P,4,7,10,11,13,14,17,0
72-Q,2,5,8,9,10,10,12,11
72-R,2,6,9,10,13,13,13,13
72-S,4,6,8,9,15,16,20,14
72-T,4,7,11,12,14,15,18,14
73-A,4,6,9,10,10,11,14,14
73-B,4,7,9,10,11,12,12,0
73-C,0,0,0,0,0,0,0,0
73-D,4,6,9,10,13,13,14,10
73-E,4,6,9,11,11,12,14,0
73-F,4,6,9,10,10,12,15,0
73-G,4,6,10,11,11,12,14,5
73-H,2,4,6,6,8,8,12,14
73-I,4,4,8,9,10,10,14,9
73-J,2,6,7,7,7,7,8,0
73-K,2,6,6,8,8,9,12,0
73-L,2,5,8,9,9,9,11,7
73-M,4,6,8,9,11,11,14,8
73-N,2,4,7,9,10,11,14,10
73-O,2,4,8,10,12,13,16,11
73-P,2,6,9,11,11,12,16,0
73-Q,2,4,7,8,10,11,14,0
73-R,0,0,0,0,0,0,0,0
73-S,2,4,7,7,8,6,6,9
73-T,2,6,8,8,8,8,10,0
74-A,2,6,9,10,10,11,12,8
74-B,2,6,8,9,9,9,13,5
74-C,2,4,7,9,10,10,13,11
74-D,2,5,6,8,8,8,11,0
74-E,2,4,7,8,13,13,16,14
74-F,2,4,6,9,9,9,13,15
74-G,2,5,7,7,8,8,9,0
74-H,2,5,7,8,9,10,10,0
74-I,4,6,10,11,11,12,13,8
74-J,2,4,5,8,8,9,11,8
74-K,2,4,9,10,10,11,12,6
74-L,3,6,6,8,8,9,9,0
74-M,4,6,8,9,10,11,11,6
74-N,2,6,9,10,10,11,14,6
74-O,2,4,7,9,9,10,13,5
74-P,2,4,8,8,9,10,10,12
74-Q,0,0,0,0,0,0,0,0
74-R,2,2,2,3,4,4,8,20
74-S,2,4,8,10,10,10,11,10
74-T,2,6,10,11,15,16,17,8
75-A,2,4,8,9,9,9,10,14
75-B,2,4,6,8,8,8,11,16
75-C,2,6,7,9,10,10,12,0
75-D,2,6,9,11,11,12,16,0
75-E,0,0,0,0,0,0,0,0
75-F,2,2,3,5,7,8,8,9
75-G,2,4,7,8,11,11,13,10
75-H,4,5,8,9,9,9,11,8
75-I,2,4,6,9,9,9,9,7
75-J,2,4,7,9,9,10,13,7
75-K,2,6,8,10,10,11,14,5
75-L,2,6,9,11,12,13,13,7
75-M,0,0,0,0,0,0,0,0
75-N,0,0,0,0,0,0,0,0
75-O,2,2,7,8,8,9,11,12
75-P,0,0,0,0,0,0,0,0
75-Q,0,0,0,0,0,0,0,0
75-R,2,4,7,10,11,13,16,10
75-S,2,4,6,8,11,11,11,14
75-T,2,5,8,9,9,9,11,0
76-A,2,6,7,9,9,9,10,5
76-B,4,4,6,8,9,9,12,14
76-C,2,2,5,6,8,9,12,0
76-D,2,6,8,9,9,9,9,8
76-E,2,4,5,7,9,9,10,10
76-F,2,4,7,9,9,9,10,8
76-G,2,4,7,8,10,10,10,7
76-H,2,4,8,7,7,8,8,0
76-I,2,4,7,7,10,11,15,7
76-J,2,4,6,8,9,9,11,6
76-K,4,7,9,11,11,12,12,0
76-L,2,6,10,11,11,12,12,5
76-M,2,4,7,8,8,9,12,11
76-N,2,5,9,10,11,11,12,0
76-O,2,3,4,8,8,9,9,0
76-P,2,4,8,9,9,9,10,5
76-Q,2,4,7,7,17,18,19,0
76-R,2,6,7,9,9,9,12,0
76-S,2,4,8,9,13,14,15,8
76-T,2,4,7,10,10,10,12,5
77-A,2,4,6,8,9,10,11,13
77-B,4,6,8,9,9,9,11,0
77-C,2,4,7,9,10,10,10,9
77-D,2,4,5,7,7,9,10,15
77-E,4,6,9,10,10,10,11,0
77-F,2,6,8,9,9,10,13,0
77-G,2,5,8,9,9,10,12,6
77-H,2,4,6,9,12,13,15,13
77-I,2,6,9,10,10,10,10,0
77-J,2,4,7,8,11,11,13,16
77-K,2,4,5,9,11,12,14,8
77-L,2,3,8,9,10,10,13,5
77-M,2,4,8,9,10,10,12,12
77-N,2,4,7,8,8,9,12,8
77-O,2,4,5,7,8,8,11,10
77-P,2,6,10,11,11,12,16,11
77-Q,2,5,8,9,9,9,10,0
77-R,4,4,8,10,10,10,12,0
77-S,2,4,8,9,12,13,17,9
77-T,2,4,8,10,10,10,13,7
78-A,0,0,0,0,0,0,0,0
78-B,0,0,0,0,0,0,0,0
78-C,0,0,0,0,0,0,0,0
78-D,0,0,0,0,0,0,0,0
78-E,0,0,0,0,0,0,0,0
78-F,0,0,0,0,0,0,0,0
78-G,0,0,0,0,0,0,0,0
78-H,0,0,0,0,0,0,0,0
78-I,0,0,0,0,0,0,0,0
78-J,0,0,0,0,0,0,0,0
78-K,0,0,0,0,0,0,0,0
78-L,0,0,0,0,0,0,0,0
78-M,0,0,0,0,0,0,0,0
78-N,0,0,0,0,0,0,0,0
78-O,0,0,0,0,0,0,0,0
78-P,0,0,0,0,0,0,0,0
78-Q,0,0,0,0,0,0,0,0
78-R,0,0,0,0,0,0,0,0
78-S,0,0,0,0,0,0,0,0
78-T,0,0,0,0,0,0,0,0
79-A,4,6,10,11,11,11,15,17
79-B,4,6,9,10,14,15,17,14
79-C,2,5,8,9,11,11,13,11
79-D,2,6,8,9,9,11,14,7
79-E,2,4,6,9,9,9,12,10
79-F,2,5,9,10,11,12,16,14
79-G,2,6,9,11,16,17,20,16
79-H,4,6,10,10,20,20,22,16
79-I,4,6,6,7,7,9,13,7
79-J,4,8,11,11,17,18,21,16
79-K,2,4,6,8,10,11,11,10
79-L,2,6,7,8,9,9,11,6
79-M,4,8,8,9,10,11,14,6
79-N,4,6,9,11,14,15,19,15
79-O,2,4,6,7,8,9,13,0
79-P,4,8,8,9,11,11,13,14
79-Q,4,6,7,10,10,10,10,12
79-R,3,4,6,8,10,11,15,0
79-S,4,6,8,9,10,12,13,16
79-T,4,4,4,7,8,8,8,6
80-A,4,7,8,9,9,9,12,0
80-B,2,6,9,10,10,10,11,5
80-C,4,6,9,11,11,11,13,5
80-D,4,6,9,10,13,14,16,7
80-E,2,6,9,11,11,11,11,0
80-F,4,7,10,11,11,12,12,5
80-G,2,6,9,9,9,9,12,0
80-H,4,6,10,10,12,12,15,0
80-I,4,7,9,12,12,12,14,6
80-J,4,7,9,10,10,11,13,0
80-K,2,7,8,12,12,13,16,0
80-L,4,6,9,10,11,11,14,6
80-M,2,6,7,9,9,9,10,6
80-N,4,6,8,9,9,9,12,6
80-O,2,6,8,9,9,10,14,0
80-P,4,7,8,11,11,12,13,0
80-Q,4,5,9,10,11,12,13,10
80-R,4,7,9,11,11,12,13,8
80-S,2,6,7,8,9,9,11,6
80-T,4,6,8,9,9,9,10,10
81-A,2,6,9,10,17,18,18,17
81-B,4,6,10,11,15,16,17,17
81-C,4,6,10,10,15,16,18,21
81-D,2,5,9,12,16,18,21,18
81-E,2,4,7,12,11,12,16,21
81-F,4,7,9,11,17,18,21,12
81-G,4,6,10,11,12,12,14,18
81-H,2,6,10,11,13,13,15,15
81-I,1,4,6,8,9,11,14,16
81-J,2,5,8,9,12,12,14,17
81-K,2,6,9,10,16,17,19,22
81-L,4,6,7,10,12,12,15,23
81-M,2,4,8,10,13,14,15,18
81-N,4,5,9,9,13,14,18,15
81-O,4,6,9,11,14,16,18,19
81-P,4,6,8,9,13,13,13,22
81-Q,5,6,7,8,12,12,13,16
81-R,2,4,6,8,8,8,10,0
81-S,3,6,8,9,9,9,10,13
81-T,2,6,9,10,15,16,17,25
82-A,4,6,9,12,18,20,23,13
82-B,4,7,9,11,11,12,15,0
82-C,2,6,10,11,14,14,16,15
82-D,2,6,10,11,15,20,23,14
82-E,2,6,9,10,10,12,16,6
82-F,4,7,7,10,13,13,14,10
82-G,2,6,8,8,9,9,10,15
82-H,2,6,9,9,9,9,10,10
82-I,4,6,10,11,12,12,16,5
82-J,4,7,11,12,14,15,17,17
82-K,2,4,6,8,8,8,9,9
82-L,2,6,9,10,14,15,16,14
82-M,2,6,8,8,8,9,11,8
82-N,2,4,4,6,6,6,7,0
82-O,2,7,10,11,12,13,13,8
82-P,2,6,9,10,14,15,17,14
82-Q,4,7,7,8,9,9,12,0
82-R,3,4,5,6,10,11,14,6
82-S,2,7,11,12,13,15,16,0
82-T,4,6,8,9,18,19,21,15
83-A,2,5,10,11,12,13,13,5
83-B,4,8,9,12,14,15,16,10
83-C,4,7,9,10,10,11,15,5
83-D,4,8,8,10,10,12,13,0
83-E,4,7,9,11,11,12,15,6
83-F,2,4,8,9,9,10,13,7
83-G,4,8,10,11,11,12,12,13
83-H,4,6,8,12,15,16,17,13
83-I,4,6,9,11,12,13,13,0
83-J,2,6,7,9,9,10,12,0
83-K,2,4,5,6,7,8,12,8
83-L,2,6,7,9,11,11,14,13
83-M,4,7,8,8,9,10,11,0
83-N,4,8,8,9,9,10,14,5
83-O,2,6,10,10,10,11,14,14
83-P,3,6,9,9,9,9,12,6
83-Q,4,6,9,11,11,15,17,5
83-R,2,4,4,7,7,7,8,9
83-S,2,4,5,9,10,10,10,8
83-T,3,4,6,8,9,10,13,7
84-A,2,6,7,8,9,9,11,0
84-B,2,6,10,11,10,12,14,0
84-C,4,7,9,9,9,9,13,0
84-D,4,8,8,11,11,12,16,6
84-E,2,8,8,9,9,9,10,0
84-F,4,8,8,8,8,8,11,0
84-G,4,7,9,10,10,10,11,0
84-H,4,7,8,9,9,9,11,0
84-I,4,7,8,10,11,12,15,0
84-J,2,6,10,11,13,14,15,15
84-K,4,6,8,9,12,13,16,18
84-L,2,6,8,12,12,13,17,6
84-M,2,6,9,10,10,10,10,0
84-N,4,6,7,8,9,9,10,0
84-O,4,6,7,9,9,9,12,5
84-P,4,6,7,9,9,9,11,0
84-Q,4,6,7,9,9,9,11,0
84-R,4,6,8,9,9,10,14,0
84-S,4,6,7,10,10,11,14,0
84-T,2,5,7,11,11,12,12,0
