±àºÅ,3.31,4.7,4.14,4.21,4.28,5.5,5.12,5.19,5.26
1-A,5,11,13,24,23,26,30,30,30
1-B,3,1,3,5,11,7,9,10,12
1-C,3,9,11,17,22,21,19,20,23
1-D,1,1,3,4,4,4,6,6,6
1-E,2,2,4,5,5,5,5,9,10
1-F,0,2,4,4,4,5,6,20,19
1-G,2,7,9,12,16,16,18,16,17
1-H,2,8,10,17,21,18,21,32,26
1-I,2,9,11,18,17,16,18,17,16
1-J,2,9,11,12,15,19,18,16,19
1-K,3,8,10,15,16,16,20,16,17
1-L,3,11,13,20,25,27,27,28,24
1-M,4,8,10,19,28,28,25,21,21
1-N,2,7,9,15,17,15,14,16,15
1-O,2,7,9,17,22,19,18,27,20
1-P,4,4,6,7,7,11,13,21,25
1-Q,3,13,15,22,33,28,24,29,26
1-R,3,2,4,5,5,7,6,15,18
1-S,3,3,5,14,20,18,20,13,13
1-T,3,2,4,6,5,6,6,8,7
2-A,3,10,12,17,21,27,26,23,26
2-B,3,5,7,8,14,12,16,15,18
2-C,2,5,7,13,16,17,19,21,16
2-D,3,4,6,17,21,20,20,17,14
2-E,5,10,12,21,21,21,22,24,20
2-F,5,2,4,5,13,12,10,9,11
2-G,3,9,11,13,12,32,16,22,18
2-H,1,4,6,13,21,20,18,16,17
2-I,3,6,8,13,17,14,14,14,16
2-J,2,8,10,16,22,22,21,21,18
2-K,4,4,6,14,23,19,16,19,16
2-L,3,12,14,22,28,28,29,28,26
2-M,2,5,7,16,21,16,16,15,19
2-N,4,13,15,24,30,31,24,27,24
2-O,2,1,3,6,7,6,6,3,3
2-P,4,2,4,16,16,15,18,13,10
2-Q,4,12,14,24,24,28,27,25,22
2-R,2,8,10,15,19,22,23,17,20
2-S,2,9,11,22,28,27,27,25,24
2-T,2,5,7,12,15,18,15,25,26
3-A,4,10,12,22,21,26,23,21,20
3-B,4,11,13,21,24,28,22,27,23
3-C,2,1,3,4,10,8,7,6,6
3-D,3,6,8,18,23,21,23,20,17
3-E,2,2,4,4,6,13,10,14,19
3-F,3,9,11,21,25,24,28,20,21
3-G,2,2,4,5,12,19,15,21,14
3-H,3,5,7,8,7,15,16,14,15
3-I,6,5,7,13,22,22,19,17,21
3-J,3,7,9,14,15,14,14,14,14
3-K,2,6,8,10,10,11,15,15,17
3-L,1,1,3,3,4,4,6,5,6
3-M,0,0,0,0,0,0,0,0,0
3-N,2,3,5,7,12,16,15,5,5
3-O,3,2,4,5,8,9,12,9,9
3-P,4,5,7,15,20,17,16,17,18
3-Q,3,3,5,9,15,14,11,11,10
3-R,3,1,3,6,7,6,9,12,12
3-S,3,4,6,14,18,18,15,21,21
3-T,3,5,7,11,16,13,12,13,15
4-A,2,13,15,25,27,26,27,30,29
4-B,2,5,7,9,12,12,19,17,13
4-C,2,10,12,19,26,31,24,21,22
4-D,5,13,15,22,26,30,30,27,30
4-E,0,6,8,14,18,18,17,13,16
4-F,3,8,10,19,26,27,25,19,23
4-G,4,5,7,8,8,9,9,8,8
4-H,3,12,14,28,32,26,32,32,36
4-I,2,1,3,4,16,10,11,10,12
4-J,2,7,9,9,10,9,16,15,18
4-K,2,3,5,5,6,6,7,7,6
4-L,4,3,5,10,24,23,18,23,22
4-M,1,7,9,19,20,19,22,21,22
4-N,4,9,11,18,20,22,21,20,21
4-O,3,5,7,8,17,16,9,13,15
4-P,5,8,10,20,24,28,24,23,23
4-Q,3,9,11,19,19,20,20,23,25
4-R,3,6,8,19,27,23,22,20,17
4-S,3,7,9,16,20,23,27,20,23
4-T,3,6,8,10,8,11,13,18,18
5-A,2,5,7,9,8,9,9,11,11
5-B,2,11,13,22,28,23,24,21,27
5-C,3,3,5,9,9,10,11,11,8
5-D,5,8,10,20,28,34,27,25,25
5-E,5,3,5,6,6,6,6,7,7
5-F,1,2,4,5,5,10,11,11,12
5-G,0,3,5,6,9,12,14,11,11
5-H,5,5,7,14,18,17,20,21,17
5-I,1,7,9,16,17,19,18,22,19
5-J,3,5,7,17,17,18,24,17,20
5-K,3,10,12,24,24,28,33,27,25
5-L,3,5,7,9,10,13,16,13,14
5-M,4,2,4,4,4,5,5,4,4
5-N,1,3,5,10,15,14,18,16,16
5-O,3,2,4,5,7,16,13,13,16
5-P,2,2,4,5,6,5,6,5,5
5-Q,2,2,4,5,4,7,13,11,13
5-R,2,11,13,22,25,26,26,25,22
5-S,7,3,5,21,25,21,16,13,17
5-T,2,6,8,13,18,15,16,13,15
6-A,1,4,6,7,8,7,11,12,13
6-B,3,3,5,6,5,8,13,14,14
6-C,2,3,5,17,19,10,16,14,14
6-D,1,1,3,4,4,4,5,6,7
6-E,2,4,6,6,10,14,14,15,15
6-F,3,3,5,5,6,6,8,13,14
6-G,3,5,7,16,16,18,21,13,18
6-H,3,12,14,27,22,24,27,30,26
6-I,5,9,11,17,26,26,26,25,19
6-J,4,12,14,22,24,27,26,27,26
6-K,3,7,9,11,15,21,19,18,19
6-L,3,11,13,20,23,26,26,22,22
6-M,3,10,12,17,21,21,22,22,24
6-N,2,8,10,21,20,28,24,22,20
6-O,4,7,9,16,27,21,23,23,17
6-P,2,8,10,17,23,21,18,18,20
6-Q,3,12,14,25,27,26,28,26,22
6-R,3,9,11,17,21,20,19,23,18
6-S,2,8,10,15,20,20,21,17,20
6-T,2,2,4,6,6,6,6,10,10
7-A,3,1,3,7,13,13,11,3,3
7-B,4,9,11,19,27,23,21,19,19
7-C,3,7,9,10,20,17,16,17,16
7-D,6,11,13,17,24,27,26,21,22
7-E,5,5,7,8,8,7,8,22,22
7-F,2,7,9,22,23,14,22,18,17
7-G,5,4,6,12,17,16,18,18,18
7-H,0,0,0,0,0,0,0,0,0
7-I,4,8,10,17,21,23,22,22,18
7-J,3,3,5,13,23,19,25,18,20
7-K,4,8,10,17,28,22,25,17,17
7-L,4,7,9,16,22,21,18,19,18
7-M,1,4,6,12,11,12,13,14,12
7-N,2,12,14,21,26,24,26,24,26
7-O,5,4,6,7,9,11,10,10,9
7-P,2,11,13,24,30,29,27,22,24
7-Q,2,3,5,5,6,15,12,21,17
7-R,4,12,14,24,28,25,30,26,24
7-S,2,11,13,24,30,27,26,25,26
7-T,2,8,10,15,17,22,19,16,20
8-A,3,3,5,22,29,26,24,20,21
8-B,3,3,5,9,20,16,20,13,14
8-C,4,11,13,23,24,29,31,23,23
8-D,5,12,14,24,22,23,23,30,24
8-E,1,5,7,17,18,24,18,19,18
8-F,3,8,10,17,22,19,18,16,18
8-G,2,4,6,18,25,24,20,16,21
8-H,1,3,5,6,6,6,7,15,18
8-I,5,8,10,16,18,20,19,19,22
8-J,2,13,15,26,26,29,27,31,25
8-K,2,7,9,11,10,10,18,20,19
8-L,3,4,6,7,10,7,8,16,14
8-M,2,11,13,24,25,24,22,22,22
8-N,2,10,12,23,25,26,21,22,21
8-O,3,12,14,22,29,35,27,28,26
8-P,2,10,12,22,22,27,25,24,24
8-Q,3,2,4,5,5,5,5,4,4
8-R,4,6,8,19,26,23,19,22,17
8-S,2,2,4,4,4,5,5,8,11
8-T,2,9,11,18,24,27,26,23,22
9-A,3,9,11,18,25,28,22,26,26
9-B,3,15,17,28,28,29,35,29,31
9-C,2,2,4,10,12,18,19,15,14
9-D,1,10,12,19,13,28,20,20,21
9-E,3,9,11,25,26,27,23,23,27
9-F,2,11,13,24,27,32,32,28,30
9-G,2,3,5,8,11,10,10,10,10
9-H,1,4,6,7,9,8,9,10,10
9-I,1,7,9,22,21,21,20,21,23
9-J,2,11,13,22,25,25,23,21,21
9-K,3,6,8,10,16,12,15,15,15
9-L,3,10,12,16,19,19,17,16,18
9-M,3,3,5,6,19,14,13,15,12
9-N,3,13,15,24,30,25,24,28,25
9-O,2,14,16,26,28,28,29,29,27
9-P,2,6,8,22,19,27,19,31,27
9-Q,2,9,11,18,26,20,22,22,19
9-R,4,2,4,5,5,13,10,15,16
9-S,2,6,8,16,21,18,21,17,19
9-T,3,5,7,13,16,13,12,12,13
10-A,3,6,8,13,16,14,13,12,12
10-B,4,15,17,30,37,41,36,37,37
10-C,5,5,7,12,15,19,17,14,15
10-D,5,8,10,20,20,24,21,23,27
10-E,2,1,3,7,8,8,7,7,6
10-F,1,1,3,4,9,8,10,10,10
10-G,3,5,7,8,12,9,9,10,11
10-H,2,4,6,8,6,7,19,16,21
10-I,4,7,9,14,21,19,22,21,18
10-J,2,6,8,18,23,23,21,19,19
10-K,2,8,10,15,18,16,16,16,16
10-L,2,10,12,19,25,26,24,23,20
10-M,1,2,4,7,14,15,16,11,13
10-N,3,9,11,17,22,22,21,19,18
10-O,3,4,6,9,8,22,16,24,26
10-P,2,2,4,5,5,5,6,5,5
10-Q,1,2,4,5,6,5,6,11,11
10-R,4,4,6,7,14,22,21,20,18
10-S,3,4,6,13,17,13,18,17,15
10-T,2,9,11,13,12,20,25,20,21
11-A,2,7,9,15,16,16,16,18,18
11-B,2,3,5,6,6,6,6,11,11
11-C,5,14,16,24,24,29,30,28,29
11-D,3,2,4,5,6,8,10,17,17
11-E,3,11,13,13,13,15,15,15,15
11-F,3,5,7,8,7,12,14,17,16
11-G,2,14,16,23,27,35,28,27,28
11-H,3,12,14,22,27,28,24,25,27
11-I,3,4,6,13,14,17,21,23,21
11-J,5,2,4,10,16,21,17,12,17
11-K,3,8,10,17,26,20,20,21,21
11-L,2,3,5,14,19,13,15,18,22
11-M,5,11,13,24,25,24,30,32,30
11-N,1,7,9,10,19,12,15,18,20
11-O,5,10,12,18,20,20,25,22,23
11-P,2,4,6,11,15,14,14,10,12
11-Q,2,8,10,19,35,16,20,16,17
11-R,2,4,6,6,8,12,13,12,11
11-S,3,3,5,5,8,12,14,12,13
11-T,3,2,4,5,8,6,10,9,8
12-A,3,3,5,11,12,15,13,12,15
12-B,3,7,9,14,17,19,17,15,17
12-C,3,5,7,13,16,10,10,14,14
12-D,3,7,9,11,21,20,16,17,16
12-E,3,5,7,12,14,13,14,14,13
12-F,1,8,10,16,22,21,24,19,18
12-G,2,9,11,11,12,12,20,21,19
12-H,5,10,12,21,24,27,22,27,26
12-I,5,4,6,6,13,19,15,14,12
12-J,3,6,8,15,16,15,18,15,17
12-K,3,9,11,22,21,28,23,20,26
12-L,3,4,6,7,7,10,12,14,16
12-M,6,4,6,9,27,12,17,14,14
12-N,5,4,6,7,7,13,11,6,6
12-O,4,4,6,7,7,13,16,13,13
12-P,2,11,13,21,25,24,29,22,24
12-Q,3,11,13,22,22,22,27,27,21
12-R,3,4,6,11,13,12,16,14,14
12-S,3,6,8,13,17,21,18,19,20
12-T,2,3,5,6,15,19,20,10,11
13-A,3,3,5,7,15,16,12,14,11
13-B,3,10,12,23,31,28,25,24,27
13-C,5,7,9,13,18,18,18,16,17
13-D,1,8,10,11,14,23,21,16,17
13-E,4,7,9,19,24,25,22,19,20
13-F,3,5,7,12,20,20,17,15,14
13-G,4,5,7,9,18,17,15,14,17
13-H,3,2,4,5,5,6,5,6,7
13-I,5,6,8,17,21,21,17,17,17
13-J,4,9,11,12,18,15,17,15,15
13-K,3,8,10,17,24,26,22,25,23
13-L,3,4,6,13,14,13,18,15,13
13-M,3,8,10,17,20,22,21,17,17
13-N,3,5,7,8,7,9,15,15,14
13-O,3,4,6,8,7,8,13,18,17
13-P,1,5,7,9,11,9,8,10,9
13-Q,3,4,6,7,13,17,11,12,13
13-R,2,8,10,19,21,21,24,25,22
13-S,2,9,11,19,23,28,21,20,25
13-T,5,2,4,4,13,14,8,12,13
14-A,3,6,8,20,20,21,25,19,17
14-B,1,7,9,14,18,19,18,16,19
14-C,5,4,6,10,14,12,14,13,12
14-D,4,7,9,14,16,21,20,19,24
14-E,3,9,11,20,19,17,19,16,19
14-F,3,5,7,17,23,22,17,18,17
14-G,1,2,4,5,5,5,6,4,4
14-H,3,2,4,5,4,19,10,6,7
14-I,2,7,9,17,20,18,16,19,19
14-J,2,3,5,15,17,16,17,15,16
14-K,4,13,15,21,22,27,25,24,22
14-L,2,5,7,16,17,22,20,18,19
14-M,3,3,5,6,8,12,8,11,11
14-N,3,10,12,21,28,30,26,25,25
14-O,2,11,13,21,25,25,22,31,24
14-P,3,9,11,22,20,21,24,19,20
14-Q,1,4,6,7,7,11,16,13,11
14-R,2,10,12,23,22,28,26,22,22
14-S,3,9,11,17,20,20,24,21,19
14-T,3,5,7,14,16,16,16,13,13
15-A,4,11,13,19,23,26,25,26,24
15-B,3,8,10,18,24,25,20,16,18
15-C,4,12,14,23,29,27,28,24,26
15-D,3,5,7,8,10,9,13,14,14
15-E,3,5,7,11,15,16,17,14,15
15-F,3,9,11,27,22,26,28,29,28
15-G,3,2,4,5,8,17,17,13,13
15-H,4,14,16,26,34,33,33,28,26
15-I,1,2,4,9,15,12,15,12,11
15-J,2,3,5,6,11,22,16,21,20
15-K,6,8,10,22,25,26,29,29,30
15-L,2,7,9,14,16,20,23,21,19
15-M,3,3,5,15,14,19,18,17,17
15-N,4,7,9,13,18,19,15,17,15
15-O,4,7,9,23,25,35,31,23,23
15-P,3,2,4,7,7,6,7,12,16
15-Q,2,4,6,13,12,15,15,14,12
15-R,2,7,9,16,25,22,21,17,17
15-S,2,10,12,20,26,27,22,26,25
15-T,2,7,9,17,20,18,20,16,18
16-A,3,3,5,6,6,6,6,8,8
16-B,2,6,8,15,20,21,19,16,19
16-C,3,7,9,15,25,25,22,19,18
16-D,1,1,3,5,5,10,12,10,10
16-E,2,6,8,13,17,17,15,15,17
16-F,2,12,14,21,20,24,27,23,22
16-G,7,10,12,21,26,30,23,35,28
16-H,4,5,7,14,15,11,17,17,18
16-I,2,4,6,7,14,24,16,17,18
16-J,2,10,12,12,12,14,14,18,19
16-K,2,14,16,27,33,28,33,26,25
16-L,2,1,3,4,4,4,5,9,9
16-M,6,2,4,5,4,6,15,16,11
16-N,5,5,7,8,12,8,12,13,12
16-O,2,3,5,8,9,10,10,8,10
16-P,4,3,5,5,6,6,7,14,16
16-Q,3,14,16,27,38,31,37,27,34
16-R,4,8,10,20,22,23,20,21,26
16-S,5,1,3,9,9,10,10,3,3
16-T,3,3,5,8,10,10,13,12,12
17-A,2,9,11,13,23,18,18,17,21
17-B,3,6,8,15,19,24,21,17,17
17-C,2,5,7,13,18,18,20,14,20
17-D,1,10,12,18,26,23,23,23,24
17-E,5,7,9,16,21,24,23,18,18
17-F,2,7,9,16,23,17,16,19,17
17-G,2,1,3,9,15,13,13,12,15
17-H,1,5,7,9,8,13,16,14,16
17-I,2,7,9,17,17,18,19,18,15
17-J,2,2,4,5,5,6,5,12,15
17-K,3,8,10,20,18,20,27,21,21
17-L,2,7,9,11,9,11,15,18,17
17-M,3,8,10,17,22,16,18,18,17
17-N,4,3,5,5,6,5,7,5,5
17-O,3,14,16,23,28,28,23,21,25
17-P,0,0,0,0,0,0,0,0,0
17-Q,3,9,11,19,23,20,20,18,23
17-R,3,7,9,17,22,21,22,18,19
17-S,3,5,7,17,18,21,16,24,20
17-T,3,3,5,6,11,17,16,12,11
18-A,2,4,6,13,17,15,18,13,12
18-B,3,12,14,25,26,26,27,22,26
18-C,2,6,8,15,18,18,14,16,16
18-D,2,11,13,19,27,26,23,23,23
18-E,2,7,9,12,16,17,16,17,16
18-F,2,1,3,4,4,4,5,7,8
18-G,3,9,11,24,29,24,26,22,19
18-H,1,3,5,6,12,12,12,17,16
18-I,3,2,4,4,5,15,15,19,14
18-J,3,8,10,18,22,21,19,29,22
18-K,3,11,13,23,28,31,24,25,30
18-L,7,4,6,7,7,16,16,6,6
18-M,5,9,11,20,22,25,24,23,23
18-N,2,8,10,20,23,26,21,23,24
18-O,2,4,6,6,12,14,12,12,13
18-P,3,8,10,23,27,28,25,23,25
18-Q,3,4,6,6,6,20,15,25,22
18-R,2,9,11,20,26,28,25,25,21
18-S,3,2,4,5,4,5,14,11,12
18-T,2,8,10,12,12,16,12,16,16
19-A,3,7,9,11,14,17,18,20,16
19-B,2,3,5,6,6,7,6,5,5
19-C,3,5,7,14,22,21,17,19,17
19-D,2,8,10,18,20,21,20,19,18
19-E,2,10,12,26,28,24,26,23,20
19-F,2,2,4,5,5,4,5,21,16
19-G,6,5,7,14,18,16,17,19,20
19-H,3,2,4,5,5,5,5,4,4
19-I,3,1,3,5,17,16,15,13,12
19-J,2,3,5,6,6,7,7,11,9
19-K,3,9,11,18,19,26,23,19,24
19-L,6,7,9,15,17,22,18,17,18
19-M,2,3,5,7,6,7,15,11,10
19-N,2,12,14,21,27,24,23,26,22
19-O,0,0,0,0,0,0,0,0,0
19-P,2,13,15,23,27,25,25,25,24
19-Q,2,7,9,12,10,12,16,18,16
19-R,0,0,0,0,0,0,0,0,0
19-S,3,4,6,13,18,13,13,11,12
19-T,2,7,9,14,17,26,18,21,20
20-A,3,6,8,16,9,12,17,15,16
20-B,3,7,9,15,20,19,22,24,20
20-C,3,12,14,21,30,27,30,23,30
20-D,2,3,5,6,6,6,8,17,15
20-E,4,4,6,13,16,14,12,12,12
20-F,1,6,8,23,23,26,20,21,17
20-G,2,10,12,17,19,22,20,26,24
20-H,4,5,7,8,8,19,17,26,24
20-I,2,2,4,4,4,10,8,12,15
20-J,2,4,6,10,14,12,13,10,13
20-K,6,7,9,16,22,17,19,23,23
20-L,3,9,11,20,26,23,22,22,19
20-M,2,5,7,14,21,16,17,20,17
20-N,2,9,11,16,25,24,19,26,20
20-O,2,1,3,4,7,12,11,12,12
20-P,2,4,6,7,8,13,15,16,17
20-Q,2,3,5,6,6,6,7,5,5
20-R,2,1,3,4,4,4,5,13,20
20-S,5,8,10,21,20,14,16,21,20
20-T,1,4,6,13,18,18,16,16,15
21-A,2,7,9,22,22,23,23,25,22
21-B,2,6,8,17,16,18,16,18,17
21-C,3,8,10,20,26,21,25,19,23
21-D,3,11,13,19,24,26,32,25,25
21-E,4,8,10,18,25,25,21,24,23
21-F,3,9,11,23,30,21,27,23,23
21-G,3,6,8,19,22,20,18,23,27
21-H,0,1,3,4,5,7,9,6,5
21-I,2,2,4,5,5,5,6,4,4
21-J,3,7,9,20,25,25,21,18,23
21-K,2,5,7,8,7,10,12,12,12
21-L,2,5,7,16,24,18,28,17,20
21-M,1,0,2,2,6,13,12,13,13
21-N,2,9,11,16,19,17,18,19,16
21-O,2,1,3,4,4,4,6,4,4
21-P,2,4,6,10,14,12,14,13,12
21-Q,3,3,5,6,8,8,8,9,9
21-R,3,10,12,22,26,22,23,22,20
21-S,2,12,14,24,29,32,27,31,24
21-T,4,8,10,16,21,17,17,19,17
22-A,1,5,7,15,15,20,18,17,15
22-B,2,7,9,11,9,17,12,12,11
22-C,2,8,10,19,26,19,23,21,18
22-D,4,4,6,6,6,8,8,20,18
22-E,3,2,4,10,13,15,11,14,13
22-F,4,11,13,20,21,28,25,25,22
22-G,0,0,0,0,0,0,0,0,0
22-H,5,10,12,22,27,33,31,27,23
22-I,3,8,10,17,23,22,23,19,18
22-J,3,8,10,16,19,22,20,20,21
22-K,4,7,9,18,22,26,21,22,17
22-L,3,10,12,25,24,25,21,22,24
22-M,2,10,12,17,24,24,27,20,21
22-N,3,12,14,24,28,30,30,32,31
22-O,5,7,9,15,20,16,21,18,16
22-P,4,2,4,8,10,10,11,9,10
22-Q,4,5,7,14,18,16,21,20,24
22-R,3,11,13,21,27,25,25,26,25
22-S,4,5,7,12,17,19,22,20,16
22-T,3,5,7,9,8,11,14,17,18
23-A,3,9,11,22,26,18,28,25,22
23-B,2,12,14,24,25,32,27,23,28
23-C,4,7,9,22,21,19,27,26,22
23-D,4,3,5,6,7,7,8,5,5
23-E,2,2,4,4,4,7,9,11,11
23-F,2,4,6,7,7,7,7,7,8
23-G,2,0,2,6,18,5,7,11,10
23-H,2,6,8,17,22,20,25,22,24
23-I,6,3,5,6,6,16,15,15,14
23-J,1,10,12,19,19,20,20,24,23
23-K,2,2,4,5,5,5,5,5,5
23-L,4,3,5,18,19,13,13,10,9
23-M,1,10,12,18,24,25,22,26,26
23-N,0,5,7,11,15,14,13,10,9
23-O,3,2,4,6,5,5,15,15,13
23-P,5,4,6,14,16,15,15,12,13
23-Q,2,4,6,6,6,7,8,11,12
23-R,2,12,14,21,23,25,28,24,24
23-S,3,2,4,5,5,10,9,17,19
23-T,3,4,6,11,22,20,12,12,13
24-A,3,8,10,15,17,18,19,17,17
24-B,3,2,4,6,6,6,7,10,9
24-C,3,8,10,16,19,19,24,21,22
24-D,2,4,6,8,6,8,15,15,12
24-E,3,2,4,5,6,11,13,13,12
24-F,1,6,8,10,8,11,15,13,13
24-G,3,3,5,7,15,19,10,16,15
24-H,2,3,5,7,6,8,12,13,16
24-I,2,8,10,15,18,18,19,24,25
24-J,2,7,9,10,11,19,19,16,17
24-K,5,4,6,7,20,24,22,15,18
24-L,2,8,10,21,21,19,19,18,19
24-M,0,0,0,0,0,0,0,0,0
24-N,3,7,9,10,11,13,19,18,19
24-O,2,13,15,22,28,24,22,22,26
24-P,2,13,15,29,27,29,29,24,25
24-Q,2,2,4,5,7,17,6,10,9
24-R,4,12,14,25,25,27,26,25,27
24-S,2,7,9,10,9,10,10,11,10
24-T,2,4,6,6,7,7,8,8,7
25-A,2,2,4,5,5,5,5,11,10
25-B,2,5,7,8,12,10,11,15,14
25-C,2,5,7,9,7,8,14,15,14
25-D,2,5,7,9,18,21,13,13,17
25-E,5,4,6,12,11,10,10,14,11
25-F,3,4,6,14,17,12,15,14,13
25-G,2,4,6,14,15,17,15,14,13
25-H,2,8,10,16,25,25,25,22,19
25-I,2,7,9,15,24,21,19,24,21
25-J,3,10,12,13,12,13,18,17,19
25-K,3,7,9,13,16,20,19,16,16
25-L,2,3,5,6,5,7,8,7,8
25-M,2,8,10,23,21,28,23,23,23
25-N,3,6,8,9,22,23,22,26,22
25-O,1,3,5,7,14,13,14,6,5
25-P,2,2,4,4,4,5,6,4,4
25-Q,3,8,10,16,24,21,21,22,24
25-R,3,4,6,12,15,12,13,11,12
25-S,3,7,9,15,20,19,20,24,24
25-T,3,6,8,18,16,24,25,18,19
26-A,3,3,5,7,6,10,18,12,12
26-B,2,3,5,5,5,6,7,5,5
26-C,0,0,0,0,0,0,0,0,0
26-D,4,5,7,9,7,21,20,15,14
26-E,4,3,5,7,6,10,17,14,12
26-F,4,5,7,11,17,15,15,14,16
26-G,6,12,14,19,22,27,25,28,28
26-H,4,6,8,12,11,11,13,10,11
26-I,2,10,12,21,25,27,24,25,20
26-J,5,5,7,13,14,15,17,17,16
26-K,2,7,9,18,21,24,24,18,20
26-L,2,5,7,8,8,10,17,16,13
26-M,2,13,15,20,24,25,26,22,21
26-N,0,11,13,19,22,22,19,18,19
26-O,2,5,7,8,9,13,10,15,13
26-P,2,13,15,26,30,28,28,31,32
26-Q,3,9,11,25,24,30,24,28,25
26-R,4,14,16,29,28,27,30,28,29
26-S,3,3,5,7,6,6,13,14,15
26-T,3,4,6,7,9,11,11,12,12
27-A,3,2,4,5,5,6,8,12,10
27-B,3,5,7,12,16,19,15,13,16
27-C,2,3,5,10,12,10,11,11,11
27-D,2,4,6,6,6,7,8,11,14
27-E,2,3,5,7,22,6,14,13,15
27-F,2,2,4,5,5,11,12,19,16
27-G,5,12,14,24,32,27,25,25,22
27-H,3,4,6,14,19,14,16,15,14
27-I,5,13,15,17,15,17,23,23,25
27-J,4,3,5,8,7,11,13,17,13
27-K,3,7,9,17,19,22,28,19,22
27-L,3,12,14,22,31,28,32,30,28
27-M,3,4,6,7,18,13,16,14,17
27-N,4,7,9,14,23,20,22,16,17
27-O,3,7,9,22,26,21,17,21,24
27-P,3,11,13,21,31,23,29,28,25
27-Q,3,4,6,17,23,19,15,17,17
27-R,3,3,5,6,8,6,7,8,9
27-S,5,7,9,16,24,23,18,22,24
27-T,4,7,9,16,26,23,21,18,21
28-A,3,10,12,23,28,24,23,30,24
28-B,2,9,11,18,22,19,22,20,20
28-C,2,10,12,21,25,24,27,24,27
28-D,2,3,5,10,12,12,14,12,12
28-E,5,8,10,20,17,20,21,20,20
28-F,3,5,7,20,19,24,21,16,19
28-G,3,7,9,14,20,18,18,22,25
28-H,2,9,11,11,11,12,12,15,15
28-I,3,11,13,24,34,24,30,35,28
28-J,2,7,9,17,21,18,21,21,19
28-K,4,11,13,24,25,22,25,21,22
28-L,3,8,10,18,27,22,19,21,22
28-M,3,9,11,22,25,25,21,20,24
28-N,1,3,5,5,6,6,8,17,14
28-O,4,3,5,6,6,7,11,12,14
28-P,2,4,6,7,6,8,10,13,13
28-Q,2,7,9,13,22,15,14,17,16
28-R,5,7,9,14,16,21,19,18,18
28-S,4,7,9,10,15,16,16,17,16
28-T,3,4,6,17,24,19,20,15,14
29-A,2,4,6,14,16,15,17,15,14
29-B,3,6,8,17,16,16,26,19,24
29-C,2,3,5,6,6,6,7,6,6
29-D,2,4,6,7,7,9,11,11,11
29-E,4,2,4,5,5,6,6,16,16
29-F,5,3,5,16,18,22,25,14,13
29-G,3,7,9,19,20,21,15,18,17
29-H,4,3,5,11,12,15,15,11,12
29-I,3,7,9,14,19,20,18,17,20
29-J,2,7,9,10,11,15,16,17,18
29-K,2,11,13,26,25,23,25,25,23
29-L,5,5,7,15,18,17,17,13,14
29-M,2,6,8,15,20,20,18,17,19
29-N,2,11,13,19,20,25,22,21,20
29-O,1,4,6,7,15,21,16,13,13
29-P,2,2,4,5,6,7,14,11,14
29-Q,4,4,6,7,7,7,8,14,15
29-R,2,6,8,13,15,16,15,16,13
29-S,2,7,9,16,18,18,18,15,14
29-T,4,8,10,19,18,22,19,20,19
30-A,2,3,5,8,26,16,14,18,15
30-B,2,7,9,11,13,15,19,15,15
30-C,2,6,8,15,15,14,15,13,13
30-D,2,3,5,6,6,6,7,11,11
30-E,4,7,9,17,21,27,20,20,20
30-F,2,1,3,4,4,6,6,17,12
30-G,2,1,3,4,4,5,5,14,16
30-H,5,9,11,12,13,23,17,20,21
30-I,3,13,15,24,27,28,27,27,28
30-J,0,0,0,0,0,0,0,0,0
30-K,2,8,10,17,20,23,20,30,27
30-L,3,4,6,7,13,14,20,17,17
30-M,2,2,4,4,5,8,9,10,10
30-N,4,11,13,18,29,22,27,26,25
30-O,4,5,7,10,20,15,12,7,7
30-P,2,5,7,8,7,13,17,16,14
30-Q,2,7,9,16,19,18,19,15,17
30-R,2,2,4,4,8,17,15,16,14
30-S,3,8,10,23,28,23,26,22,20
30-T,3,7,9,18,23,21,20,21,20
31-A,3,8,10,17,18,18,22,26,23
31-B,0,0,0,0,0,0,0,0,0
31-C,3,8,10,18,21,24,18,19,21
31-D,3,8,10,21,26,24,24,21,19
31-E,0,0,0,0,0,0,0,0,0
31-F,3,3,5,17,20,18,19,27,27
31-G,4,3,5,6,7,9,13,11,11
31-H,3,7,9,17,19,22,25,23,26
31-I,3,4,6,19,25,21,22,19,19
31-J,1,10,12,19,26,28,24,23,25
31-K,6,15,17,26,36,29,35,28,27
31-L,2,9,11,16,19,21,18,20,17
31-M,3,11,13,22,25,27,26,23,25
31-N,2,2,4,5,9,13,10,10,10
31-O,4,5,7,13,15,16,15,15,17
31-P,2,4,6,6,9,13,13,13,15
31-Q,2,6,8,9,9,13,18,15,16
31-R,5,7,9,12,16,15,15,17,17
31-S,1,9,11,21,28,22,26,23,20
31-T,2,4,6,7,17,10,13,19,19
32-A,2,7,9,14,22,19,19,21,21
32-B,0,2,4,5,7,9,10,11,11
32-C,6,10,12,20,23,21,25,25,25
32-D,3,5,7,8,10,8,17,17,14
32-E,2,4,6,7,10,15,13,15,15
32-F,2,4,6,7,9,12,11,12,13
32-G,4,12,14,23,31,28,27,24,25
32-H,2,7,9,19,26,23,20,19,17
32-I,2,7,9,11,16,16,16,14,14
32-J,4,8,10,17,24,22,23,21,21
32-K,3,11,13,21,26,24,26,27,27
32-L,6,2,4,9,23,17,14,14,14
32-M,3,7,9,11,10,11,18,16,15
32-N,2,4,6,9,12,12,13,11,11
32-O,4,5,7,15,17,20,20,15,17
32-P,4,7,9,18,20,20,22,19,18
32-Q,4,5,7,9,9,11,15,13,12
32-R,2,6,8,9,9,13,10,15,14
32-S,2,10,12,16,16,18,17,18,16
32-T,5,3,5,19,19,18,13,20,17
33-A,5,5,7,13,16,15,17,14,15
33-B,1,12,14,23,31,32,27,28,29
33-C,1,10,12,25,22,25,21,24,21
33-D,4,7,9,17,28,27,27,25,21
33-E,5,4,6,10,16,15,14,6,6
33-F,3,2,4,5,5,5,5,16,15
33-G,4,3,5,6,7,15,12,19,18
33-H,2,5,7,16,16,19,20,19,19
33-I,3,4,6,14,22,14,14,14,12
33-J,1,5,7,15,25,24,20,22,20
33-K,3,3,5,5,5,5,6,7,8
33-L,2,1,3,4,5,8,10,14,13
33-M,2,6,8,19,28,10,17,17,17
33-N,2,9,11,11,17,22,22,22,21
33-O,2,5,7,14,18,21,18,20,16
33-P,2,3,5,5,11,18,14,11,14
33-Q,3,11,13,20,24,26,21,24,22
33-R,4,11,13,22,25,25,24,28,24
33-S,5,6,8,15,18,16,17,16,16
33-T,5,14,16,28,35,37,30,32,28
34-A,2,9,11,17,24,21,23,19,19
34-B,3,5,7,8,7,9,15,15,15
34-C,0,0,0,0,0,0,0,0,0
34-D,6,11,13,26,25,26,25,31,27
34-E,3,10,12,19,28,23,26,26,23
34-F,3,4,6,6,8,11,10,10,9
34-G,0,0,0,0,0,0,0,0,0
34-H,3,10,12,23,34,28,26,24,21
34-I,2,5,7,17,18,19,17,14,14
34-J,3,10,12,19,21,22,19,20,18
34-K,2,3,5,5,7,6,9,5,5
34-L,2,2,4,18,15,12,11,7,9
34-M,3,10,12,21,27,23,21,24,23
34-N,2,5,7,14,19,16,19,20,25
34-O,1,8,10,12,10,12,19,17,16
34-P,3,8,10,19,24,19,17,19,18
34-Q,2,7,9,20,24,26,22,24,21
34-R,3,7,9,21,21,20,20,19,19
34-S,3,8,10,11,10,18,17,18,17
34-T,2,6,8,10,9,10,11,12,15
35-A,2,10,12,24,22,17,17,15,17
35-B,2,11,13,20,20,20,25,28,23
35-C,6,10,12,13,15,13,13,14,14
35-D,3,14,16,26,28,27,28,24,29
35-E,4,6,8,18,25,23,20,24,22
35-F,3,4,6,13,15,19,19,18,15
35-G,0,0,0,0,0,0,0,0,0
35-H,2,5,7,18,26,17,20,15,15
35-I,2,7,9,14,16,14,16,14,17
35-J,1,2,4,11,22,19,23,17,16
35-K,2,2,4,4,4,7,6,6,8
35-L,2,5,7,12,18,19,16,19,20
35-M,3,4,6,13,12,14,15,11,9
35-N,2,8,10,17,20,23,18,22,23
35-O,2,4,6,8,16,11,12,14,13
35-P,4,9,11,19,21,21,19,22,22
35-Q,3,5,7,8,17,20,14,16,13
35-R,2,9,11,22,26,29,26,21,22
35-S,5,8,10,17,26,24,28,25,23
35-T,2,9,11,19,32,25,29,26,23
36-A,4,4,6,14,16,19,21,19,15
36-B,1,5,7,15,20,18,17,17,14
36-C,3,7,9,13,10,14,16,15,15
36-D,0,0,0,0,0,0,0,0,0
36-E,3,8,10,24,26,31,29,28,27
36-F,2,8,10,20,22,24,19,20,19
36-G,3,10,12,28,28,21,27,28,22
36-H,4,13,15,25,34,30,28,27,31
36-I,2,7,9,15,18,19,20,17,19
36-J,5,2,4,4,5,5,5,10,11
36-K,0,0,0,0,0,0,0,0,0
36-L,2,7,9,17,23,17,15,20,16
36-M,6,13,15,26,31,33,26,27,32
36-N,3,2,4,5,5,5,6,4,4
36-O,3,3,5,6,6,6,7,11,10
36-P,1,10,12,20,30,23,22,22,25
36-Q,2,12,14,26,26,24,28,24,22
36-R,3,11,13,24,23,27,24,28,23
36-S,4,9,11,21,22,23,22,23,19
36-T,4,5,7,9,8,11,14,14,14
37-A,3,2,4,5,8,7,7,11,8
37-B,1,3,5,9,14,14,10,10,10
37-C,4,3,5,5,12,13,14,12,12
37-D,5,8,10,17,24,20,19,18,18
37-E,5,13,15,25,30,26,35,26,32
37-F,5,4,6,7,7,8,9,6,6
37-G,1,4,6,12,15,15,15,18,16
37-H,4,5,7,13,14,14,12,10,11
37-I,3,11,13,20,21,24,21,23,23
37-J,2,10,12,22,24,28,23,23,24
37-K,4,9,11,19,20,25,25,20,24
37-L,3,2,4,4,5,8,9,13,10
37-M,5,7,9,18,19,21,22,20,18
37-N,3,4,6,12,17,14,12,11,14
37-O,2,3,5,6,6,11,11,15,14
37-P,4,11,13,21,27,27,23,23,25
37-Q,5,13,15,21,27,25,29,27,24
37-R,3,9,11,20,27,26,29,27,31
37-S,2,12,14,21,23,23,24,30,29
37-T,3,4,6,10,13,12,13,11,13
38-A,1,4,6,15,19,23,22,15,18
38-B,3,4,6,6,7,8,9,19,19
38-C,3,8,10,22,29,27,25,24,23
38-D,1,7,9,17,22,13,14,16,15
38-E,3,12,14,21,27,23,26,25,22
38-F,4,7,9,17,23,22,23,19,21
38-G,6,11,13,21,24,26,30,24,29
38-H,1,4,6,8,7,14,16,17,17
38-I,2,9,11,19,20,20,17,18,16
38-J,2,10,12,18,19,18,20,33,26
38-K,6,5,7,7,8,9,9,14,15
38-L,4,13,15,21,30,25,29,27,26
38-M,3,4,6,12,19,16,18,14,17
38-N,2,5,7,8,7,8,15,20,18
38-O,3,9,11,21,26,24,22,23,25
38-P,3,7,9,14,16,17,15,17,14
38-Q,3,3,5,7,14,13,14,17,16
38-R,5,9,11,19,26,27,22,23,24
38-S,3,5,7,13,16,17,19,15,20
38-T,2,4,6,16,16,18,14,6,6
39-A,5,3,5,9,13,11,11,11,10
39-B,2,4,6,11,15,15,22,22,22
39-C,5,12,14,22,26,31,26,26,25
39-D,2,9,11,15,22,21,25,22,19
39-E,5,2,4,5,4,6,7,9,9
39-F,3,8,10,19,19,20,21,25,25
39-G,3,13,15,23,26,26,28,35,33
39-H,0,2,4,11,20,12,14,4,4
39-I,3,10,12,23,23,24,26,18,22
39-J,5,12,14,24,31,26,27,28,25
39-K,2,7,9,18,25,18,20,16,19
39-L,2,7,9,21,28,26,26,24,24
39-M,4,10,12,14,24,16,19,22,24
39-N,3,8,10,24,24,24,22,19,23
39-O,4,3,5,5,5,5,5,5,5
39-P,2,7,9,15,26,14,15,13,16
39-Q,4,10,12,16,22,21,25,19,19
39-R,2,10,12,23,22,24,28,24,28
39-S,4,8,10,20,23,27,29,28,30
39-T,3,2,4,10,14,14,15,11,11
40-A,1,9,11,18,25,26,24,19,21
40-B,2,9,11,16,22,23,27,21,22
40-C,4,12,14,22,25,26,23,23,23
40-D,2,3,5,9,13,12,17,26,25
40-E,2,7,9,17,25,22,22,18,20
40-F,3,2,4,5,6,6,6,4,4
40-G,3,5,7,9,8,14,14,15,15
40-H,2,6,8,15,16,18,21,16,18
40-I,2,3,5,6,5,8,15,15,12
40-J,2,4,6,8,8,19,15,9,10
40-K,5,5,7,9,8,8,11,11,11
40-L,3,7,9,17,30,26,29,22,21
40-M,1,6,8,23,24,18,23,15,18
40-N,2,12,14,20,25,29,22,23,23
40-O,2,5,7,16,14,18,15,13,15
40-P,2,10,12,21,24,23,22,20,20
40-Q,3,2,4,7,10,12,12,14,14
40-R,4,1,3,3,9,16,13,14,15
40-S,2,6,8,10,14,20,18,17,17
40-T,2,3,5,6,7,8,8,9,9
41-A,0,0,0,0,0,0,0,0,0
41-B,3,2,4,6,6,7,18,10,10
41-C,2,11,13,20,22,25,26,24,29
41-D,1,5,7,16,19,20,16,15,20
41-E,2,9,11,17,23,22,19,22,20
41-F,1,4,6,12,20,19,13,16,18
41-G,5,15,17,28,30,31,32,29,28
41-H,3,7,9,22,19,21,18,18,16
41-I,1,4,6,15,19,16,20,18,15
41-J,0,1,3,3,11,17,14,17,17
41-K,2,3,5,6,11,10,9,9,9
41-L,2,1,3,4,5,13,18,8,7
41-M,2,7,9,14,18,20,20,19,18
41-N,3,5,7,17,17,23,17,22,16
41-O,6,8,10,19,23,21,23,22,22
41-P,4,13,15,23,30,25,28,26,26
41-Q,2,10,12,16,21,28,21,25,23
41-R,3,9,11,16,21,23,20,25,26
41-S,2,2,4,4,4,8,6,15,15
41-T,3,7,9,16,19,20,19,20,25
42-A,5,7,9,14,19,19,19,16,15
42-B,1,6,8,17,21,20,22,18,18
42-C,2,9,11,24,26,26,26,26,26
42-D,3,7,9,10,22,14,17,16,16
42-E,3,4,6,13,15,17,8,12,11
42-F,2,4,6,17,20,24,20,21,23
42-G,4,14,16,28,31,28,33,27,27
42-H,5,10,12,20,25,22,23,23,24
42-I,4,8,10,15,19,20,16,15,15
42-J,5,4,6,15,18,14,15,13,14
42-K,7,10,12,19,20,27,22,22,22
42-L,6,5,7,8,12,18,17,18,18
42-M,2,5,7,14,18,21,17,19,16
42-N,3,6,8,10,10,19,15,15,17
42-O,2,9,11,12,12,19,16,16,15
42-P,3,3,5,15,17,20,17,14,17
42-Q,3,7,9,12,17,18,19,18,16
42-R,3,5,7,13,16,13,17,15,14
42-S,5,2,4,5,5,5,6,4,4
42-T,3,12,14,23,27,26,30,30,27
43-A,4,5,7,15,16,22,21,18,19
43-B,2,3,5,6,6,18,18,22,22
43-C,5,4,6,7,7,7,8,6,6
43-D,3,2,4,5,11,12,16,12,11
43-E,2,5,7,13,24,28,23,21,24
43-F,2,8,10,11,12,15,18,18,17
43-G,4,6,8,15,19,20,23,21,24
43-H,2,8,10,20,20,24,24,21,23
43-I,4,1,3,5,11,11,13,9,11
43-J,2,4,6,11,15,15,17,12,13
43-K,4,6,8,15,25,22,23,20,26
43-L,6,13,15,28,28,27,30,25,25
43-M,4,8,10,11,11,27,19,17,19
43-N,3,7,9,16,23,21,24,18,20
43-O,1,9,11,18,24,21,21,20,20
43-P,4,6,8,10,23,10,16,17,20
43-Q,5,10,12,19,26,27,22,23,20
43-R,2,5,7,13,18,18,23,20,25
43-S,5,12,14,20,22,23,21,23,21
43-T,3,6,8,12,16,15,15,15,14
44-A,2,7,9,19,25,23,19,19,23
44-B,3,3,5,6,6,7,6,7,7
44-C,3,7,9,14,16,18,17,16,14
44-D,2,8,10,16,22,19,21,19,24
44-E,4,11,13,23,23,30,24,21,21
44-F,5,12,14,16,14,21,23,15,15
44-G,5,12,14,19,22,27,23,23,22
44-H,5,7,9,20,27,23,20,18,22
44-I,2,9,11,18,29,22,24,24,25
44-J,1,4,6,7,7,9,13,15,17
44-K,2,9,11,17,26,23,20,17,17
44-L,2,4,6,7,10,14,15,17,18
44-M,2,5,7,13,16,15,13,14,13
44-N,2,1,3,4,7,12,11,7,8
44-O,2,2,4,4,5,7,6,10,11
44-P,4,6,8,18,23,23,24,22,17
44-Q,6,6,8,14,24,19,26,25,26
44-R,0,2,4,5,5,4,7,9,8
44-S,6,7,9,18,23,26,24,18,18
44-T,3,5,7,11,11,13,11,13,10
45-A,1,8,10,19,25,25,23,26,22
45-B,6,9,11,19,30,28,25,27,26
45-C,3,5,7,16,19,16,21,18,17
45-D,3,5,7,8,8,8,10,10,9
45-E,2,4,6,8,18,18,18,16,15
45-F,5,5,7,12,15,20,17,23,20
45-G,5,8,10,19,22,23,23,22,19
45-H,2,4,6,10,12,13,11,10,12
45-I,2,8,10,15,23,20,22,24,23
45-J,3,13,15,22,23,25,23,27,29
45-K,2,6,8,15,17,18,17,21,21
45-L,3,8,10,19,20,17,22,21,18
45-M,3,2,4,5,4,7,8,7,8
45-N,3,8,10,17,18,17,19,17,17
45-O,5,1,3,10,8,5,12,11,10
45-P,2,3,5,5,7,13,15,19,25
45-Q,2,5,7,9,8,9,21,17,17
45-R,2,4,6,7,7,7,7,6,6
45-S,4,7,9,10,11,13,18,15,16
45-T,5,12,14,22,28,27,25,27,24
46-A,2,7,9,10,10,20,19,16,14
46-B,1,8,10,22,28,30,30,25,24
46-C,3,10,12,21,20,23,23,18,18
46-D,2,4,6,12,17,15,16,14,13
46-E,5,7,9,13,16,20,16,19,17
46-F,2,3,5,11,12,11,9,10,9
46-G,7,11,13,23,29,26,28,23,27
46-H,4,5,7,9,8,9,13,14,13
46-I,1,2,4,4,4,4,5,17,12
46-J,2,4,6,15,17,17,17,17,20
46-K,3,7,9,18,22,19,24,19,19
46-L,3,8,10,16,18,16,16,16,16
46-M,3,8,10,20,22,23,19,22,19
46-N,4,10,12,20,23,23,23,24,20
46-O,3,5,7,9,13,14,14,14,15
46-P,6,15,17,22,27,28,28,30,27
46-Q,2,9,11,20,24,16,14,16,17
46-R,3,2,4,5,5,5,6,16,16
46-S,0,0,0,0,0,0,0,0,0
46-T,3,8,10,17,20,20,20,24,24
47-A,3,5,7,8,18,15,12,15,13
47-B,6,4,6,6,11,14,18,14,19
47-C,2,9,11,16,19,16,16,18,18
47-D,4,8,10,20,22,26,18,22,22
47-E,2,4,6,12,12,13,16,15,11
47-F,1,2,4,5,16,21,14,14,15
47-G,2,4,6,6,6,14,13,11,11
47-H,3,4,6,8,16,10,10,10,10
47-I,0,3,5,11,11,9,10,5,5
47-J,3,10,12,22,24,22,22,21,27
47-K,5,5,7,24,28,20,25,18,17
47-L,3,14,16,26,33,34,35,35,29
47-M,3,11,13,24,27,25,28,25,25
47-N,2,7,9,13,17,17,17,18,14
47-O,4,9,11,21,23,29,26,25,23
47-P,3,6,8,16,12,15,19,20,17
47-Q,2,7,9,25,28,21,20,17,16
47-R,3,12,14,27,31,25,29,28,24
47-S,2,7,9,12,14,12,16,15,14
47-T,3,8,10,17,20,20,21,23,19
48-A,5,11,13,21,25,30,28,23,27
48-B,3,5,7,17,23,19,26,17,19
48-C,3,3,5,13,12,14,16,13,12
48-D,3,9,11,17,23,21,22,24,23
48-E,3,5,7,14,14,15,13,15,13
48-F,2,5,7,8,10,13,14,14,17
48-G,3,5,7,18,23,21,17,21,21
48-H,3,9,11,20,27,24,24,19,18
48-I,1,6,8,14,19,17,18,16,17
48-J,3,10,12,23,22,22,20,24,24
48-K,1,8,10,12,11,11,17,18,21
48-L,4,7,9,18,20,24,22,25,25
48-M,5,5,7,13,17,17,18,19,20
48-N,2,2,4,5,5,13,12,13,13
48-O,4,3,5,6,6,9,10,11,10
48-P,3,9,11,17,25,23,20,22,23
48-Q,4,9,11,20,22,26,28,25,25
48-R,5,12,14,23,26,26,33,25,29
48-S,2,3,5,6,9,8,12,12,11
48-T,2,5,7,19,20,19,21,21,16
49-A,3,4,6,6,14,19,18,18,18
49-B,3,8,10,18,20,20,23,22,19
49-C,2,2,4,5,5,5,6,7,7
49-D,2,12,14,22,33,31,30,34,31
49-E,3,2,4,5,13,5,13,14,14
49-F,5,13,15,25,24,29,25,28,23
49-G,1,8,10,17,22,21,21,17,18
49-H,2,9,11,19,22,26,21,19,19
49-I,2,3,5,7,6,13,12,10,11
49-J,6,4,6,12,18,19,22,27,19
49-K,6,5,7,7,7,15,11,10,12
49-L,3,7,9,10,11,15,17,18,15
49-M,2,8,10,20,30,23,26,21,21
49-N,2,4,6,15,17,19,19,16,19
49-O,7,5,7,8,8,8,9,14,15
49-P,4,9,11,22,25,21,19,21,21
49-Q,3,6,8,9,11,18,18,21,18
49-R,3,8,10,18,23,25,25,19,20
49-S,2,4,6,17,18,20,18,21,18
49-T,5,2,4,5,4,9,5,6,6
50-A,3,10,12,22,25,23,28,22,26
50-B,2,9,11,18,21,22,20,20,22
50-C,2,7,9,13,17,16,16,17,18
50-D,2,5,7,12,16,13,15,11,12
50-E,1,10,12,19,26,26,21,22,21
50-F,1,10,12,20,22,28,22,21,23
50-G,2,5,7,14,22,21,20,18,16
50-H,3,9,11,22,28,25,21,22,25
50-I,2,10,12,18,25,24,22,29,22
50-J,2,4,6,7,24,12,12,14,13
50-K,3,0,2,19,9,6,10,8,9
50-L,5,2,4,6,10,6,14,8,8
50-M,3,7,9,17,16,20,20,29,28
50-N,3,12,14,22,26,28,25,24,25
50-O,3,7,9,17,24,25,20,22,20
50-P,2,4,6,8,7,8,14,15,13
50-Q,2,7,9,10,18,12,19,17,16
50-R,2,7,9,14,19,15,18,15,16
50-S,3,4,6,9,13,12,11,13,14
50-T,3,8,10,18,28,19,23,24,27
51-A,2,10,12,22,23,27,25,22,24
51-B,3,1,3,4,7,10,12,11,15
51-C,4,7,9,19,22,19,22,18,19
51-D,2,9,11,13,11,12,18,17,18
51-E,3,5,7,17,22,16,17,18,17
51-F,3,10,12,19,23,27,21,20,23
51-G,5,11,13,19,24,25,24,23,20
51-H,3,9,11,17,25,20,25,19,18
51-I,3,3,5,5,8,12,11,12,12
51-J,3,4,6,6,7,21,19,19,18
51-K,5,8,10,24,25,26,23,20,26
51-L,3,7,9,10,17,26,15,20,19
51-M,5,4,6,13,14,13,16,18,17
51-N,5,8,10,21,33,29,24,24,23
51-O,2,11,13,21,26,27,22,26,25
51-P,3,5,7,11,12,12,13,12,12
51-Q,4,9,11,21,28,27,21,24,24
51-R,3,5,7,9,11,13,16,16,18
51-S,1,3,5,5,5,7,8,11,15
51-T,3,2,4,5,5,6,6,6,6
52-A,1,8,10,17,28,27,23,23,24
52-B,3,3,5,11,13,10,13,8,10
52-C,2,9,11,17,28,21,21,24,19
52-D,3,7,9,17,23,21,22,17,17
52-E,2,9,11,12,15,17,19,20,18
52-F,1,8,10,17,22,25,27,27,23
52-G,3,7,9,15,20,20,19,17,18
52-H,0,0,0,0,0,0,0,0,0
52-I,3,7,9,10,9,11,13,14,13
52-J,3,2,4,5,5,5,6,6,8
52-K,4,3,5,14,18,13,14,5,5
52-L,2,7,9,10,13,11,16,15,15
52-M,3,6,8,15,16,16,14,14,16
52-N,2,2,4,4,4,7,6,9,8
52-O,4,2,4,6,12,16,16,13,14
52-P,2,7,9,18,25,23,22,20,18
52-Q,1,4,6,13,15,17,16,16,19
52-R,3,13,15,27,31,26,28,26,30
52-S,2,3,5,6,6,7,7,11,9
52-T,3,11,13,23,27,23,32,28,31
53-A,1,2,4,4,10,13,11,16,16
53-B,1,7,9,17,23,17,21,20,16
53-C,3,8,10,23,22,24,29,26,26
53-D,1,4,6,12,18,18,16,15,16
53-E,2,9,11,19,22,23,25,27,26
53-F,3,3,5,8,13,11,15,14,13
53-G,2,7,9,16,21,26,20,15,15
53-H,2,9,11,21,26,26,23,24,22
53-I,3,6,8,17,25,25,19,19,19
53-J,1,5,7,7,7,7,9,12,11
53-K,2,14,16,30,34,29,27,27,29
53-L,2,7,9,10,9,14,18,18,15
53-M,2,2,4,7,7,14,15,16,15
53-N,2,2,4,20,25,17,16,4,4
53-O,2,7,9,10,10,11,13,13,13
53-P,4,13,15,19,21,20,24,23,22
53-Q,4,3,5,5,6,6,6,14,12
53-R,3,3,5,6,6,7,8,19,14
53-S,2,3,5,11,16,16,15,13,15
53-T,2,3,5,10,24,16,20,14,12
54-A,3,14,16,22,34,29,27,27,27
54-B,3,5,7,15,20,19,17,23,21
54-C,1,3,5,6,25,22,21,14,16
54-D,3,10,12,19,22,25,22,23,24
54-E,2,7,9,18,18,26,22,20,16
54-F,3,11,13,25,25,26,27,23,23
54-G,3,11,13,20,26,23,30,22,28
54-H,5,9,11,19,26,28,28,27,23
54-I,6,2,4,11,15,17,14,11,12
54-J,3,5,7,9,8,12,18,17,15
54-K,4,9,11,19,19,20,21,22,30
54-L,2,13,15,26,29,29,27,25,28
54-M,2,7,9,14,21,21,21,24,22
54-N,2,9,11,20,25,23,22,19,19
54-O,2,13,15,28,33,26,29,28,28
54-P,5,8,10,17,21,24,20,20,18
54-Q,4,10,12,19,27,25,24,21,25
54-R,3,8,10,19,25,27,24,21,21
54-S,4,5,7,25,31,29,24,23,24
54-T,2,7,9,15,15,15,15,14,16
55-A,2,5,7,8,14,8,9,9,9
55-B,5,10,12,17,21,23,20,22,20
55-C,2,9,11,20,28,25,24,25,22
55-D,2,6,8,16,23,18,17,18,23
55-E,3,11,13,19,22,21,24,22,23
55-F,2,9,11,11,14,21,21,19,21
55-G,3,6,8,12,13,15,14,12,13
55-H,2,7,9,13,15,14,14,16,14
55-I,5,13,15,21,27,31,28,28,28
55-J,3,8,10,19,23,23,25,23,27
55-K,3,2,4,5,12,17,17,5,5
55-L,3,8,10,23,23,25,23,23,25
55-M,2,8,10,19,24,25,24,21,18
55-N,3,2,4,5,4,6,8,9,10
55-O,5,7,9,17,20,20,22,20,20
55-P,3,7,9,11,11,10,16,19,18
55-Q,2,10,12,21,24,23,25,24,22
55-R,3,8,10,16,24,20,19,19,25
55-S,5,9,11,19,24,17,23,20,21
55-T,2,10,12,26,24,24,26,23,19
56-A,2,2,4,4,5,5,6,4,4
56-B,3,13,15,25,27,30,32,33,31
56-C,3,6,8,16,23,25,21,22,20
56-D,2,6,8,10,9,10,16,16,14
56-E,2,3,5,6,6,7,15,13,10
56-F,4,10,12,22,24,25,29,22,21
56-G,4,10,12,24,27,25,22,20,22
56-H,4,5,7,17,21,21,22,20,17
56-I,4,3,5,6,7,6,7,12,11
56-J,3,8,10,17,22,20,17,19,19
56-K,2,2,4,5,5,6,7,4,4
56-L,2,8,10,17,23,26,20,19,18
56-M,2,2,4,5,8,16,14,18,20
56-N,2,3,5,10,12,13,12,12,11
56-O,2,4,6,7,7,7,8,14,13
56-P,3,8,10,16,28,28,21,24,22
56-Q,3,11,13,27,34,25,28,24,23
56-R,2,9,11,17,19,19,22,23,22
56-S,4,13,15,27,31,27,30,26,26
56-T,4,8,10,16,26,29,26,22,22
57-A,3,10,12,19,28,24,23,26,26
57-B,2,3,5,6,6,6,7,5,6
57-C,3,7,9,10,9,10,16,15,15
57-D,5,2,4,5,5,8,9,7,9
57-E,3,5,7,18,24,17,20,21,25
57-F,5,6,8,13,15,18,19,16,17
57-G,2,7,9,15,20,18,21,20,22
57-H,4,6,8,14,21,20,22,21,18
57-I,0,3,5,6,13,22,15,15,16
57-J,2,5,7,15,22,23,18,24,18
57-K,1,5,7,15,21,19,14,18,17
57-L,4,5,7,13,17,18,15,13,15
57-M,3,3,5,9,11,12,13,17,16
57-N,3,6,8,18,16,19,18,17,16
57-O,3,7,9,10,12,12,12,12,12
57-P,5,3,5,6,20,19,11,14,14
57-Q,3,4,6,6,7,18,7,9,9
57-R,4,13,15,24,28,28,27,29,28
57-S,3,5,7,15,23,18,22,20,21
57-T,2,8,10,16,20,22,20,23,24
58-A,3,10,12,22,24,25,22,25,21
58-B,2,8,10,18,25,21,19,22,21
58-C,2,14,16,25,32,29,28,29,25
58-D,4,3,5,5,10,22,20,13,14
58-E,3,6,8,12,15,16,16,15,13
58-F,2,8,10,13,15,24,14,21,20
58-G,4,7,9,18,23,22,22,23,23
58-H,3,9,11,21,30,25,29,23,29
58-I,3,3,5,7,6,10,19,13,17
58-J,2,4,6,15,22,17,15,16,18
58-K,3,7,9,19,30,21,21,21,21
58-L,3,13,15,23,32,30,26,27,28
58-M,3,7,9,20,22,23,28,22,23
58-N,2,7,9,15,15,17,15,15,16
58-O,2,6,8,16,23,22,18,18,20
58-P,3,7,9,15,19,14,18,18,22
58-Q,3,3,5,6,6,12,12,12,15
58-R,3,2,4,5,6,20,20,18,21
58-S,3,7,9,17,19,20,19,17,16
58-T,3,5,7,7,8,12,12,17,19
59-A,6,8,10,17,20,22,23,20,24
59-B,2,3,5,5,5,10,10,14,14
59-C,2,8,10,18,23,23,20,18,21
59-D,3,2,4,5,7,14,12,12,11
59-E,2,9,11,18,24,28,21,25,24
59-F,2,5,7,12,15,15,13,15,16
59-G,2,10,12,24,26,25,26,22,22
59-H,5,2,4,4,6,6,11,12,10
59-I,2,9,11,17,22,18,21,20,20
59-J,2,5,7,15,28,21,19,22,20
59-K,0,0,0,0,0,0,0,0,0
59-L,4,10,12,20,22,24,22,19,19
59-M,2,8,10,20,23,21,28,22,20
59-N,2,6,8,14,18,18,16,16,16
59-O,3,4,6,12,22,23,11,16,14
59-P,4,7,9,20,19,23,23,23,20
59-Q,3,15,17,25,27,30,31,29,25
59-R,3,14,16,22,30,28,27,30,30
59-S,6,9,11,17,23,25,20,32,25
59-T,3,12,14,21,26,33,33,27,27
60-A,3,7,9,10,11,13,14,15,16
60-B,3,11,13,22,27,24,29,25,27
60-C,2,1,3,4,6,10,8,15,15
60-D,2,8,10,15,17,16,22,23,23
60-E,1,3,5,5,5,6,6,17,16
60-F,3,10,12,22,25,29,25,22,26
60-G,2,7,9,16,23,18,20,18,23
60-H,0,0,0,0,0,0,0,0,0
60-I,7,6,8,12,21,17,18,17,15
60-J,2,3,5,15,17,12,12,18,22
60-K,1,5,7,8,7,8,15,14,14
60-L,2,3,5,8,13,8,11,10,12
60-M,3,1,3,3,4,5,5,7,6
60-N,2,8,10,16,25,18,18,17,18
60-O,3,11,13,22,36,31,22,26,21
60-P,2,13,15,20,28,26,27,24,26
60-Q,2,7,9,14,20,21,16,23,21
60-R,1,9,11,23,26,27,20,21,19
60-S,1,7,9,17,16,17,16,16,15
60-T,2,9,11,20,23,23,25,22,20
61-A,2,2,4,5,5,5,6,4,4
61-B,5,11,13,21,27,29,29,22,23
61-C,1,3,5,6,6,7,7,23,22
61-D,1,2,4,5,7,7,8,8,8
61-E,1,11,13,21,27,26,22,24,21
61-F,2,4,6,7,14,19,17,16,15
61-G,2,13,15,19,24,24,20,23,21
61-H,3,9,11,20,22,22,21,26,23
61-I,0,2,4,5,5,5,5,12,15
61-J,2,9,11,17,24,25,26,22,23
61-K,3,2,4,6,7,8,14,13,13
61-L,1,2,4,6,9,8,16,15,11
61-M,1,5,7,14,21,16,21,19,15
61-N,3,11,13,21,27,22,27,26,28
61-O,2,14,16,27,34,29,31,29,27
61-P,2,2,4,4,5,15,12,14,14
61-Q,3,11,13,22,27,22,22,21,24
61-R,2,5,7,9,9,9,16,17,20
61-S,3,4,6,7,11,18,12,12,13
61-T,5,11,13,22,23,29,23,21,25
62-A,2,5,7,12,14,19,17,16,15
62-B,0,0,0,0,0,0,0,0,0
62-C,4,7,9,14,19,19,19,17,15
62-D,2,7,9,13,20,17,18,18,18
62-E,2,9,11,16,19,17,20,18,18
62-F,3,2,4,6,8,6,5,15,13
62-G,2,7,9,20,20,20,19,19,22
62-H,3,1,3,5,13,8,6,8,8
62-I,2,3,5,9,15,13,14,14,13
62-J,2,1,3,5,7,12,9,11,12
62-K,2,10,12,23,20,23,28,20,23
62-L,2,6,8,10,10,9,19,19,16
62-M,2,14,16,24,31,35,34,37,36
62-N,2,3,5,5,5,5,6,11,10
62-O,0,0,0,0,0,0,0,0,0
62-P,3,7,9,11,17,18,10,11,12
62-Q,2,5,7,15,24,20,23,18,15
62-R,3,5,7,16,21,20,16,18,19
62-S,3,7,9,10,14,18,13,14,13
62-T,3,8,10,19,24,19,23,23,24
63-A,2,2,4,5,5,5,6,8,7
63-B,3,3,5,6,13,10,12,9,12
63-C,2,5,7,12,17,15,14,14,13
63-D,2,5,7,17,19,20,17,24,23
63-E,2,3,5,6,6,6,8,11,12
63-F,3,6,8,19,21,24,20,20,23
63-G,1,5,7,19,17,16,13,16,14
63-H,2,5,7,13,13,13,15,14,14
63-I,2,9,11,22,24,29,26,24,26
63-J,3,10,12,17,19,20,25,24,22
63-K,2,7,9,21,23,17,24,17,15
63-L,2,7,9,14,22,24,17,21,22
63-M,2,11,13,19,21,27,20,20,21
63-N,2,2,4,4,5,5,6,11,13
63-O,3,3,5,5,14,17,14,14,14
63-P,3,2,4,5,5,7,11,8,10
63-Q,4,11,13,23,24,30,23,26,26
63-R,3,11,13,22,27,29,26,24,26
63-S,3,5,7,9,15,21,15,13,15
63-T,3,2,4,8,9,9,7,8,8
64-A,1,8,10,15,19,16,16,17,19
64-B,3,4,6,8,7,12,14,13,14
64-C,3,8,10,20,32,26,29,25,22
64-D,2,5,7,13,20,21,20,22,17
64-E,6,7,9,18,21,21,22,20,22
64-F,2,7,9,12,18,27,21,21,23
64-G,1,8,10,20,23,25,20,22,25
64-H,5,6,8,16,20,18,21,21,22
64-I,1,5,7,14,18,18,16,15,15
64-J,4,11,13,25,23,26,25,23,25
64-K,3,10,12,16,23,22,19,23,22
64-L,2,3,5,6,6,10,13,23,21
64-M,0,0,0,0,0,0,0,0,0
64-N,2,12,14,21,25,25,29,26,26
64-O,3,15,17,22,26,26,28,23,25
64-P,2,6,8,19,22,22,17,19,21
64-Q,2,3,5,6,6,7,10,17,18
64-R,3,4,6,6,7,8,8,8,9
64-S,3,8,10,16,14,21,16,20,16
64-T,4,11,13,18,23,24,21,20,22
65-A,2,4,6,9,12,10,16,14,16
65-B,1,4,6,6,6,6,7,7,7
65-C,4,9,11,17,22,22,19,22,22
65-D,3,7,9,18,27,21,27,21,22
65-E,6,7,9,15,19,19,20,16,15
65-F,3,3,5,6,6,14,13,19,17
65-G,2,3,5,6,5,9,8,9,10
65-H,2,9,11,25,25,30,26,23,23
65-I,3,3,5,6,18,19,19,24,17
65-J,2,10,12,21,19,20,20,22,22
65-K,3,9,11,21,20,26,23,22,19
65-L,3,7,9,18,21,19,23,19,23
65-M,2,8,10,15,16,20,21,17,17
65-N,5,12,14,24,23,26,26,25,23
65-O,3,7,9,16,13,14,15,10,10
65-P,4,2,4,5,4,6,11,12,10
65-Q,2,13,15,22,32,30,31,22,21
65-R,2,7,9,18,23,22,24,21,18
65-S,2,5,7,14,16,16,15,18,22
65-T,3,7,9,18,17,21,18,16,18
66-A,2,6,8,13,19,16,21,23,20
66-B,1,8,10,18,33,22,23,20,25
66-C,2,9,11,17,20,22,22,19,20
66-D,2,6,8,17,22,19,18,19,16
66-E,2,4,6,8,6,8,16,12,12
66-F,3,2,4,14,27,21,21,12,13
66-G,2,3,5,7,5,6,14,12,10
66-H,3,5,7,16,26,21,21,7,7
66-I,2,6,8,14,16,17,17,14,16
66-J,2,11,13,21,28,28,24,21,22
66-K,3,5,7,14,15,14,17,15,13
66-L,3,4,6,6,7,7,8,20,20
66-M,1,5,7,15,18,21,20,18,17
66-N,0,0,0,0,0,0,0,0,0
66-O,0,2,4,5,4,5,6,6,6
66-P,0,0,0,0,0,0,0,0,0
66-Q,1,5,7,8,7,10,20,18,15
66-R,3,7,9,15,25,19,23,23,22
66-S,3,8,10,11,14,20,18,19,20
66-T,3,7,9,18,19,20,20,18,19
67-A,2,2,4,5,5,5,7,8,8
67-B,1,5,7,14,22,19,19,15,19
67-C,4,8,10,21,24,24,22,22,21
67-D,5,4,6,6,6,8,9,9,9
67-E,2,5,7,8,12,14,13,18,18
67-F,3,7,9,16,18,16,16,17,17
67-G,2,1,3,3,3,7,7,10,9
67-H,5,10,12,19,29,29,31,26,25
67-I,2,11,13,19,24,22,26,25,23
67-J,2,2,4,5,19,20,21,22,20
67-K,3,9,11,19,26,21,25,20,21
67-L,1,3,5,5,13,15,15,15,15
67-M,2,2,4,4,8,9,11,15,14
67-N,5,9,11,24,21,21,29,20,20
67-O,2,4,6,6,7,8,8,22,19
67-P,3,7,9,17,20,18,16,18,18
67-Q,2,5,7,15,18,22,18,13,14
67-R,2,7,9,19,19,21,17,16,15
67-S,2,9,11,19,20,20,21,21,19
67-T,5,9,11,18,24,24,21,23,20
68-A,2,3,5,5,15,15,12,10,11
68-B,3,12,14,21,28,23,26,25,28
68-C,3,8,10,12,18,20,16,14,17
68-D,3,7,9,13,15,15,17,15,18
68-E,2,2,4,5,16,25,22,17,14
68-F,5,9,11,17,20,21,26,21,17
68-G,2,3,5,9,7,14,12,20,22
68-H,4,9,11,21,22,28,24,24,22
68-I,4,4,6,6,7,8,10,17,23
68-J,3,9,11,14,16,16,14,17,16
68-K,3,3,5,12,17,15,15,13,14
68-L,2,3,5,13,21,17,20,18,16
68-M,5,2,4,12,16,6,7,12,12
68-N,3,4,6,7,10,12,15,12,12
68-O,1,6,8,13,14,14,15,16,14
68-P,3,2,4,5,4,6,6,7,7
68-Q,1,9,11,18,20,25,23,20,22
68-R,4,8,10,12,20,24,17,19,17
68-S,4,3,5,11,19,24,15,15,20
68-T,2,9,11,20,21,21,27,20,23
69-A,2,12,14,26,33,25,29,31,25
69-B,3,6,8,17,26,22,25,22,19
69-C,1,7,9,13,17,17,17,16,15
69-D,6,7,9,15,23,21,19,18,20
69-E,3,5,7,16,16,16,21,22,19
69-F,2,4,6,12,19,22,16,19,16
69-G,3,10,12,17,19,20,20,19,18
69-H,3,6,8,16,18,18,17,19,20
69-I,1,8,10,11,10,16,16,17,16
69-J,3,8,10,12,11,13,16,18,21
69-K,3,4,6,14,23,15,18,16,17
69-L,1,13,15,24,34,26,28,26,24
69-M,2,5,7,9,27,26,13,19,18
69-N,4,1,3,4,4,5,6,6,7
69-O,3,7,9,14,15,14,13,15,13
69-P,3,9,11,16,20,22,25,19,21
69-Q,0,0,0,0,0,0,0,0,0
69-R,0,0,0,0,0,0,0,0,0
69-S,3,3,5,12,17,13,13,15,13
69-T,2,6,8,9,20,22,15,17,16
70-A,4,4,6,7,7,10,13,13,15
70-B,2,10,12,19,14,15,17,19,22
70-C,4,8,10,17,18,19,19,18,19
70-D,1,8,10,17,18,18,18,17,17
70-E,6,12,14,23,25,27,27,23,25
70-F,2,2,4,5,5,4,6,6,5
70-G,5,2,4,4,5,5,6,9,8
70-H,5,7,9,19,20,20,20,24,19
70-I,3,9,11,23,28,29,25,21,23
70-J,1,4,6,18,21,15,17,15,14
70-K,5,11,13,20,26,23,26,26,23
70-L,2,10,12,19,20,23,19,25,25
70-M,3,13,15,25,29,25,26,24,23
70-N,3,10,12,20,20,24,24,21,22
70-O,2,3,5,11,12,12,14,16,16
70-P,1,1,3,4,4,4,5,8,8
70-Q,5,3,5,10,9,8,7,8,8
70-R,3,4,6,8,21,17,19,13,16
70-S,3,15,17,25,27,25,26,30,32
70-T,4,4,6,7,9,12,15,14,11
71-A,3,4,6,14,15,20,13,15,18
71-B,3,6,8,15,18,17,17,17,15
71-C,2,8,10,18,18,20,21,19,24
71-D,5,9,11,20,21,27,21,21,21
71-E,4,5,7,11,14,15,13,11,13
71-F,2,7,9,16,22,20,21,26,26
71-G,0,0,0,0,0,0,0,0,0
71-H,2,9,11,17,22,25,25,24,22
71-I,3,2,4,6,7,6,7,8,10
71-J,3,12,14,24,30,26,25,27,23
71-K,5,11,13,22,25,25,27,21,26
71-L,3,7,9,11,10,10,15,18,22
71-M,3,8,10,16,20,22,20,20,18
71-N,2,1,3,4,7,16,15,13,12
71-O,4,13,15,24,29,25,25,25,25
71-P,4,12,14,21,25,30,24,24,26
71-Q,3,8,10,15,21,23,20,19,20
71-R,3,12,14,19,21,24,27,26,29
71-S,4,8,10,16,17,16,17,16,14
71-T,5,13,15,23,26,29,29,26,27
72-A,3,1,3,4,6,8,11,14,10
72-B,2,7,9,15,21,23,20,17,21
72-C,2,11,13,22,26,30,30,25,29
72-D,5,9,11,18,18,19,17,17,18
72-E,1,4,6,8,7,8,14,16,15
72-F,2,3,5,6,6,7,7,20,19
72-G,3,9,11,23,20,24,24,25,24
72-H,3,2,4,7,11,12,10,12,12
72-I,5,15,17,27,24,27,25,33,31
72-J,2,2,4,6,5,5,7,6,6
72-K,5,5,7,8,8,20,19,7,7
72-L,3,5,7,15,14,13,18,16,17
72-M,3,3,5,6,6,11,16,13,14
72-N,3,5,7,11,9,20,20,17,16
72-O,3,12,14,23,25,26,27,31,25
72-P,1,2,4,5,5,5,5,4,4
72-Q,2,2,4,9,13,17,12,14,12
72-R,4,3,5,6,6,6,7,13,13
72-S,3,12,14,20,25,30,30,23,25
72-T,2,4,6,14,19,18,23,23,19
73-A,0,0,0,0,0,0,0,0,0
73-B,2,9,11,20,19,21,19,22,25
73-C,1,4,6,6,6,6,7,18,18
73-D,2,7,9,19,22,22,24,22,19
73-E,3,3,5,6,6,12,12,11,15
73-F,4,6,8,10,11,11,13,13,14
73-G,3,10,12,20,26,24,27,28,31
73-H,2,5,7,15,19,20,17,26,23
73-I,2,10,12,18,24,28,24,25,22
73-J,3,9,11,20,24,20,20,21,22
73-K,5,9,11,21,21,26,24,20,22
73-L,2,2,4,4,4,6,6,12,10
73-M,3,6,8,18,17,24,21,17,21
73-N,5,7,9,13,19,19,17,15,16
73-O,2,4,6,6,10,20,17,16,20
73-P,3,6,8,16,17,18,21,27,19
73-Q,2,6,8,14,17,15,19,16,14
73-R,2,10,12,20,27,24,26,20,20
73-S,3,7,9,16,15,19,24,23,23
73-T,4,8,10,15,22,17,19,26,26
74-A,5,12,14,26,25,30,22,21,24
74-B,3,9,11,18,28,27,21,26,23
74-C,3,4,6,8,6,8,18,14,11
74-D,3,7,9,17,20,20,26,26,33
74-E,2,3,5,7,5,8,14,12,13
74-F,6,12,14,20,27,27,25,27,28
74-G,3,5,7,15,14,14,14,12,12
74-H,2,7,9,23,20,20,22,22,18
74-I,5,8,10,15,18,15,18,16,14
74-J,3,6,8,16,20,23,23,17,20
74-K,3,4,6,7,17,22,24,19,24
74-L,3,14,16,23,32,28,29,28,31
74-M,6,12,14,23,27,24,26,25,24
74-N,2,5,7,8,8,12,14,15,14
74-O,2,6,8,9,9,11,16,15,17
74-P,3,5,7,9,8,9,10,14,16
74-Q,0,0,0,0,0,0,0,0,0
74-R,3,7,9,15,27,19,20,16,21
74-S,2,4,6,19,17,21,17,16,14
74-T,3,3,5,5,5,7,6,7,8
75-A,0,0,0,0,0,0,0,0,0
75-B,3,3,5,10,13,10,11,11,9
75-C,3,6,8,17,19,22,25,23,24
75-D,4,3,5,9,11,13,12,5,5
75-E,3,3,5,5,5,5,6,5,5
75-F,3,9,11,15,22,21,23,21,18
75-G,5,8,10,19,20,23,20,21,27
75-H,2,4,6,12,15,17,19,13,14
75-I,4,5,7,9,24,21,18,23,17
75-J,3,10,12,24,27,26,23,25,26
75-K,1,2,4,4,4,6,7,8,12
75-L,2,1,3,4,5,16,12,18,18
75-M,1,4,6,10,15,11,12,11,12
75-N,4,4,6,8,7,8,14,13,11
75-O,4,11,13,24,26,25,30,29,27
75-P,3,7,9,17,24,24,24,26,29
75-Q,3,7,9,16,15,17,15,15,15
75-R,5,9,11,22,26,21,25,22,20
75-S,2,8,10,18,26,21,19,17,18
75-T,2,4,6,15,16,22,14,14,16
76-A,3,9,11,12,16,21,18,17,15
76-B,5,13,15,24,38,35,27,33,29
76-C,2,7,9,17,21,18,23,18,21
76-D,3,4,6,6,6,7,7,6,6
76-E,2,12,14,24,30,26,29,25,28
76-F,4,13,15,22,29,27,25,25,27
76-G,4,11,13,19,23,28,27,20,22
76-H,3,4,6,6,8,7,15,13,11
76-I,1,5,7,14,21,18,19,15,16
76-J,1,8,10,20,22,19,19,21,22
76-K,2,13,15,23,25,21,24,24,24
76-L,2,7,9,16,20,17,18,19,16
76-M,6,7,9,15,19,23,20,19,24
76-N,3,9,11,19,29,30,30,28,22
76-O,0,0,0,0,0,0,0,0,0
76-P,4,14,16,27,31,29,28,28,31
76-Q,3,5,7,11,14,12,12,12,14
76-R,2,7,9,13,18,16,17,15,18
76-S,4,4,6,14,12,25,24,19,19
76-T,3,3,5,6,6,7,8,11,14
77-A,2,10,12,13,12,14,13,18,18
77-B,2,8,10,12,24,18,17,20,21
77-C,4,7,9,11,10,15,22,20,20
77-D,2,5,7,11,15,14,14,15,14
77-E,0,0,0,0,0,0,0,0,0
77-F,2,3,5,5,6,5,5,6,6
77-G,2,10,12,20,29,27,25,21,22
77-H,2,6,8,9,10,16,16,16,15
77-I,2,13,15,22,27,25,26,25,25
77-J,2,2,4,4,5,5,6,18,20
77-K,3,4,6,10,14,12,11,10,11
77-L,1,9,11,17,29,24,19,20,22
77-M,2,5,7,9,7,15,18,14,14
77-N,2,5,7,12,13,13,13,13,15
77-O,3,5,7,8,8,18,16,18,22
77-P,1,3,5,6,6,5,7,10,10
77-Q,5,9,11,18,28,26,28,22,21
77-R,4,15,17,26,26,29,28,27,31
77-S,2,8,10,20,28,25,21,19,23
77-T,2,8,10,17,19,19,26,22,23
78-A,4,5,7,15,27,20,21,18,19
78-B,0,0,0,0,0,0,0,0,0
78-C,3,6,8,16,19,19,16,19,18
78-D,2,5,7,9,7,12,14,17,14
78-E,2,8,10,11,19,14,11,17,14
78-F,3,9,11,17,20,21,20,21,20
78-G,2,6,8,17,23,22,17,17,18
78-H,2,9,11,18,24,22,20,23,22
78-I,4,5,7,8,8,8,8,13,12
78-J,3,6,8,12,13,16,15,15,16
78-K,1,1,3,4,4,4,5,5,5
78-L,1,5,7,11,12,13,13,11,12
78-M,2,6,8,14,14,13,17,14,16
78-N,2,8,10,19,22,19,21,22,20
78-O,7,4,6,10,16,18,14,6,6
78-P,2,11,13,18,25,21,25,25,25
78-Q,3,7,9,21,21,28,28,22,22
78-R,0,0,0,0,0,0,0,0,0
78-S,2,2,4,5,7,7,9,9,9
78-T,2,6,8,14,16,14,14,14,14
79-A,3,5,7,19,25,23,20,19,24
79-B,5,2,4,4,4,6,6,12,10
79-C,0,2,4,7,15,23,23,14,12
79-D,2,2,4,4,4,6,8,15,17
79-E,4,14,16,23,30,30,25,26,29
79-F,5,15,17,24,27,27,28,24,28
79-G,5,8,10,17,23,29,32,23,23
79-H,2,9,11,23,26,24,21,27,27
79-I,0,0,0,0,0,0,0,0,0
79-J,4,7,9,15,19,24,18,19,18
79-K,0,0,0,0,0,0,0,0,0
79-L,5,11,13,21,25,25,24,21,21
79-M,2,7,9,13,26,26,16,22,21
79-N,2,3,5,6,6,6,7,11,10
79-O,2,9,11,15,16,14,15,16,16
79-P,1,9,11,20,27,22,24,21,19
79-Q,3,4,6,10,12,10,15,14,13
79-R,3,9,11,20,22,22,20,22,21
79-S,3,9,11,11,12,18,23,20,18
79-T,0,0,0,0,0,0,0,0,0
80-A,5,8,10,19,26,24,23,23,22
80-B,4,2,4,4,5,7,8,7,8
80-C,3,3,5,5,5,12,12,14,17
80-D,3,3,5,6,6,7,10,14,12
80-E,3,8,10,16,22,21,26,22,25
80-F,2,8,10,12,11,18,21,18,18
80-G,1,10,12,17,21,24,22,22,24
80-H,2,5,7,12,15,17,17,15,16
80-I,3,4,6,6,10,11,12,11,10
80-J,5,10,12,22,26,25,25,22,23
80-K,3,4,6,17,22,16,21,18,16
80-L,2,2,4,9,5,6,7,8,9
80-M,4,2,4,4,4,5,6,13,19
80-N,2,5,7,13,17,16,18,17,13
80-O,3,4,6,6,7,7,7,19,19
80-P,2,9,11,20,21,21,21,19,24
80-Q,3,13,15,24,23,26,26,26,26
80-R,4,5,7,12,15,13,18,16,17
80-S,3,1,3,4,4,6,8,9,7
80-T,3,8,10,19,25,22,20,20,21
81-A,0,0,0,0,0,0,0,0,0
81-B,2,7,9,16,18,18,17,17,18
81-C,5,4,6,11,14,12,14,12,11
81-D,3,13,15,23,30,26,31,26,25
81-E,1,5,7,13,18,17,14,14,16
81-F,2,10,12,13,13,17,15,17,18
81-G,3,10,12,24,28,25,22,28,23
81-H,1,10,12,16,23,24,26,28,22
81-I,5,13,15,24,28,30,30,30,32
81-J,2,14,16,21,24,28,25,24,24
81-K,2,10,12,20,25,25,22,21,23
81-L,2,3,5,5,6,6,6,5,5
81-M,4,2,4,5,4,7,7,7,7
81-N,3,8,10,21,20,21,28,23,26
81-O,3,11,13,16,19,17,21,19,20
81-P,5,3,5,5,6,12,10,15,19
81-Q,5,10,12,23,30,28,27,21,27
81-R,2,3,5,7,7,7,7,13,14
81-S,1,1,3,4,7,9,9,10,13
81-T,2,10,12,22,30,26,24,21,21
82-A,3,11,13,28,25,28,24,31,29
82-B,2,8,10,19,22,22,30,25,25
82-C,3,9,11,21,26,21,30,23,27
82-D,3,5,7,15,19,16,22,20,15
82-E,2,5,7,12,23,19,20,22,22
82-F,5,9,11,21,31,27,25,21,23
82-G,1,3,5,5,5,5,7,11,10
82-H,3,4,6,7,7,7,9,14,13
82-I,2,9,11,19,23,21,21,19,20
82-J,2,3,5,5,9,8,8,10,8
82-K,2,2,4,5,5,10,13,13,13
82-L,2,6,8,16,20,27,22,18,20
82-M,5,5,7,8,11,14,14,16,16
82-N,3,11,13,22,25,26,26,24,24
82-O,2,7,9,23,25,22,29,26,26
82-P,5,5,7,7,7,10,12,12,14
82-Q,3,3,5,12,12,16,17,16,23
82-R,4,9,11,16,22,21,24,22,23
82-S,3,6,8,17,22,22,19,18,20
82-T,2,5,7,14,22,21,18,17,20
83-A,2,10,12,18,21,24,25,30,24
83-B,2,8,10,16,24,22,19,24,24
83-C,5,2,4,5,6,6,13,11,10
83-D,6,7,9,17,21,19,19,22,19
83-E,2,6,8,17,19,18,25,20,20
83-F,2,8,10,17,21,26,19,19,19
83-G,3,2,4,5,5,5,5,4,4
83-H,3,8,10,17,19,17,17,17,18
83-I,2,4,6,12,22,18,14,14,13
83-J,2,11,13,17,21,20,20,18,18
83-K,4,7,9,16,25,24,23,22,21
83-L,5,8,10,18,23,22,27,23,22
83-M,2,4,6,7,7,8,7,8,8
83-N,3,7,9,19,23,22,22,18,21
83-O,3,12,14,22,31,23,25,30,30
83-P,5,5,7,9,13,18,13,15,13
83-Q,5,9,11,17,21,18,19,23,23
83-R,5,2,4,5,8,6,15,10,10
83-S,2,9,11,11,11,12,15,14,13
83-T,2,12,14,25,26,28,26,22,26
84-A,0,0,0,0,0,0,0,0,0
84-B,5,6,8,18,29,20,22,22,22
84-C,3,10,12,22,29,25,28,26,22
84-D,2,6,8,13,19,15,14,16,15
84-E,2,4,6,16,16,13,16,12,14
84-F,3,2,4,14,30,21,19,17,14
84-G,2,6,8,17,22,21,20,18,20
84-H,3,2,4,9,17,10,13,10,10
84-I,3,7,9,13,15,16,18,16,14
84-J,3,7,9,17,18,18,18,17,16
84-K,2,4,6,13,22,17,18,21,17
84-L,2,10,12,24,31,28,22,21,25
84-M,2,7,9,13,18,18,15,15,13
84-N,2,2,4,5,5,10,11,11,15
84-O,6,7,9,20,25,22,20,24,24
84-P,2,5,7,15,19,16,22,21,20
84-Q,3,4,6,13,8,13,12,12,13
84-R,2,12,14,23,24,25,29,27,24
84-S,1,10,12,17,23,23,23,27,24
84-T,3,7,9,18,23,21,18,21,17
