±àºÅ,9.29,10.6,10.13,10.2,10.27,11.3,11.1,11.17,11.25
1-A,5,8,9,11,22,19,21,19,19
1-B,4,13,15,22,25,24,24,23,22
1-C,2,4,5,8,8,12,13,14,15
1-D,1,12,13,19,31,24,29,25,24
1-E,3,8,9,18,23,25,23,29,28
1-F,2,15,16,20,20,23,23,16,16
1-G,1,5,6,8,12,9,11,13,12
1-H,5,5,6,6,6,6,7,6,6
1-I,3,9,10,18,22,22,22,22,23
1-J,3,8,9,18,27,27,26,25,26
1-K,3,2,3,15,26,19,20,18,18
1-L,3,13,14,23,26,23,24,26,27
1-M,3,9,10,19,23,23,29,22,21
1-N,3,8,9,15,19,19,18,16,17
1-O,5,8,9,21,26,26,23,24,29
1-P,2,6,7,13,18,18,19,15,15
1-Q,4,13,15,24,30,28,26,26,27
1-R,4,15,16,24,28,29,31,31,31
1-S,3,13,14,23,30,32,27,29,27
1-T,3,14,15,30,37,32,26,29,26
2-A,5,4,5,11,15,12,17,19,20
2-B,3,5,6,8,6,8,15,13,14
2-C,2,5,6,15,20,25,20,17,17
2-D,4,9,10,18,26,22,26,23,24
2-E,4,2,3,3,9,12,15,6,6
2-F,3,3,4,7,15,15,17,12,15
2-G,5,9,10,17,21,23,23,22,21
2-H,3,6,8,18,27,22,23,25,27
2-I,4,6,7,16,18,24,22,24,24
2-J,5,3,5,5,17,15,15,16,17
2-K,5,3,4,5,14,21,20,19,22
2-L,3,12,13,20,26,27,30,23,23
2-M,4,8,9,16,24,24,23,23,24
2-N,0,0,0,0,0,0,0,0,0
2-O,3,8,9,19,26,24,25,24,25
2-P,0,0,0,0,0,0,0,0,0
2-Q,3,6,7,8,12,16,24,11,10
2-R,6,14,15,27,31,29,34,29,30
2-S,3,6,7,12,14,15,13,12,13
2-T,4,3,5,5,5,6,12,12,12
3-A,5,5,6,9,17,19,17,16,15
3-B,1,8,9,16,19,19,19,17,17
3-C,3,12,13,23,24,24,25,29,27
3-D,3,13,14,23,30,27,25,26,24
3-E,3,3,5,8,13,13,15,10,12
3-F,2,13,14,22,25,26,26,23,26
3-G,3,9,10,17,26,22,23,29,33
3-H,3,9,10,12,11,16,21,18,20
3-I,2,4,5,6,6,9,15,13,12
3-J,3,8,9,13,15,15,15,15,15
3-K,3,3,5,6,6,13,12,16,17
3-L,3,9,10,15,19,19,17,17,17
3-M,1,5,6,9,6,14,17,13,13
3-N,3,11,12,22,30,27,29,27,26
3-O,1,6,8,17,20,19,20,16,16
3-P,3,8,9,16,20,21,22,23,22
3-Q,2,8,9,13,16,17,15,15,17
3-R,4,14,15,27,34,30,32,27,30
3-S,2,9,10,17,22,22,25,24,22
3-T,3,8,9,19,24,23,21,20,21
4-A,3,3,5,6,5,9,9,12,10
4-B,4,9,10,22,23,24,25,23,22
4-C,1,5,6,16,24,19,19,21,20
4-D,3,3,5,6,14,7,13,14,15
4-E,5,3,5,17,21,19,12,12,11
4-F,3,3,5,5,5,12,11,12,13
4-G,2,8,9,10,10,10,12,17,16
4-H,2,9,10,15,17,17,19,17,16
4-I,2,5,6,15,16,17,16,16,16
4-J,4,9,10,19,22,24,26,24,24
4-K,3,4,5,6,6,6,6,20,21
4-L,3,5,6,14,20,19,22,20,23
4-M,6,6,7,8,8,8,8,17,20
4-N,3,3,4,6,4,6,13,12,11
4-O,5,3,4,12,16,18,15,10,10
4-P,3,4,5,7,6,13,16,14,15
4-Q,4,5,6,8,7,14,14,16,14
4-R,1,4,5,6,6,11,12,12,14
4-S,3,10,11,22,24,24,26,21,26
4-T,5,4,5,9,19,21,23,17,19
5-A,2,4,5,8,19,19,11,13,12
5-B,3,8,9,13,19,19,17,16,16
5-C,4,10,11,20,26,28,24,24,24
5-D,0,0,0,0,0,0,0,0,0
5-E,6,3,5,5,17,21,23,17,18
5-F,3,3,4,5,5,6,9,10,9
5-G,2,4,5,9,15,12,13,10,10
5-H,4,8,9,10,17,27,17,17,18
5-I,4,13,14,20,27,25,26,30,27
5-J,3,2,3,4,10,13,12,12,12
5-K,2,3,5,6,10,13,7,8,8
5-L,2,2,3,4,6,9,8,8,8
5-M,1,8,9,13,19,17,16,17,17
5-N,2,10,11,24,24,27,29,24,24
5-O,3,6,7,16,21,19,19,25,25
5-P,4,14,15,26,30,30,27,33,33
5-Q,2,3,5,6,5,15,9,8,8
5-R,1,2,3,4,4,3,3,10,9
5-S,5,12,13,24,26,25,31,29,26
5-T,4,12,13,19,23,21,22,26,28
6-A,2,14,15,23,24,28,26,26,24
6-B,4,14,15,22,29,23,26,22,24
6-C,3,9,10,20,26,23,30,28,28
6-D,5,9,10,20,23,26,26,23,22
6-E,1,6,8,17,22,22,21,18,20
6-F,5,12,13,22,29,27,29,25,26
6-G,3,8,9,18,28,23,22,23,23
6-H,5,8,9,10,19,22,10,15,15
6-I,3,14,15,28,32,34,31,27,29
6-J,3,6,8,13,19,16,20,23,27
6-K,2,6,7,12,17,17,15,16,17
6-L,3,5,6,10,15,14,14,12,13
6-M,1,3,4,5,5,4,5,10,11
6-N,6,14,15,23,32,27,31,25,27
6-O,2,5,6,6,6,10,11,18,17
6-P,4,17,18,29,35,32,34,35,34
6-Q,3,5,6,12,14,16,16,15,13
6-R,4,5,6,12,15,13,15,14,13
6-S,5,2,3,13,27,20,17,16,16
6-T,2,2,3,4,6,9,9,8,8
7-A,3,10,12,18,20,19,22,20,20
7-B,3,12,13,25,27,26,28,23,26
7-C,6,13,15,21,25,25,29,29,26
7-D,3,6,8,15,18,22,20,23,24
7-E,3,11,12,23,27,27,27,25,22
7-F,3,11,12,19,25,24,26,26,27
7-G,6,14,15,22,24,28,26,24,24
7-H,3,1,2,7,12,12,11,10,10
7-I,2,12,13,21,24,26,26,25,25
7-J,0,0,0,0,0,0,0,0,0
7-K,6,16,17,27,30,32,30,29,33
7-L,6,6,7,16,20,21,17,17,15
7-M,3,3,4,6,16,15,15,16,15
7-N,1,3,5,6,8,16,15,19,16
7-O,3,6,7,14,17,15,17,16,15
7-P,5,15,16,24,31,28,33,27,30
7-Q,2,3,4,5,15,15,14,12,12
7-R,1,9,10,19,25,22,23,23,20
7-S,4,5,6,6,8,8,8,18,17
7-T,2,8,9,17,22,22,25,23,24
8-A,5,11,12,23,24,24,23,26,24
8-B,2,2,3,8,13,12,10,11,9
8-C,4,3,5,5,5,5,7,5,5
8-D,2,5,6,14,17,16,15,15,19
8-E,4,5,6,6,6,8,8,24,21
8-F,5,5,6,12,16,15,17,14,13
8-G,2,5,6,8,10,16,13,17,15
8-H,1,3,4,5,5,13,11,18,20
8-I,4,12,13,19,23,26,27,28,30
8-J,3,3,5,6,6,6,6,8,8
8-K,3,8,9,13,17,16,15,14,14
8-L,5,2,3,3,4,5,13,10,13
8-M,3,5,6,8,6,7,15,16,15
8-N,3,4,5,12,13,12,13,10,9
8-O,1,9,10,17,21,20,22,24,23
8-P,4,2,3,4,4,5,5,3,3
8-Q,4,5,6,7,6,8,16,15,15
8-R,5,13,14,24,28,30,29,28,32
8-S,5,5,6,16,17,19,11,15,15
8-T,4,4,5,6,6,16,17,16,14
9-A,4,9,10,16,20,19,20,24,26
9-B,5,4,5,11,17,22,23,19,22
9-C,3,11,12,21,26,28,26,25,26
9-D,1,3,4,5,6,5,7,12,12
9-E,2,3,5,6,6,9,9,12,14
9-F,6,6,8,8,8,8,10,18,18
9-G,4,12,13,24,29,27,31,28,31
9-H,2,15,16,29,31,32,31,29,26
9-I,4,10,11,20,24,24,24,24,21
9-J,3,9,10,20,27,26,25,24,22
9-K,6,9,10,16,24,25,23,25,24
9-L,3,8,9,17,20,19,17,16,17
9-M,3,5,6,9,6,10,15,14,17
9-N,3,10,12,19,24,25,22,22,20
9-O,3,9,10,12,16,20,20,20,20
9-P,3,6,7,17,22,21,21,17,18
9-Q,3,11,12,14,19,13,22,21,20
9-R,2,9,10,17,27,22,21,26,23
9-S,3,2,3,4,8,8,9,16,16
9-T,1,3,5,5,5,6,6,19,18
10-A,3,5,6,12,15,13,13,12,12
10-B,3,10,11,21,27,26,22,23,20
10-C,6,5,6,19,26,23,26,19,21
10-D,2,5,6,15,15,15,15,14,15
10-E,3,9,10,19,23,23,24,26,33
10-F,5,6,7,8,10,16,16,14,13
10-G,6,12,13,26,32,31,27,24,23
10-H,3,9,10,22,27,26,26,28,29
10-I,1,6,7,20,24,24,23,24,22
10-J,0,0,0,0,0,0,0,0,0
10-K,3,5,6,17,17,15,15,15,15
10-L,4,4,5,13,19,13,16,5,5
10-M,3,8,9,16,18,19,21,18,16
10-N,3,12,13,17,20,20,20,20,20
10-O,2,6,8,16,20,20,19,18,17
10-P,5,6,7,9,8,10,17,17,15
10-Q,3,6,7,16,20,23,20,19,18
10-R,6,6,7,14,17,16,16,15,13
10-S,2,2,3,4,4,4,6,10,13
10-T,2,6,8,10,8,16,15,16,18
11-A,4,15,16,28,29,30,29,29,30
11-B,5,4,5,6,6,7,9,14,16
11-C,5,2,3,4,4,5,6,16,13
11-D,2,3,4,12,13,12,15,13,14
11-E,3,6,7,9,16,20,16,17,16
11-F,1,2,3,11,17,17,17,3,3
11-G,3,8,9,10,13,13,22,19,19
11-H,3,8,9,18,23,22,25,23,25
11-I,4,9,10,17,22,22,24,22,20
11-J,2,10,11,24,27,28,27,24,23
11-K,0,0,0,0,0,0,0,0,0
11-L,3,10,11,19,25,22,24,26,24
11-M,3,6,7,14,17,17,20,23,22
11-N,4,15,16,26,32,30,29,26,26
11-O,2,12,13,24,26,27,28,26,24
11-P,5,6,7,11,13,13,13,13,13
11-Q,2,9,10,15,19,20,20,19,20
11-R,2,8,9,12,10,13,22,20,22
11-S,3,8,9,20,25,24,22,23,25
11-T,1,6,7,19,27,18,19,26,28
12-A,3,8,9,15,17,18,16,15,16
12-B,2,5,6,12,16,16,15,14,14
12-C,5,9,10,20,20,20,24,25,23
12-D,4,2,3,5,12,19,17,17,16
12-E,1,15,16,26,30,25,29,34,36
12-F,3,13,15,21,32,31,31,31,34
12-G,4,3,4,13,20,15,16,15,15
12-H,6,14,15,24,26,26,27,27,24
12-I,3,6,7,12,17,15,15,15,15
12-J,4,6,8,13,17,16,16,16,14
12-K,3,12,13,20,23,23,23,23,23
12-L,2,3,5,5,7,8,19,15,17
12-M,4,9,10,16,19,16,17,16,17
12-N,7,10,12,20,33,27,31,24,26
12-O,2,15,16,24,31,28,28,30,26
12-P,4,12,13,23,29,29,30,26,24
12-Q,3,3,5,5,6,8,9,18,20
12-R,1,1,2,3,3,10,9,3,3
12-S,3,13,14,26,28,29,28,26,26
12-T,1,2,3,5,5,10,8,17,18
13-A,5,10,12,21,23,26,27,26,29
13-B,5,9,10,20,12,14,20,22,21
13-C,3,8,9,17,24,21,23,20,20
13-D,4,13,14,24,32,27,28,26,24
13-E,3,6,8,9,20,16,18,16,16
13-F,6,8,9,16,23,24,20,17,15
13-G,3,12,13,25,30,31,30,27,27
13-H,3,10,11,22,25,28,24,23,22
13-I,4,8,9,14,19,17,17,16,16
13-J,4,10,12,22,30,26,30,31,33
13-K,3,11,12,22,29,26,27,23,23
13-L,1,2,3,14,15,11,9,12,10
13-M,5,15,16,25,28,29,29,29,33
13-N,2,6,7,13,16,16,16,15,14
13-O,4,8,9,16,18,24,23,22,25
13-P,3,5,6,12,16,13,13,13,13
13-Q,3,2,3,5,5,5,5,8,8
13-R,3,13,15,29,33,32,33,29,29
13-S,3,5,6,8,7,8,16,16,15
13-T,2,6,8,9,9,9,9,11,12
14-A,1,12,13,20,27,24,23,27,27
14-B,3,3,5,5,8,17,18,20,23
14-C,3,5,6,16,22,16,19,19,22
14-D,4,12,13,23,26,27,30,26,26
14-E,3,11,12,22,25,26,29,26,23
14-F,3,2,3,5,4,5,6,9,8
14-G,3,6,7,8,12,17,15,16,19
14-H,4,10,11,24,27,27,26,24,26
14-I,3,9,10,21,24,26,24,23,22
14-J,3,2,3,4,5,5,5,3,4
14-K,3,8,9,16,20,20,20,19,19
14-L,3,13,14,22,29,28,23,24,23
14-M,9,16,17,26,26,25,23,17,17
14-N,4,6,7,16,20,20,22,19,22
14-O,4,5,6,7,6,7,14,15,15
14-P,2,3,4,9,12,12,10,6,6
14-Q,3,6,8,13,16,16,16,15,15
14-R,3,10,11,16,19,17,17,18,19
14-S,3,6,8,16,20,19,19,21,22
14-T,3,3,5,6,6,13,12,12,13
15-A,2,5,6,8,6,15,18,17,19
15-B,4,12,13,25,28,24,23,24,23
15-C,3,6,7,8,10,9,11,14,13
15-D,4,9,10,17,22,20,22,19,17
15-E,2,5,6,7,12,20,16,20,20
15-F,3,6,7,8,8,15,16,17,16
15-G,2,10,11,12,12,13,16,16,16
15-H,3,5,6,8,6,8,17,18,16
15-I,3,6,7,15,15,17,16,24,22
15-J,3,8,9,16,23,23,23,20,21
15-K,3,2,3,5,5,8,10,13,15
15-L,6,6,7,9,8,9,16,17,15
15-M,3,5,6,17,20,21,19,17,18
15-N,3,2,3,13,22,20,16,16,16
15-O,3,12,13,23,28,31,25,24,24
15-P,2,3,4,5,5,11,9,12,15
15-Q,5,10,12,23,25,27,27,27,25
15-R,5,6,7,16,16,22,17,15,14
15-S,3,9,10,16,22,20,19,21,17
15-T,3,3,5,15,15,12,15,5,5
16-A,5,13,14,23,27,28,26,27,29
16-B,5,11,12,19,23,24,26,24,26
16-C,6,16,17,24,34,31,29,31,33
16-D,3,8,9,13,17,16,16,15,15
16-E,4,9,10,16,19,17,18,17,16
16-F,6,12,13,23,27,24,29,28,27
16-G,5,13,14,23,26,27,27,26,24
16-H,2,3,4,5,5,5,6,4,4
16-I,3,5,6,6,7,12,12,13,13
16-J,5,8,9,18,24,23,23,21,20
16-K,3,12,13,22,27,29,26,26,25
16-L,1,4,5,7,13,8,15,12,12
16-M,3,8,9,17,23,22,22,20,21
16-N,6,4,5,9,15,15,13,13,12
16-O,1,9,10,15,19,19,17,16,18
16-P,6,17,19,30,33,33,30,34,36
16-Q,1,6,8,15,13,9,10,11,12
16-R,5,2,3,4,5,5,6,10,11
16-S,2,2,3,3,5,15,13,12,12
16-T,3,12,13,23,29,27,27,27,26
17-A,6,9,10,23,27,25,29,23,21
17-B,5,8,9,10,10,17,12,13,12
17-C,3,8,9,19,21,23,22,16,16
17-D,2,2,3,4,4,4,5,3,3
17-E,2,10,12,13,19,22,23,19,19
17-F,3,10,11,13,13,21,17,18,17
17-G,2,10,12,21,22,24,24,24,22
17-H,7,5,6,7,10,9,10,20,20
17-I,1,5,6,7,8,20,15,16,16
17-J,3,6,8,8,14,13,9,13,13
17-K,3,6,8,21,20,22,19,17,18
17-L,4,5,6,7,6,8,15,16,15
17-M,2,11,12,22,28,23,25,25,22
17-N,2,10,12,23,24,29,27,22,24
17-O,2,12,13,26,32,28,28,27,27
17-P,5,12,13,25,29,28,24,26,26
17-Q,3,3,4,5,5,5,6,20,18
17-R,2,5,6,16,22,18,23,20,20
17-S,3,8,9,20,26,23,24,22,23
17-T,2,8,9,10,15,17,17,19,19
18-A,4,13,14,22,26,27,25,28,29
18-B,3,3,4,5,5,6,6,9,9
18-C,2,6,8,9,9,16,17,19,19
18-D,6,14,15,20,24,29,27,26,26
18-E,3,4,5,6,6,6,6,5,5
18-F,5,4,5,6,6,6,8,6,6
18-G,5,14,15,26,33,30,31,31,27
18-H,1,10,11,20,26,24,23,23,23
18-I,3,8,9,15,20,18,18,17,16
18-J,3,9,10,15,18,18,18,16,17
18-K,2,3,4,5,5,5,6,7,6
18-L,1,3,4,5,5,8,9,18,19
18-M,3,5,6,8,11,17,16,16,17
18-N,2,6,8,18,25,24,21,23,20
18-O,5,8,9,16,27,23,20,20,22
18-P,3,3,5,16,23,17,18,18,15
18-Q,4,13,15,21,28,28,27,30,29
18-R,3,4,5,7,6,10,15,17,15
18-S,4,8,9,20,22,23,22,23,21
18-T,3,3,5,6,6,17,18,15,19
19-A,2,10,11,13,18,27,19,21,22
19-B,0,0,0,0,0,0,0,0,0
19-C,1,2,3,6,16,13,15,10,10
19-D,3,6,7,8,13,12,12,13,12
19-E,2,11,12,23,27,29,27,24,23
19-F,4,9,10,19,23,22,27,20,22
19-G,2,9,10,19,30,24,23,20,20
19-H,3,2,3,9,13,16,12,8,7
19-I,3,11,12,21,27,23,26,23,23
19-J,5,12,13,22,31,29,29,25,24
19-K,1,5,6,16,20,22,26,21,22
19-L,2,8,9,21,24,23,29,22,19
19-M,4,9,10,17,23,22,20,19,18
19-N,3,10,12,20,26,23,25,23,23
19-O,3,9,10,19,22,24,23,20,21
19-P,3,3,5,13,16,14,13,16,15
19-Q,3,8,9,10,19,23,18,19,20
19-R,5,15,16,26,33,33,30,30,31
19-S,3,4,5,9,15,15,14,11,13
19-T,3,10,11,23,26,26,32,26,29
20-A,6,10,12,22,23,22,23,24,26
20-B,6,6,7,16,19,16,17,17,17
20-C,3,6,8,8,9,9,10,9,9
20-D,2,9,10,18,24,24,25,24,25
20-E,5,8,9,10,10,16,15,17,18
20-F,5,6,8,8,8,8,16,15,15
20-G,3,8,9,10,16,15,19,16,18
20-H,3,5,6,13,23,21,21,6,6
20-I,5,4,5,13,18,13,13,5,5
20-J,3,8,9,18,22,23,22,26,25
20-K,4,10,11,14,12,22,20,12,12
20-L,4,4,5,6,6,13,13,15,13
20-M,3,6,8,9,9,8,19,17,20
20-N,4,4,5,6,6,7,8,13,11
20-O,1,4,5,6,6,15,12,13,13
20-P,4,8,9,12,10,16,19,19,22
20-Q,6,8,9,19,25,21,23,24,23
20-R,3,6,7,8,13,10,10,10,11
20-S,2,3,4,5,14,17,16,8,8
20-T,3,8,9,16,23,21,20,20,23
21-A,5,9,10,16,25,21,20,20,20
21-B,5,10,12,17,23,23,22,23,23
21-C,1,5,6,8,12,14,16,14,15
21-D,3,15,16,23,26,29,29,27,27
21-E,2,10,12,22,25,26,27,23,24
21-F,4,4,5,8,6,7,13,14,14
21-G,3,6,8,16,20,21,21,20,20
21-H,3,1,2,3,8,6,10,12,11
21-I,3,9,10,18,23,20,21,22,17
21-J,3,3,5,5,16,22,22,19,21
21-K,1,3,5,5,5,15,13,22,22
21-L,2,6,8,12,16,16,16,16,13
21-M,3,3,4,5,5,5,6,5,5
21-N,3,8,9,20,22,22,23,22,17
21-O,2,10,11,22,26,29,28,24,23
21-P,5,8,9,15,19,19,16,17,17
21-Q,3,10,11,22,25,25,24,22,23
21-R,4,10,12,22,26,23,24,25,22
21-S,6,8,9,19,21,24,22,25,23
21-T,4,15,16,24,33,31,30,28,28
22-A,2,6,8,9,8,13,17,19,18
22-B,3,6,8,9,8,17,15,15,14
22-C,4,12,13,26,32,30,29,28,27
22-D,2,4,5,6,6,7,7,9,8
22-E,1,2,3,4,4,5,6,20,17
22-F,5,13,14,23,29,31,29,31,30
22-G,3,15,16,21,26,27,26,27,24
22-H,4,10,11,20,24,20,24,25,22
22-I,3,12,13,23,32,27,30,27,30
22-J,3,13,14,24,23,24,25,29,25
22-K,5,4,5,15,16,10,17,14,14
22-L,4,10,12,21,29,30,27,22,21
22-M,3,6,7,9,9,15,15,14,16
22-N,2,3,5,6,10,13,16,11,12
22-O,6,11,12,20,23,24,23,23,20
22-P,3,10,12,19,26,27,28,25,24
22-Q,2,2,3,5,5,5,6,6,6
22-R,3,6,8,19,27,23,27,20,17
22-S,1,2,3,5,13,13,12,14,15
22-T,2,9,10,19,24,23,26,25,20
23-A,2,11,12,18,24,22,22,24,22
23-B,3,3,4,20,26,23,24,14,14
23-C,5,4,5,6,6,8,14,16,15
23-D,3,6,8,12,16,16,17,15,15
23-E,1,2,3,4,5,6,8,10,10
23-F,4,6,7,17,20,23,20,19,21
23-G,5,16,17,26,33,35,34,37,36
23-H,1,3,4,4,4,6,6,17,19
23-I,4,10,11,19,26,26,27,26,29
23-J,2,6,7,18,19,20,22,19,21
23-K,2,5,6,15,22,22,22,17,18
23-L,3,4,5,12,19,16,17,18,15
23-M,1,2,3,4,13,16,16,13,14
23-N,3,12,13,18,25,30,25,24,24
23-O,4,12,13,19,24,25,23,24,22
23-P,4,6,7,13,22,18,21,21,21
23-Q,5,4,5,10,14,13,15,13,14
23-R,4,4,5,6,6,6,6,12,11
23-S,3,13,14,22,24,24,26,23,24
23-T,3,4,5,6,6,7,9,11,10
24-A,3,5,6,8,8,8,16,12,12
24-B,3,9,10,20,14,26,18,16,16
24-C,2,4,5,16,20,21,19,23,20
24-D,3,10,12,19,24,23,24,24,26
24-E,5,13,14,23,29,29,27,29,26
24-F,3,6,8,15,22,19,17,24,24
24-G,3,12,13,23,30,30,27,26,26
24-H,3,2,3,5,3,6,8,8,9
24-I,4,8,9,19,21,23,23,20,20
24-J,2,3,4,8,21,19,19,11,11
24-K,5,9,10,15,20,17,17,17,16
24-L,3,11,12,24,32,30,26,24,24
24-M,1,8,9,14,17,16,16,17,18
24-N,3,9,10,16,20,19,20,20,18
24-O,6,11,12,21,26,26,26,23,22
24-P,5,9,10,17,19,22,21,19,20
24-Q,2,2,3,4,15,16,15,16,15
24-R,4,4,5,8,6,6,17,16,13
24-S,3,2,3,5,4,7,6,8,8
24-T,3,2,3,5,6,10,5,8,8
25-A,4,8,9,15,19,21,22,25,24
25-B,3,4,5,7,12,11,7,12,12
25-C,2,8,9,10,20,27,17,16,18
25-D,6,6,8,16,20,22,23,19,22
25-E,1,6,7,15,19,17,17,15,16
25-F,2,3,5,6,6,6,8,5,5
25-G,3,11,12,21,27,24,30,24,26
25-H,1,8,9,16,22,20,22,19,22
25-I,1,10,12,22,26,27,26,25,23
25-J,3,8,9,10,10,10,15,15,16
25-K,1,5,6,13,18,17,15,22,20
25-L,5,5,6,14,17,16,20,18,19
25-M,4,10,11,23,27,26,25,24,23
25-N,2,8,9,18,24,24,25,18,18
25-O,1,10,11,19,22,24,23,20,23
25-P,6,6,7,13,19,20,21,23,27
25-Q,3,4,5,10,24,26,21,20,20
25-R,6,13,15,24,31,31,27,30,29
25-S,1,3,5,5,5,12,12,10,10
25-T,1,2,3,3,3,3,5,3,3
26-A,3,5,6,14,16,16,15,16,17
26-B,3,10,12,24,29,27,30,28,26
26-C,3,6,7,17,21,26,17,17,17
26-D,2,6,8,12,16,16,15,13,13
26-E,5,12,13,23,27,28,33,27,26
26-F,1,8,9,11,12,17,20,19,16
26-G,4,2,3,5,4,15,12,13,13
26-H,2,6,7,16,21,23,25,19,20
26-I,6,3,5,6,20,13,12,12,13
26-J,3,4,5,6,17,23,22,21,25
26-K,5,4,5,15,16,16,16,15,15
26-L,3,6,7,9,7,9,15,15,15
26-M,1,3,4,5,5,6,6,5,5
26-N,3,13,15,21,25,22,23,22,21
26-O,3,13,14,27,29,27,30,26,25
26-P,5,9,10,15,19,17,17,16,15
26-Q,3,4,5,6,6,12,13,15,15
26-R,3,3,5,5,5,5,8,7,7
26-S,1,3,4,5,5,5,5,4,4
26-T,3,6,8,17,21,23,20,20,20
27-A,6,3,5,6,6,7,11,13,16
27-B,3,2,3,4,4,5,5,3,3
27-C,5,10,12,22,22,24,26,28,27
27-D,3,12,13,26,28,26,27,24,26
27-E,4,9,10,12,20,19,22,17,19
27-F,5,3,5,6,20,9,9,17,18
27-G,2,2,3,6,12,8,13,12,13
27-H,4,15,16,27,31,34,36,32,32
27-I,3,3,5,12,13,14,15,14,12
27-J,4,8,9,19,25,27,29,23,22
27-K,3,5,6,13,20,20,23,18,22
27-L,4,3,5,5,5,12,13,20,19
27-M,4,3,5,5,6,12,13,16,19
27-N,5,12,13,20,28,25,28,28,31
27-O,2,2,3,6,10,10,10,10,9
27-P,3,6,8,18,26,27,23,24,24
27-Q,4,15,16,23,28,29,29,30,33
27-R,3,11,12,20,28,27,26,25,23
27-S,3,14,15,22,29,34,31,29,26
27-T,3,13,14,24,26,30,26,27,27
28-A,1,8,9,15,19,22,24,28,26
28-B,3,4,5,12,22,17,22,26,26
28-C,3,9,10,20,21,22,24,24,21
28-D,2,12,13,28,25,28,27,29,25
28-E,2,12,13,24,29,22,24,24,26
28-F,1,4,5,6,8,9,8,8,8
28-G,3,8,9,24,30,17,24,18,17
28-H,1,3,4,5,12,10,10,20,19
28-I,3,13,14,19,20,21,22,19,20
28-J,4,10,12,19,22,27,23,22,22
28-K,3,3,5,5,5,6,6,12,12
28-L,5,14,15,24,31,31,27,26,29
28-M,3,13,14,19,20,20,19,19,19
28-N,3,13,15,20,25,24,31,24,26
28-O,3,5,6,13,17,19,19,16,15
28-P,2,5,6,15,24,21,19,18,18
28-Q,6,15,16,31,31,34,34,28,31
28-R,4,5,6,8,15,13,19,15,16
28-S,3,8,9,21,26,24,24,22,23
28-T,3,4,5,6,6,7,15,13,16
29-A,3,11,12,21,24,27,27,28,24
29-B,3,5,6,9,8,18,13,12,13
29-C,3,5,6,14,20,17,19,16,16
29-D,1,9,10,17,26,21,25,22,22
29-E,3,12,13,24,29,29,29,25,26
29-F,5,13,15,27,31,27,28,30,29
29-G,0,0,1,1,1,1,1,14,15
29-H,5,2,3,4,21,19,17,17,17
29-I,0,0,0,0,0,0,0,0,0
29-J,2,8,9,20,23,24,24,20,23
29-K,3,8,9,10,12,13,16,19,19
29-L,3,11,12,15,22,19,15,17,16
29-M,3,6,7,15,17,16,16,14,15
29-N,1,5,6,11,13,12,13,11,12
29-O,2,10,11,20,24,26,23,22,23
29-P,3,2,3,5,12,11,10,11,12
29-Q,2,6,7,9,19,15,10,17,16
29-R,3,10,11,19,22,22,23,20,20
29-S,5,5,6,8,9,12,10,12,12
29-T,3,4,5,6,6,6,5,8,8
30-A,1,9,10,22,20,23,25,20,22
30-B,3,10,12,16,22,20,25,24,24
30-C,2,9,10,18,27,26,22,24,23
30-D,3,9,10,23,32,32,27,25,24
30-E,2,8,9,20,26,25,21,20,22
30-F,2,9,10,17,24,21,20,17,20
30-G,4,10,12,21,25,26,27,26,23
30-H,3,9,10,11,13,15,20,20,22
30-I,2,6,8,15,16,17,15,14,15
30-J,1,12,13,21,24,24,29,30,31
30-K,5,9,10,21,25,21,22,20,18
30-L,5,8,9,19,27,24,21,26,24
30-M,7,6,7,8,8,9,15,13,15
30-N,3,13,14,24,25,27,26,23,25
30-O,3,9,10,19,28,30,24,27,27
30-P,3,15,16,25,29,30,29,32,30
30-Q,3,10,12,20,25,26,23,21,23
30-R,3,6,8,16,19,17,19,17,18
30-S,2,8,9,17,25,24,22,20,19
30-T,3,6,8,9,22,11,14,15,18
31-A,0,0,0,0,0,0,0,0,0
31-B,2,8,9,15,17,16,18,15,16
31-C,3,9,10,12,10,12,13,13,14
31-D,3,5,6,17,23,9,16,15,15
31-E,2,5,6,8,14,14,13,16,13
31-F,2,6,7,18,27,22,23,23,24
31-G,2,2,3,4,4,10,12,17,20
31-H,0,0,0,0,0,0,0,0,0
31-I,6,4,5,6,14,19,19,5,5
31-J,1,11,12,23,28,27,27,26,22
31-K,2,6,7,16,21,19,18,24,33
31-L,3,3,5,5,5,6,8,19,15
31-M,4,5,6,6,6,8,8,8,7
31-N,3,3,5,6,18,17,19,15,12
31-O,3,3,4,5,8,9,9,9,8
31-P,1,2,3,4,4,14,13,15,18
31-Q,4,3,5,6,6,6,7,8,8
31-R,1,4,5,10,15,15,13,12,12
31-S,3,10,11,23,27,26,27,24,24
31-T,3,8,9,15,21,23,23,22,22
32-A,1,6,7,14,23,26,24,17,19
32-B,3,9,10,17,22,22,23,20,19
32-C,3,9,10,11,10,11,16,19,17
32-D,3,3,5,5,5,5,7,14,17
32-E,2,6,7,17,20,20,20,24,22
32-F,3,10,11,22,27,26,25,27,28
32-G,5,12,13,19,24,26,26,26,29
32-H,5,12,13,15,13,15,21,20,19
32-I,4,12,13,22,23,23,23,23,23
32-J,3,4,5,13,16,17,19,20,17
32-K,3,8,9,10,17,9,15,19,18
32-L,2,4,5,9,9,9,9,5,5
32-M,1,9,10,12,19,23,21,17,20
32-N,4,4,5,6,28,21,23,20,17
32-O,2,10,12,17,25,28,22,23,22
32-P,3,2,3,4,4,5,6,16,15
32-Q,2,11,12,21,30,29,28,22,25
32-R,3,10,11,24,30,30,28,29,27
32-S,2,6,7,9,19,16,14,13,12
32-T,2,14,15,22,27,26,29,30,32
33-A,6,6,8,8,8,8,10,8,8
33-B,3,8,9,10,10,15,16,16,17
33-C,6,12,13,22,31,33,32,24,23
33-D,5,8,9,14,16,17,17,16,16
33-E,3,5,6,9,19,20,15,16,16
33-F,0,0,0,0,0,0,0,0,0
33-G,3,12,13,21,27,26,24,24,26
33-H,1,6,7,13,17,17,15,15,15
33-I,3,3,4,9,10,10,9,9,10
33-J,5,11,12,24,28,29,28,25,23
33-K,3,10,11,17,19,17,17,16,17
33-L,6,13,14,22,27,28,29,27,31
33-M,5,8,9,21,31,17,17,19,20
33-N,5,11,12,23,29,24,24,26,26
33-O,3,10,12,20,29,30,27,26,24
33-P,6,9,10,16,26,24,23,21,22
33-Q,1,2,3,3,3,5,8,10,10
33-R,2,5,6,16,20,17,18,19,19
33-S,6,9,10,19,20,24,23,23,24
33-T,0,0,0,0,0,0,0,0,0
34-A,4,10,12,23,29,24,26,22,21
34-B,3,5,6,6,6,15,14,15,15
34-C,4,12,13,24,25,32,29,24,23
34-D,2,2,3,5,6,13,13,9,10
34-E,2,10,11,23,21,21,26,18,20
34-F,2,8,9,22,22,21,21,23,26
34-G,3,6,7,8,8,10,16,16,15
34-H,3,2,3,4,5,5,5,5,5
34-I,3,10,12,22,29,30,27,27,24
34-J,6,9,10,17,20,20,25,25,23
34-K,4,4,5,6,6,8,8,13,12
34-L,4,9,10,18,24,22,24,20,23
34-M,1,4,5,21,30,22,23,19,22
34-N,2,3,5,5,11,11,10,10,9
34-O,3,9,10,11,16,20,21,19,17
34-P,4,4,5,12,13,13,13,11,11
34-Q,5,13,15,23,28,27,28,24,24
34-R,6,9,10,21,23,23,25,21,22
34-S,0,0,0,0,0,0,0,0,0
34-T,3,3,5,5,7,6,12,14,13
35-A,3,12,13,22,27,30,33,26,26
35-B,6,5,6,23,30,21,22,19,20
35-C,3,8,9,20,30,21,20,22,23
35-D,3,9,10,15,17,15,15,16,16
35-E,2,8,9,16,19,19,19,18,18
35-F,3,8,9,13,14,25,19,20,21
35-G,5,8,9,16,23,24,20,21,20
35-H,5,10,12,22,26,28,29,27,26
35-I,5,2,3,4,5,5,5,17,15
35-J,3,5,6,10,13,12,11,11,11
35-K,3,8,9,16,20,21,24,26,23
35-L,2,6,7,20,23,22,19,20,18
35-M,0,0,0,0,0,0,0,0,0
35-N,4,10,12,21,23,22,23,24,24
35-O,3,9,10,17,18,19,23,22,22
35-P,2,8,9,16,22,23,23,20,23
35-Q,3,6,8,8,8,20,19,14,14
35-R,3,5,6,7,20,16,17,17,16
35-S,5,6,7,15,23,20,22,22,22
35-T,3,9,10,19,22,22,21,19,23
36-A,2,5,6,16,23,19,19,19,17
36-B,3,12,13,22,24,24,25,23,24
36-C,3,9,10,22,24,23,22,24,22
36-D,3,10,11,20,25,24,22,23,23
36-E,4,15,16,23,30,30,29,30,29
36-F,3,4,5,13,29,25,21,21,20
36-G,1,3,4,9,21,19,19,17,16
36-H,3,6,8,17,24,25,22,22,18
36-I,3,5,6,7,7,8,8,12,13
36-J,5,8,9,19,23,22,25,24,23
36-K,5,16,17,24,29,27,33,30,28
36-L,3,9,10,12,10,16,19,20,21
36-M,2,5,6,15,20,17,16,16,17
36-N,3,3,4,5,5,13,13,15,17
36-O,3,2,3,15,17,15,13,3,3
36-P,4,11,12,23,30,27,28,23,27
36-Q,4,10,12,23,25,23,26,28,27
36-R,3,8,9,11,22,26,20,19,17
36-S,3,2,3,4,5,5,6,14,15
36-T,5,3,5,6,15,11,13,12,12
37-A,6,8,9,20,22,22,24,24,22
37-B,2,6,7,13,16,14,16,16,15
37-C,3,14,15,24,31,27,26,28,30
37-D,3,3,4,16,19,12,14,14,12
37-E,2,13,14,23,29,28,27,28,29
37-F,3,9,10,11,11,16,19,18,20
37-G,5,8,9,21,25,24,23,25,23
37-H,2,12,13,18,22,22,23,21,21
37-I,3,6,8,12,15,15,14,13,13
37-J,3,10,11,20,31,30,26,25,27
37-K,6,15,16,24,30,30,29,31,33
37-L,4,6,7,14,17,15,16,14,15
37-M,5,10,12,20,26,28,25,27,24
37-N,3,6,7,16,18,18,16,17,17
37-O,4,3,4,5,12,14,13,13,13
37-P,5,5,6,14,19,16,14,14,13
37-Q,3,3,5,10,14,13,12,11,10
37-R,6,17,18,29,31,31,31,34,33
37-S,2,4,5,14,16,13,15,5,5
37-T,4,5,6,7,15,19,19,20,20
38-A,3,6,7,20,25,29,24,22,25
38-B,2,3,5,8,9,9,8,9,10
38-C,5,9,10,18,27,27,26,24,24
38-D,3,12,13,20,26,24,26,29,31
38-E,3,10,11,12,12,17,18,17,17
38-F,3,5,6,16,24,20,17,16,19
38-G,5,2,3,5,4,6,6,9,9
38-H,3,3,5,6,19,20,20,16,17
38-I,3,2,3,7,22,5,5,13,15
38-J,4,3,4,5,5,6,7,17,20
38-K,5,9,10,15,20,21,22,19,20
38-L,3,9,10,21,22,29,27,24,23
38-M,4,12,13,24,31,26,27,28,24
38-N,1,6,7,20,26,18,23,19,20
38-O,3,12,13,22,24,24,26,23,22
38-P,4,13,14,25,29,31,28,26,25
38-Q,0,0,0,0,0,0,0,0,0
38-R,3,6,7,15,17,16,15,14,12
38-S,3,6,8,13,15,15,14,13,14
38-T,6,3,4,5,13,15,12,13,14
39-A,4,12,13,27,31,29,29,29,27
39-B,6,5,6,7,11,8,8,15,13
39-C,3,5,6,13,19,20,21,17,20
39-D,3,3,4,5,10,18,15,17,19
39-E,4,10,11,17,22,21,27,23,23
39-F,3,6,7,15,20,22,22,20,23
39-G,4,5,6,7,8,16,15,24,21
39-H,7,6,7,12,14,15,15,15,13
39-I,5,14,15,26,29,27,32,24,26
39-J,3,8,9,19,22,22,21,23,23
39-K,0,0,0,0,0,0,0,0,0
39-L,3,11,12,17,23,26,22,20,20
39-M,2,10,11,18,22,24,22,23,21
39-N,4,3,5,6,5,17,6,8,8
39-O,5,6,8,16,19,17,19,22,26
39-P,5,13,14,30,33,33,35,27,28
39-Q,2,9,10,11,12,20,13,17,18
39-R,2,11,12,21,25,26,27,26,23
39-S,5,8,9,15,19,19,19,17,17
39-T,2,11,12,20,26,26,25,24,21
40-A,3,2,3,8,19,16,14,17,16
40-B,3,8,9,13,17,17,16,14,15
40-C,4,2,3,11,16,13,14,8,8
40-D,2,6,8,16,16,19,17,15,16
40-E,3,9,10,18,26,22,22,18,19
40-F,4,12,13,23,24,27,24,26,25
40-G,5,5,6,8,8,10,14,13,17
40-H,2,2,3,5,4,15,11,10,11
40-I,3,4,5,6,6,6,7,6,7
40-J,3,12,13,21,24,30,24,25,24
40-K,1,1,2,3,3,12,12,17,18
40-L,3,14,15,21,27,26,26,26,24
40-M,3,12,13,26,27,29,29,26,24
40-N,3,3,5,13,16,13,15,13,12
40-O,3,5,6,16,18,15,15,14,15
40-P,4,3,5,5,7,12,12,5,5
40-Q,1,8,9,15,22,24,25,22,26
40-R,3,5,6,8,6,8,17,17,16
40-S,2,13,14,23,28,28,30,25,26
40-T,2,6,7,13,15,14,15,14,14
41-A,4,3,4,5,6,6,7,8,8
41-B,3,8,9,20,30,24,21,20,20
41-C,3,9,10,22,29,24,23,24,23
41-D,3,4,5,15,18,16,17,5,5
41-E,3,9,10,17,21,23,19,21,20
41-F,4,10,11,21,26,25,23,23,22
41-G,1,8,9,16,20,20,17,17,19
41-H,7,13,14,21,24,23,32,26,26
41-I,1,2,3,3,3,4,5,9,9
41-J,6,8,9,17,20,29,19,21,24
41-K,2,8,9,17,20,17,18,16,17
41-L,6,11,12,20,25,26,26,24,26
41-M,4,3,4,5,5,6,7,19,21
41-N,1,10,11,17,19,17,19,18,16
41-O,1,14,15,26,27,30,32,27,28
41-P,2,3,4,5,5,8,15,13,13
41-Q,2,5,6,14,17,18,18,19,19
41-R,3,9,10,19,25,25,23,20,23
41-S,1,8,9,17,17,14,15,14,14
41-T,3,5,6,7,7,8,8,7,7
42-A,4,4,5,7,12,14,14,13,15
42-B,2,13,14,20,26,26,27,25,27
42-C,2,5,6,9,12,17,16,14,15
42-D,1,10,11,20,25,27,25,22,23
42-E,3,9,10,17,22,23,22,17,18
42-F,1,4,5,6,14,23,20,18,23
42-G,2,4,5,7,8,20,16,19,21
42-H,3,3,4,5,5,13,15,21,20
42-I,2,12,13,24,29,29,24,26,24
42-J,3,8,9,10,15,19,23,21,19
42-K,3,13,14,24,25,28,26,25,26
42-L,3,2,3,4,6,18,12,10,10
42-M,1,8,9,19,23,24,26,24,20
42-N,2,3,4,5,5,7,6,9,8
42-O,3,6,8,15,19,21,22,19,17
42-P,3,3,5,5,6,6,6,5,5
42-Q,4,3,4,5,5,5,6,5,5
42-R,3,15,16,27,30,31,29,32,32
42-S,7,3,5,20,31,29,26,18,20
42-T,5,4,5,6,15,19,19,17,16
43-A,2,6,8,20,24,20,18,19,19
43-B,1,8,9,22,26,27,24,28,24
43-C,3,6,8,13,8,10,17,17,15
43-D,1,5,6,12,16,14,15,15,12
43-E,3,5,6,14,20,18,20,20,19
43-F,2,3,5,8,16,15,8,12,13
43-G,2,10,12,21,24,26,26,22,26
43-H,5,10,12,22,27,26,29,25,30
43-I,3,4,5,11,15,12,17,16,14
43-J,3,2,3,3,4,5,5,4,4
43-K,3,9,10,16,23,23,22,23,23
43-L,2,6,8,13,17,17,20,26,25
43-M,2,5,6,14,14,15,13,13,16
43-N,3,5,6,17,23,24,20,24,20
43-O,2,5,6,20,24,22,22,22,21
43-P,2,8,9,18,26,21,24,22,21
43-Q,4,8,9,10,10,10,19,18,17
43-R,4,8,9,10,9,11,16,15,15
43-S,2,3,4,8,12,8,12,10,12
43-T,2,4,5,6,9,13,11,5,5
44-A,3,6,7,15,24,22,20,22,24
44-B,2,2,3,4,4,5,4,6,7
44-C,5,6,8,17,21,20,21,16,17
44-D,3,6,7,9,19,22,9,10,11
44-E,5,6,7,9,8,12,20,18,15
44-F,3,8,9,17,19,20,22,22,23
44-G,3,6,8,16,23,22,17,18,19
44-H,3,3,5,6,5,10,16,15,15
44-I,2,6,7,12,17,15,16,15,16
44-J,1,3,5,9,14,10,12,24,23
44-K,3,8,9,17,27,21,23,22,17
44-L,2,9,10,15,18,18,19,16,17
44-M,3,4,5,15,19,18,20,15,16
44-N,1,9,10,20,28,15,17,16,16
44-O,4,15,16,24,30,33,28,29,28
44-P,3,9,10,19,25,20,26,17,20
44-Q,3,9,10,23,26,24,23,22,23
44-R,0,0,0,0,0,0,0,0,0
44-S,3,10,11,16,23,22,25,26,26
44-T,3,6,7,19,19,20,20,17,17
45-A,2,8,9,16,21,20,23,21,19
45-B,4,15,16,23,31,31,31,31,27
45-C,1,4,5,9,13,23,20,19,20
45-D,6,8,9,16,23,20,19,21,20
45-E,3,6,7,14,19,17,17,18,17
45-F,3,12,13,22,23,26,24,29,29
45-G,0,0,0,0,0,0,0,0,0
45-H,3,6,8,9,12,20,17,19,17
45-I,3,6,7,11,16,15,15,13,13
45-J,3,13,15,24,26,29,27,27,26
45-K,3,4,5,6,6,7,8,107,116
45-L,1,3,5,6,19,22,23,19,24
45-M,6,8,9,16,20,18,17,16,16
45-N,4,13,15,23,27,31,31,26,26
45-O,1,6,8,10,13,15,16,20,18
45-P,2,6,7,17,17,16,15,15,13
45-Q,2,12,13,20,24,24,27,26,27
45-R,3,11,12,17,24,22,24,22,23
45-S,4,5,6,13,17,15,17,15,15
45-T,2,6,8,14,20,23,21,22,21
46-A,3,8,9,13,14,16,16,14,16
46-B,4,10,12,20,21,22,20,19,22
46-C,3,10,11,23,31,24,25,29,29
46-D,2,6,7,9,8,13,15,16,15
46-E,5,9,10,20,23,23,22,23,26
46-F,5,4,5,6,10,9,14,13,14
46-G,5,3,4,5,10,17,17,19,18
46-H,5,6,8,13,14,13,16,13,14
46-I,4,5,6,12,17,15,15,14,13
46-J,3,10,11,20,24,22,27,20,22
46-K,3,5,6,11,12,12,12,12,12
46-L,3,8,9,13,16,15,18,16,17
46-M,3,5,6,8,10,15,17,15,13
46-N,2,8,9,13,15,16,16,16,15
46-O,5,2,3,4,5,5,6,18,16
46-P,4,12,13,23,29,29,26,25,26
46-Q,3,6,8,9,15,16,16,16,17
46-R,3,2,3,5,12,18,18,17,19
46-S,4,14,15,23,33,28,29,31,31
46-T,3,3,4,10,13,16,14,13,13
47-A,3,5,6,12,16,16,19,19,18
47-B,3,6,8,9,8,9,9,12,13
47-C,1,3,4,5,9,10,9,13,15
47-D,3,6,8,15,17,18,16,15,17
47-E,2,2,3,4,6,10,10,3,3
47-F,3,6,8,16,19,16,18,16,16
47-G,1,1,2,5,5,12,11,16,14
47-H,3,8,9,11,9,23,19,19,18
47-I,1,4,5,7,6,13,14,15,12
47-J,3,6,7,16,15,16,20,13,13
47-K,3,8,9,17,23,23,20,25,23
47-L,3,5,6,15,17,18,17,15,17
47-M,4,5,6,9,7,10,13,14,14
47-N,3,13,15,25,28,30,29,26,27
47-O,5,6,8,12,16,15,15,14,16
47-P,2,12,13,24,27,26,27,31,29
47-Q,3,6,8,12,19,17,15,16,16
47-R,4,11,12,18,25,20,26,29,27
47-S,6,13,14,24,26,27,29,30,31
47-T,3,3,4,10,15,14,13,12,12
48-A,5,14,15,22,27,29,30,26,24
48-B,3,2,3,4,4,4,6,15,15
48-C,4,14,15,23,25,25,26,31,29
48-D,2,6,8,9,8,9,14,14,15
48-E,2,6,7,16,20,23,22,19,17
48-F,2,10,12,17,22,21,19,18,17
48-G,4,9,10,22,28,19,24,20,20
48-H,3,6,7,8,7,8,9,10,10
48-I,4,3,5,5,6,6,8,7,7
48-J,2,6,8,9,13,13,17,16,15
48-K,5,5,6,13,25,9,16,15,14
48-L,4,9,10,22,26,29,24,23,23
48-M,3,5,6,9,14,12,13,13,12
48-N,4,9,10,19,25,27,23,21,20
48-O,5,8,9,13,15,15,16,14,14
48-P,4,11,12,23,28,26,30,26,29
48-Q,4,5,6,12,20,18,22,19,19
48-R,5,12,13,21,25,30,29,23,24
48-S,2,8,9,16,22,23,17,21,20
48-T,3,9,10,19,20,23,23,23,20
49-A,5,16,17,31,33,30,32,27,33
49-B,3,9,10,17,24,22,20,22,22
49-C,2,12,13,26,32,28,30,25,29
49-D,1,6,7,17,26,25,26,20,20
49-E,5,12,13,26,29,30,32,27,30
49-F,3,6,7,17,25,24,19,19,17
49-G,3,8,9,16,18,19,17,18,16
49-H,3,9,10,22,30,25,27,23,23
49-I,2,9,10,15,20,22,23,25,27
49-J,2,5,6,13,16,15,16,15,17
49-K,2,5,6,7,7,12,12,19,23
49-L,5,16,17,27,30,30,33,30,33
49-M,3,9,10,17,22,24,27,23,27
49-N,6,6,7,8,8,8,10,18,16
49-O,3,6,7,15,25,10,16,15,14
49-P,6,3,5,6,5,7,8,9,9
49-Q,5,3,5,8,13,12,12,10,11
49-R,3,9,10,21,24,24,22,23,23
49-S,4,3,4,5,5,6,6,9,9
49-T,5,17,18,27,30,33,31,31,31
50-A,3,8,9,15,23,22,23,19,18
50-B,3,12,13,20,27,26,23,23,25
50-C,3,2,3,4,5,5,6,6,8
50-D,3,6,7,12,15,13,15,13,15
50-E,5,10,11,17,22,26,24,27,30
50-F,3,9,10,19,22,21,23,20,20
50-G,3,2,3,5,11,11,9,13,10
50-H,2,5,6,9,10,8,15,14,16
50-I,3,3,4,5,5,5,7,20,21
50-J,2,8,9,9,10,17,17,15,19
50-K,4,5,6,22,30,25,22,21,19
50-L,2,6,7,9,11,15,15,14,16
50-M,0,0,0,0,0,0,0,0,0
50-N,4,13,14,26,30,31,29,27,26
50-O,6,10,11,20,26,26,28,26,30
50-P,3,12,13,22,30,27,29,29,25
50-Q,2,2,3,4,4,4,5,5,5
50-R,3,8,9,15,17,16,16,16,13
50-S,2,5,6,8,22,10,17,14,14
50-T,3,8,9,17,21,19,21,19,19
51-A,2,6,8,8,12,9,16,17,16
51-B,3,8,9,17,23,25,23,24,21
51-C,3,11,12,20,25,22,24,19,20
51-D,5,11,12,24,34,31,29,30,32
51-E,1,8,9,11,9,10,10,12,12
51-F,4,8,9,18,27,24,25,25,25
51-G,5,10,11,19,26,27,24,24,24
51-H,3,13,14,26,33,32,29,27,27
51-I,2,8,9,18,23,25,22,22,24
51-J,3,10,11,23,26,27,27,23,24
51-K,4,13,15,23,29,26,25,24,24
51-L,3,4,5,6,6,7,15,15,15
51-M,3,5,6,8,8,17,17,15,15
51-N,3,9,10,22,30,25,24,22,20
51-O,4,10,12,20,24,26,22,22,24
51-P,4,13,15,26,33,31,30,27,26
51-Q,3,3,5,6,6,6,8,16,13
51-R,3,2,3,4,5,6,8,8,7
51-S,4,8,9,17,22,23,23,22,24
51-T,4,8,9,17,19,20,18,17,17
52-A,2,2,3,5,4,10,13,15,13
52-B,2,8,9,16,16,17,17,16,15
52-C,1,3,5,5,5,5,7,6,6
52-D,3,12,13,21,27,29,29,29,31
52-E,3,6,8,17,23,20,22,20,22
52-F,6,10,12,24,27,24,26,26,23
52-G,2,5,6,8,10,18,13,15,14
52-H,6,9,10,14,27,27,27,24,22
52-I,4,3,5,9,12,8,8,9,9
52-J,2,4,5,6,6,6,7,22,21
52-K,0,0,0,0,0,0,0,0,0
52-L,3,15,16,24,26,27,27,27,25
52-M,3,6,8,14,20,19,19,18,16
52-N,3,9,10,12,15,22,19,17,16
52-O,3,6,7,19,20,23,22,19,21
52-P,1,6,7,8,8,8,10,8,8
52-Q,1,9,10,16,23,20,18,18,17
52-R,2,6,7,16,24,17,16,18,19
52-S,4,4,5,6,6,8,9,9,9
52-T,4,3,4,9,12,10,12,14,11
53-A,2,8,9,15,19,19,19,16,18
53-B,5,10,12,20,24,24,22,20,22
53-C,3,5,6,17,19,26,22,17,16
53-D,3,8,9,19,24,24,24,24,25
53-E,2,8,9,16,27,17,13,15,13
53-F,3,5,6,6,9,12,10,11,11
53-G,3,8,9,19,24,23,21,19,17
53-H,1,8,9,19,24,23,22,22,23
53-I,2,12,13,20,25,28,24,24,27
53-J,3,3,4,11,11,11,10,10,10
53-K,4,12,13,26,29,26,31,25,23
53-L,2,3,4,5,5,9,9,4,4
53-M,2,5,6,16,19,21,18,17,17
53-N,1,9,10,19,12,21,16,20,19
53-O,1,8,9,20,23,25,23,22,23
53-P,5,5,6,11,12,12,11,11,12
53-Q,3,8,9,16,18,19,18,18,17
53-R,3,6,7,15,19,19,20,17,18
53-S,3,10,12,20,26,26,23,24,24
53-T,3,10,11,19,24,26,24,23,21
54-A,4,4,5,11,18,16,19,12,9
54-B,5,10,11,13,12,16,21,22,23
54-C,3,8,9,16,22,23,23,19,20
54-D,1,11,12,20,32,30,30,23,24
54-E,3,3,5,5,6,6,6,13,15
54-F,4,2,3,3,3,3,3,8,9
54-G,2,8,9,10,18,23,24,17,19
54-H,2,10,11,16,18,16,18,17,16
54-I,3,6,7,13,18,18,19,18,16
54-J,3,9,10,23,22,23,21,23,24
54-K,2,9,10,19,25,24,25,24,23
54-L,2,10,11,20,23,24,26,24,27
54-M,3,2,3,3,3,5,6,11,10
54-N,4,3,4,5,9,6,13,13,16
54-O,4,3,4,8,19,17,15,4,4
54-P,1,8,9,10,12,20,22,17,16
54-Q,3,12,13,23,33,31,29,28,30
54-R,6,13,14,23,30,30,33,30,32
54-S,3,3,5,16,19,18,18,13,14
54-T,1,4,5,6,6,7,9,16,16
55-A,4,11,12,23,29,27,29,29,27
55-B,3,3,4,5,5,5,6,6,6
55-C,1,8,9,19,21,20,22,18,20
55-D,3,6,8,9,12,11,17,17,17
55-E,2,9,10,18,24,26,27,24,24
55-F,2,12,13,22,25,27,29,28,25
55-G,2,8,9,17,22,21,24,20,20
55-H,6,10,12,23,25,26,28,30,31
55-I,0,0,0,0,0,0,0,0,0
55-J,3,6,8,13,19,18,18,18,18
55-K,3,5,6,8,7,8,15,15,16
55-L,3,4,5,8,7,6,8,10,12
55-M,5,6,7,8,8,12,20,17,18
55-N,3,2,3,10,14,13,11,11,10
55-O,3,12,13,24,30,26,28,29,27
55-P,6,10,12,23,28,26,27,24,23
55-Q,3,6,8,18,22,20,22,21,22
55-R,3,9,10,16,23,21,24,25,31
55-S,2,12,13,22,28,30,26,29,26
55-T,4,8,9,22,26,23,24,26,25
56-A,3,13,15,20,27,25,26,23,23
56-B,2,2,3,4,4,5,5,3,3
56-C,3,8,9,16,20,20,20,18,17
56-D,3,10,12,26,27,28,30,27,27
56-E,3,13,14,20,26,26,29,26,24
56-F,6,8,9,22,24,23,29,25,22
56-G,3,10,11,20,27,26,24,23,20
56-H,3,3,5,5,5,6,7,13,15
56-I,1,2,3,5,4,6,6,7,7
56-J,1,5,6,15,17,16,17,15,16
56-K,2,4,5,9,9,9,14,13,15
56-L,2,13,14,23,26,25,26,23,27
56-M,2,3,4,5,5,9,8,12,11
56-N,2,8,9,10,15,12,13,17,17
56-O,3,3,4,16,25,24,22,17,18
56-P,4,3,5,5,6,6,6,20,21
56-Q,3,8,9,13,16,16,17,15,16
56-R,3,8,9,15,17,15,15,16,16
56-S,3,12,13,23,28,27,29,26,27
56-T,3,13,14,22,26,26,24,23,24
57-A,3,11,12,23,26,24,26,23,24
57-B,6,3,4,5,5,5,6,22,18
57-C,2,9,10,17,20,23,22,20,22
57-D,5,4,5,14,15,15,14,12,10
57-E,4,12,13,18,21,25,22,22,23
57-F,4,6,8,9,11,11,18,17,17
57-G,3,13,14,26,29,29,31,27,26
57-H,6,9,10,19,23,23,26,23,24
57-I,2,9,10,10,11,12,12,13,13
57-J,3,15,16,24,34,30,31,27,28
57-K,2,2,3,5,5,6,3,7,6
57-L,6,16,17,34,35,31,39,37,32
57-M,3,12,13,21,27,27,28,28,26
57-N,3,5,6,7,16,19,15,16,14
57-O,3,3,4,5,7,8,8,8,9
57-P,3,5,6,7,8,21,13,15,16
57-Q,3,10,11,18,26,23,26,27,29
57-R,1,3,4,7,17,12,13,15,13
57-S,1,3,4,5,14,18,17,17,16
57-T,7,13,15,24,30,24,26,26,25
58-A,3,10,12,22,22,24,26,25,22
58-B,3,3,4,6,13,19,18,16,17
58-C,2,5,6,10,23,16,13,14,14
58-D,3,4,5,11,16,15,15,14,16
58-E,0,0,0,0,0,0,0,0,0
58-F,4,10,11,15,18,20,18,16,17
58-G,3,8,9,18,26,25,24,22,22
58-H,2,3,4,5,5,6,7,8,8
58-I,8,5,6,6,9,16,16,19,20
58-J,3,4,5,19,30,25,25,5,5
58-K,4,6,8,17,25,23,21,26,22
58-L,3,6,7,15,23,22,20,18,21
58-M,5,3,5,5,10,7,8,8,8
58-N,2,12,13,22,33,33,24,26,25
58-O,6,12,13,22,29,24,28,24,26
58-P,3,8,9,19,20,23,22,25,26
58-Q,3,2,3,4,5,5,5,8,7
58-R,3,12,13,23,29,28,31,29,27
58-S,3,3,5,13,21,12,15,12,11
58-T,3,13,14,27,29,30,30,30,28
59-A,2,8,9,14,17,16,16,16,17
59-B,4,14,15,21,29,26,26,27,26
59-C,2,6,7,16,24,21,18,17,17
59-D,3,11,12,24,25,32,27,23,23
59-E,3,13,15,29,29,32,30,28,31
59-F,4,9,10,15,17,17,18,17,18
59-G,3,4,5,6,6,10,13,13,12
59-H,2,10,11,19,22,23,25,22,24
59-I,2,5,6,15,22,22,19,15,14
59-J,3,5,6,12,15,16,13,13,12
59-K,3,6,7,9,12,9,14,15,16
59-L,2,8,9,15,19,20,19,17,19
59-M,4,9,10,20,27,24,26,24,26
59-N,4,4,5,6,13,25,22,19,23
59-O,3,8,9,16,19,20,19,17,19
59-P,3,8,9,19,22,22,19,20,21
59-Q,5,3,5,5,5,5,5,14,16
59-R,3,10,12,19,24,22,21,20,22
59-S,3,1,2,2,3,3,5,8,8
59-T,9,6,8,22,22,20,17,16,16
60-A,3,6,7,12,14,16,15,13,16
60-B,3,4,5,16,22,19,19,11,11
60-C,3,4,5,13,16,15,16,13,13
60-D,3,12,13,20,27,27,27,25,25
60-E,3,6,8,17,24,24,23,20,20
60-F,4,3,4,5,5,5,13,14,13
60-G,5,8,9,18,24,18,16,22,23
60-H,5,8,9,16,17,19,17,17,18
60-I,2,12,13,27,30,30,30,24,26
60-J,2,9,10,19,23,22,25,19,19
60-K,4,5,6,10,15,13,14,13,14
60-L,4,8,9,17,18,16,17,16,15
60-M,3,8,9,19,20,19,19,18,19
60-N,4,8,9,18,22,20,19,17,19
60-O,3,5,6,9,12,11,15,13,16
60-P,3,3,5,16,19,16,16,11,10
60-Q,5,5,6,11,15,14,15,16,13
60-R,4,12,13,22,26,28,24,25,23
60-S,3,12,13,23,27,24,23,24,23
60-T,3,12,13,25,26,28,26,26,24
61-A,1,3,5,12,18,16,16,13,14
61-B,5,9,10,17,19,20,21,26,26
61-C,2,6,7,15,18,17,20,17,17
61-D,4,11,12,19,27,29,29,31,34
61-E,3,9,10,24,27,26,29,24,27
61-F,1,6,8,12,16,16,15,14,14
61-G,2,8,9,17,20,20,19,20,19
61-H,3,13,15,25,29,28,28,24,27
61-I,2,4,5,10,10,9,9,8,8
61-J,3,9,10,16,17,16,17,16,17
61-K,3,2,3,5,4,5,6,9,9
61-L,6,14,15,20,30,26,25,32,31
61-M,3,3,4,6,11,12,12,9,10
61-N,4,13,15,23,30,27,31,32,30
61-O,0,0,0,0,0,0,0,0,0
61-P,7,3,4,8,9,16,15,12,13
61-Q,1,10,11,19,29,16,20,19,20
61-R,3,6,7,14,19,16,23,22,19
61-S,3,3,5,12,15,16,16,14,13
61-T,3,3,5,5,5,6,7,5,5
62-A,4,10,12,20,24,28,24,25,24
62-B,4,9,10,22,26,27,27,22,25
62-C,3,3,5,15,17,10,14,12,14
62-D,0,0,0,0,0,0,0,0,0
62-E,0,0,0,0,0,0,0,0,0
62-F,4,10,11,16,24,22,27,31,30
62-G,3,12,13,19,25,25,27,24,28
62-H,0,0,0,0,0,0,0,0,0
62-I,3,3,4,5,6,6,7,6,6
62-J,3,12,13,22,28,30,27,23,26
62-K,3,9,10,19,19,19,23,20,23
62-L,3,8,9,16,24,24,27,23,26
62-M,4,3,5,5,12,10,13,14,12
62-N,5,11,12,23,29,28,26,28,26
62-O,5,10,11,22,27,26,22,24,21
62-P,3,9,10,22,15,20,17,18,19
62-Q,3,8,9,19,19,19,17,17,17
62-R,5,9,10,19,21,22,21,23,24
62-S,8,5,6,9,23,23,21,23,22
62-T,3,13,14,22,23,24,29,22,24
63-A,4,8,9,18,19,20,21,22,20
63-B,3,3,5,5,5,5,5,5,5
63-C,2,3,5,6,6,6,13,13,14
63-D,2,10,11,19,25,25,26,23,23
63-E,2,3,5,6,5,17,17,17,19
63-F,5,8,9,16,19,17,17,17,17
63-G,3,6,8,15,21,20,20,17,17
63-H,5,12,13,22,30,28,30,27,23
63-I,5,14,15,26,30,30,29,29,31
63-J,0,2,3,3,7,16,13,14,15
63-K,3,4,5,8,6,8,13,16,15
63-L,3,9,10,11,14,16,20,20,19
63-M,3,8,9,14,17,16,16,16,18
63-N,4,5,6,8,15,8,13,17,15
63-O,3,12,13,24,27,31,28,26,28
63-P,2,2,3,3,3,5,5,10,10
63-Q,2,8,9,14,22,20,20,20,17
63-R,3,9,10,12,10,16,21,20,20
63-S,6,5,6,8,6,9,15,16,16
63-T,6,15,16,22,29,25,24,35,30
64-A,3,2,3,8,19,20,19,20,21
64-B,6,3,5,10,14,13,14,11,12
64-C,4,5,6,6,7,13,14,15,13
64-D,2,2,3,4,12,18,16,3,3
64-E,1,13,14,24,29,30,29,26,27
64-F,5,13,15,24,25,27,25,26,25
64-G,3,5,6,16,20,23,20,23,19
64-H,4,8,9,17,20,18,17,17,17
64-I,3,3,4,5,5,22,24,15,17
64-J,3,10,12,21,24,25,22,22,22
64-K,4,4,5,6,6,6,8,10,9
64-L,3,9,10,22,26,24,24,23,20
64-M,2,9,10,12,12,12,13,14,14
64-N,5,8,9,17,22,23,24,22,20
64-O,4,8,9,17,21,21,20,21,22
64-P,1,3,5,5,5,11,12,15,12
64-Q,2,6,8,15,16,18,20,16,19
64-R,2,6,7,17,23,20,21,20,21
64-S,3,9,10,20,24,24,23,22,20
64-T,2,3,5,6,6,6,13,14,12
65-A,6,11,12,23,33,31,29,27,26
65-B,4,9,10,19,24,22,27,23,26
65-C,2,12,13,19,24,22,25,20,20
65-D,3,15,16,23,29,27,27,27,26
65-E,4,6,8,12,15,14,15,14,15
65-F,3,12,13,20,22,24,24,21,22
65-G,2,9,10,16,21,21,23,27,29
65-H,5,10,11,19,28,25,26,19,20
65-I,3,8,9,17,21,22,19,20,17
65-J,4,9,10,21,24,25,24,23,23
65-K,3,12,13,20,24,27,24,23,23
65-L,2,10,12,22,24,26,23,23,25
65-M,4,16,17,26,29,31,31,32,33
65-N,3,2,3,4,3,8,6,8,8
65-O,4,6,8,9,9,16,11,15,15
65-P,3,11,12,21,27,29,27,23,24
65-Q,3,3,5,8,9,12,13,13,12
65-R,3,14,15,22,26,24,25,24,26
65-S,2,8,9,16,24,21,22,18,17
65-T,3,4,5,10,10,8,9,10,10
66-A,5,5,6,10,17,18,19,18,17
66-B,2,8,9,10,10,23,15,17,18
66-C,4,9,10,19,24,24,25,24,22
66-D,5,5,6,8,8,19,18,15,13
66-E,3,5,6,8,7,14,16,15,15
66-F,3,3,5,5,10,13,13,10,10
66-G,3,15,16,27,31,31,34,31,31
66-H,3,6,7,16,21,20,20,20,18
66-I,3,5,6,12,15,13,14,12,15
66-J,5,10,12,27,26,32,31,27,27
66-K,3,4,5,12,16,15,15,14,15
66-L,3,2,3,4,4,4,5,12,13
66-M,2,11,12,23,23,27,25,22,22
66-N,4,13,14,23,30,28,29,27,26
66-O,1,5,6,16,17,17,18,15,16
66-P,2,8,9,15,27,20,22,16,17
66-Q,5,8,9,21,23,22,23,30,29
66-R,4,3,4,5,5,6,11,9,9
66-S,4,13,14,24,30,26,26,26,26
66-T,3,15,16,26,32,30,29,27,31
67-A,6,3,5,9,21,20,19,5,5
67-B,1,2,3,4,4,6,10,9,10
67-C,4,2,3,4,15,5,9,9,9
67-D,3,5,6,8,8,22,15,17,14
67-E,5,4,5,6,6,8,13,13,13
67-F,3,8,9,10,10,11,11,11,11
67-G,2,2,3,4,4,4,6,3,3
67-H,6,13,15,20,26,27,27,34,30
67-I,1,3,5,6,8,6,8,10,10
67-J,3,10,11,22,28,28,25,22,24
67-K,4,8,9,15,21,17,19,18,16
67-L,4,2,3,4,3,5,12,10,13
67-M,3,8,9,16,21,19,20,18,17
67-N,2,8,9,17,23,23,22,19,22
67-O,3,3,5,6,5,6,15,12,13
67-P,3,9,10,18,20,19,16,16,16
67-Q,3,6,8,9,8,9,17,15,17
67-R,4,3,5,5,5,5,6,5,5
67-S,5,2,3,5,5,5,5,6,6
67-T,3,11,12,21,22,23,28,26,24
68-A,2,8,9,10,12,15,20,20,20
68-B,3,3,5,5,16,24,21,22,24
68-C,4,10,11,19,27,24,27,31,31
68-D,6,8,9,18,23,23,21,19,20
68-E,5,13,14,29,31,30,38,28,30
68-F,6,12,13,22,32,29,28,29,29
68-G,4,11,12,17,21,22,20,22,21
68-H,4,12,13,23,29,30,26,27,27
68-I,3,4,5,7,6,6,16,15,16
68-J,3,9,10,22,26,26,26,22,20
68-K,3,8,9,17,19,17,19,18,19
68-L,3,12,13,19,26,24,26,27,24
68-M,3,10,12,19,15,16,19,20,22
68-N,3,8,9,11,29,23,18,17,17
68-O,0,0,0,0,0,0,0,0,0
68-P,3,5,6,16,17,19,20,22,24
68-Q,2,3,4,5,5,5,6,6,6
68-R,1,5,6,13,16,18,16,17,17
68-S,3,9,10,16,26,23,22,23,26
68-T,3,10,12,19,23,22,24,22,22
69-A,3,9,10,20,20,22,24,25,26
69-B,2,3,4,4,5,5,5,5,5
69-C,4,6,7,7,8,17,17,13,12
69-D,3,3,5,5,8,14,14,13,13
69-E,3,10,12,20,26,24,26,23,24
69-F,3,10,12,20,29,27,26,23,23
69-G,3,8,9,10,10,12,13,15,15
69-H,4,16,17,27,29,29,35,30,30
69-I,3,8,9,10,10,18,18,17,17
69-J,3,8,9,10,21,23,20,15,15
69-K,3,4,5,10,13,13,11,10,12
69-L,4,15,16,25,30,27,30,25,26
69-M,3,5,6,12,19,17,17,15,17
69-N,4,4,5,6,6,8,15,16,15
69-O,5,12,13,20,24,24,26,24,24
69-P,6,9,10,18,23,23,23,22,24
69-Q,3,5,6,16,24,19,22,23,27
69-R,3,13,14,23,30,31,31,24,23
69-S,4,9,10,19,25,24,24,24,25
69-T,2,2,3,3,4,5,6,17,17
70-A,3,15,16,23,25,27,26,26,26
70-B,3,6,8,17,20,19,20,19,17
70-C,2,8,9,9,9,12,16,16,15
70-D,2,2,3,4,8,4,6,8,9
70-E,2,6,7,14,15,16,16,14,17
70-F,2,2,3,4,4,4,5,6,6
70-G,4,6,8,15,17,19,18,15,15
70-H,2,3,4,5,5,17,11,15,11
70-I,3,11,12,23,26,27,26,23,22
70-J,3,6,8,13,19,19,18,15,16
70-K,3,4,5,19,19,29,26,9,8
70-L,0,0,0,0,0,0,0,0,0
70-M,5,9,10,12,17,20,20,18,17
70-N,5,17,18,27,29,35,30,36,33
70-O,4,9,10,21,24,27,25,23,22
70-P,6,12,13,20,27,24,28,28,32
70-Q,3,6,7,13,19,16,15,17,16
70-R,3,10,12,19,24,26,23,24,23
70-S,0,0,0,0,0,0,0,0,0
70-T,3,5,6,13,16,17,17,15,14
71-A,0,0,0,0,0,0,0,0,0
71-B,3,9,10,17,22,23,22,18,17
71-C,0,0,0,0,0,0,0,0,0
71-D,3,5,6,12,17,22,21,22,22
71-E,2,11,12,20,25,24,22,22,23
71-F,4,12,13,20,24,25,22,22,22
71-G,5,9,10,20,22,22,24,24,24
71-H,2,3,5,16,23,13,12,20,17
71-I,1,10,12,19,28,23,23,26,26
71-J,2,9,10,16,22,22,21,20,20
71-K,2,5,6,16,23,22,13,15,15
71-L,4,8,9,17,19,19,20,19,20
71-M,4,5,6,17,17,15,16,15,14
71-N,3,6,8,25,22,25,19,16,16
71-O,3,13,14,22,23,25,23,24,23
71-P,3,8,9,16,19,20,21,20,24
71-Q,4,8,9,16,22,23,21,21,21
71-R,4,4,5,12,16,15,15,13,15
71-S,3,3,5,12,15,8,17,16,15
71-T,5,16,17,30,36,30,29,31,29
72-A,3,10,12,22,29,27,23,24,23
72-B,3,4,5,11,15,15,12,11,10
72-C,3,5,6,7,8,8,8,10,10
72-D,5,10,12,23,26,26,25,24,21
72-E,4,8,9,17,21,20,23,22,20
72-F,3,11,12,22,23,23,24,21,22
72-G,4,9,10,20,26,26,24,19,20
72-H,3,5,6,13,16,17,16,15,14
72-I,2,6,7,15,15,16,15,13,13
72-J,2,3,4,4,10,9,11,4,4
72-K,3,5,6,16,18,19,21,19,17
72-L,2,12,13,22,30,29,27,26,25
72-M,3,13,15,24,29,23,27,27,28
72-N,2,10,11,13,17,17,21,21,19
72-O,3,8,9,14,15,14,15,15,15
72-P,4,6,8,9,11,17,16,16,15
72-Q,3,4,5,6,6,12,10,20,18
72-R,1,9,10,20,30,13,16,19,20
72-S,4,3,5,12,13,13,12,5,5
72-T,3,2,3,5,5,8,15,12,15
73-A,5,15,16,25,27,27,30,26,27
73-B,3,8,9,10,17,20,16,17,17
73-C,3,3,4,5,5,4,6,6,6
73-D,3,10,11,19,26,26,28,24,23
73-E,3,13,14,21,24,27,29,28,29
73-F,2,9,10,19,22,21,23,27,26
73-G,6,10,12,24,30,27,26,27,23
73-H,2,4,5,6,6,9,10,12,11
73-I,2,8,9,22,22,24,24,20,20
73-J,3,8,9,11,10,15,22,19,19
73-K,3,8,9,22,21,22,29,23,24
73-L,3,10,12,20,23,22,23,24,23
73-M,2,3,5,5,15,18,18,13,11
73-N,5,9,10,17,25,22,21,23,24
73-O,1,9,10,20,22,20,26,20,20
73-P,3,6,8,9,15,18,16,17,17
73-Q,3,8,9,20,23,23,26,22,22
73-R,2,8,9,17,24,14,18,17,16
73-S,3,4,5,6,7,15,12,12,13
73-T,2,5,6,7,6,13,16,16,17
74-A,2,5,6,12,15,15,13,15,14
74-B,2,5,6,8,10,13,17,16,14
74-C,5,16,17,26,30,29,28,30,26
74-D,1,8,9,17,23,23,24,23,26
74-E,1,2,3,3,3,4,3,6,6
74-F,5,6,8,10,16,9,16,17,16
74-G,1,1,2,3,3,4,4,9,9
74-H,2,6,8,13,15,16,16,15,17
74-I,5,3,4,5,5,6,8,14,16
74-J,3,9,10,19,24,24,23,24,27
74-K,3,4,5,10,13,12,13,10,11
74-L,4,8,9,15,19,19,17,15,15
74-M,0,0,0,0,0,0,0,0,0
74-N,4,4,5,6,8,12,12,13,15
74-O,3,2,3,3,5,5,5,7,7
74-P,2,5,6,13,16,17,21,16,15
74-Q,4,14,15,20,24,28,29,30,30
74-R,3,15,16,24,27,28,30,28,28
74-S,3,8,9,20,26,23,24,25,22
74-T,5,8,9,17,27,27,21,26,24
75-A,2,6,7,19,24,17,19,20,18
75-B,2,13,14,24,31,31,30,25,25
75-C,5,12,13,24,29,29,29,26,25
75-D,5,9,10,17,20,24,19,18,20
75-E,3,13,15,24,29,33,30,28,27
75-F,2,6,8,9,8,10,19,16,16
75-G,3,15,16,26,26,30,27,30,31
75-H,2,10,11,20,23,25,25,24,23
75-I,3,5,6,9,17,18,19,16,15
75-J,3,11,12,22,27,25,24,29,31
75-K,1,8,9,20,27,22,25,23,24
75-L,3,6,7,10,7,9,14,15,17
75-M,4,5,6,7,7,8,9,13,15
75-N,1,3,4,6,24,10,11,12,11
75-O,6,10,12,20,23,24,23,23,23
75-P,3,8,9,9,10,10,11,12,12
75-Q,4,6,8,19,23,24,24,19,21
75-R,5,3,4,5,5,5,5,5,5
75-S,3,13,15,23,34,29,30,29,32
75-T,1,9,10,17,23,24,23,22,20
76-A,3,6,7,13,15,14,16,15,17
76-B,4,2,3,5,4,5,5,8,6
76-C,2,3,4,5,5,5,7,4,4
76-D,3,3,5,5,14,18,16,17,17
76-E,3,8,9,13,19,21,15,19,20
76-F,3,2,3,5,5,6,5,16,17
76-G,1,3,4,5,4,5,6,5,5
76-H,3,9,10,24,31,19,22,22,20
76-I,6,8,9,18,25,20,23,21,23
76-J,4,3,5,5,12,21,22,17,19
76-K,0,0,0,0,0,0,0,0,0
76-L,1,10,11,20,24,24,29,25,27
76-M,3,8,9,16,22,23,23,24,22
76-N,3,8,9,15,17,16,17,17,17
76-O,3,10,11,16,19,18,18,16,16
76-P,2,8,9,17,23,22,21,20,22
76-Q,4,2,3,5,4,7,6,10,9
76-R,2,2,3,4,5,5,6,9,9
76-S,3,10,12,26,28,27,28,27,24
76-T,6,9,10,16,22,26,25,21,24
77-A,4,4,5,6,8,16,14,20,20
77-B,2,6,8,19,27,23,19,16,17
77-C,3,6,7,16,21,21,21,19,19
77-D,3,5,6,8,12,10,12,12,12
77-E,5,6,8,15,20,20,18,16,17
77-F,4,11,12,22,24,26,24,27,28
77-G,3,6,7,8,12,15,20,10,10
77-H,2,12,13,26,31,28,30,30,36
77-I,3,5,6,15,20,15,19,20,17
77-J,3,9,10,17,19,17,19,17,16
77-K,4,16,17,24,26,29,33,31,30
77-L,5,11,12,20,23,24,27,26,24
77-M,2,3,4,19,16,9,8,8,8
77-N,3,5,6,8,7,9,10,13,11
77-O,4,5,6,10,10,21,16,20,20
77-P,3,5,6,17,19,20,19,16,18
77-Q,3,8,9,15,23,21,24,18,17
77-R,3,3,5,5,11,17,19,16,16
77-S,6,9,10,22,31,25,26,24,25
77-T,2,6,8,9,11,19,19,16,14
78-A,3,12,13,19,22,25,24,24,22
78-B,3,3,4,5,5,7,9,8,9
78-C,1,2,3,4,5,6,6,10,12
78-D,3,3,5,5,7,13,14,19,17
78-E,5,8,9,17,28,22,19,19,19
78-F,5,10,11,20,26,25,26,26,26
78-G,3,13,14,24,30,29,30,26,25
78-H,3,5,6,6,6,6,6,6,6
78-I,2,12,13,20,27,25,25,25,24
78-J,4,8,9,16,21,20,21,23,21
78-K,3,3,5,7,16,12,12,22,19
78-L,1,2,3,17,22,20,17,17,14
78-M,1,5,6,15,16,15,16,15,14
78-N,3,6,8,12,15,13,13,14,13
78-O,3,5,6,14,15,14,12,13,15
78-P,3,10,11,16,23,33,20,21,22
78-Q,3,8,9,19,24,24,24,27,27
78-R,4,3,4,5,6,14,14,17,16
78-S,2,12,13,26,33,32,28,25,28
78-T,3,8,9,10,14,13,19,20,22
79-A,5,3,4,5,5,8,10,10,9
79-B,3,5,6,13,15,14,17,16,14
79-C,5,13,14,26,29,27,26,24,25
79-D,3,9,10,16,19,20,19,17,18
79-E,2,10,12,20,24,24,23,26,24
79-F,1,2,3,6,10,14,14,3,3
79-G,3,8,9,15,17,17,17,17,19
79-H,2,2,3,4,4,5,5,14,16
79-I,1,3,5,5,5,5,6,10,10
79-J,2,2,3,5,8,13,14,13,15
79-K,4,10,11,19,26,27,25,25,29
79-L,3,9,10,17,22,22,20,19,20
79-M,2,3,5,5,5,5,6,5,5
79-N,2,5,6,7,16,13,17,15,12
79-O,0,0,0,0,0,0,0,0,0
79-P,3,6,7,9,18,10,17,17,15
79-Q,2,8,9,19,23,26,26,23,21
79-R,0,0,0,0,0,0,0,0,0
79-S,1,11,12,22,24,29,23,26,30
79-T,4,3,5,5,5,5,8,5,5
80-A,5,3,5,5,5,10,15,15,13
80-B,3,8,9,11,10,17,17,18,16
80-C,1,2,3,3,3,3,5,8,8
80-D,2,5,6,22,23,21,23,17,18
80-E,4,9,10,17,22,19,20,19,19
80-F,4,5,6,14,26,15,12,15,14
80-G,4,15,16,26,31,33,29,36,35
80-H,5,13,15,22,28,25,25,24,26
80-I,2,8,9,13,19,19,23,18,17
80-J,1,3,4,13,18,16,13,4,4
80-K,2,12,13,19,32,29,29,27,24
80-L,1,5,6,9,12,12,15,15,17
80-M,3,3,4,6,5,6,13,13,12
80-N,3,10,12,20,26,27,27,23,21
80-O,3,6,7,8,8,16,16,13,13
80-P,5,9,10,21,23,23,23,26,24
80-Q,2,9,10,12,12,20,23,23,23
80-R,4,14,15,25,28,29,27,30,30
80-S,5,5,6,7,7,8,9,14,16
80-T,2,2,3,5,11,13,13,10,10
81-A,6,3,4,6,6,6,6,20,19
81-B,4,9,10,20,25,23,22,22,23
81-C,2,2,3,4,5,10,11,15,15
81-D,3,12,13,20,24,23,22,21,22
81-E,4,9,10,18,18,17,17,18,17
81-F,4,9,10,20,24,22,22,20,24
81-G,3,5,6,14,17,15,16,15,15
81-H,4,12,13,25,30,30,28,26,29
81-I,6,11,12,21,24,24,31,21,20
81-J,4,2,3,5,3,6,16,15,13
81-K,6,5,6,8,7,9,12,14,16
81-L,2,5,6,16,19,20,19,16,17
81-M,3,10,12,20,22,24,27,23,21
81-N,3,6,7,12,26,11,23,16,17
81-O,1,5,6,10,13,12,12,10,11
81-P,4,12,13,22,26,24,24,25,28
81-Q,3,8,9,18,19,23,24,22,20
81-R,2,2,3,4,4,10,9,16,17
81-S,4,2,3,6,5,5,5,10,9
81-T,2,4,5,16,20,21,18,17,16
82-A,3,5,6,15,18,19,21,20,26
82-B,3,4,5,10,13,12,12,10,11
82-C,3,11,12,19,24,23,23,22,21
82-D,2,6,7,14,17,15,16,13,15
82-E,4,8,9,17,22,20,19,19,22
82-F,7,8,9,22,22,20,23,22,22
82-G,3,6,8,12,15,13,15,13,12
82-H,2,8,9,18,22,19,19,18,18
82-I,3,2,3,5,8,10,10,10,10
82-J,4,9,10,22,23,22,26,21,24
82-K,3,9,10,18,23,27,27,24,27
82-L,3,9,10,20,25,24,23,26,27
82-M,2,11,12,23,26,28,24,23,24
82-N,3,10,11,22,24,20,23,26,26
82-O,4,8,9,17,23,21,24,23,24
82-P,1,8,9,15,16,15,15,13,13
82-Q,3,13,15,23,26,27,26,30,26
82-R,3,8,9,15,17,17,19,17,17
82-S,3,6,7,18,24,20,22,20,22
82-T,3,9,10,20,24,22,22,26,26
83-A,2,12,13,22,24,24,29,27,24
83-B,2,5,6,7,13,8,8,9,9
83-C,4,5,6,14,20,9,16,15,17
83-D,3,12,13,20,22,25,23,20,20
83-E,1,2,3,4,22,24,24,20,19
83-F,3,9,10,20,27,26,24,29,29
83-G,1,3,5,10,13,12,13,5,5
83-H,4,12,13,24,28,26,30,30,27
83-I,2,12,13,18,22,22,24,22,22
83-J,3,3,4,5,6,18,14,15,19
83-K,6,12,13,21,27,24,27,30,25
83-L,5,14,15,23,33,28,26,29,30
83-M,6,9,10,20,26,29,27,24,29
83-N,3,13,14,24,29,27,30,25,28
83-O,3,6,8,14,17,15,14,14,13
83-P,5,13,14,26,31,31,33,27,27
83-Q,3,3,5,11,19,12,13,14,11
83-R,3,3,4,6,9,9,13,9,9
83-S,4,3,5,6,11,13,13,5,5
83-T,3,6,7,9,18,17,15,15,17
84-A,1,3,4,5,5,10,10,19,22
84-B,2,3,5,6,5,10,14,13,12
84-C,4,10,11,21,26,23,27,24,23
84-D,4,9,10,12,11,12,19,20,17
84-E,3,9,10,22,24,25,24,24,27
84-F,3,3,4,5,5,5,11,13,16
84-G,1,2,3,4,4,8,8,27,26
84-H,3,10,12,22,24,24,29,28,26
84-I,3,5,6,7,7,12,13,19,15
84-J,3,8,9,16,18,17,16,16,16
84-K,2,2,3,4,4,5,6,8,9
84-L,5,9,10,21,26,24,24,23,24
84-M,5,8,9,22,22,26,28,22,22
84-N,4,8,9,16,20,19,19,15,15
84-O,1,2,3,9,13,10,10,9,9
84-P,4,3,4,5,5,5,7,9,11
84-Q,3,2,3,4,7,19,17,17,24
84-R,1,8,9,11,15,20,16,18,18
84-S,2,15,16,24,26,27,27,30,29
84-T,1,9,10,12,15,19,23,23,24
