±àºÅ,17.12.31,18.01.07,18.01.14,18.01.21,18.01.28,18.02.04,18.02.11,18.02.18
1-A,2,2,5,7,9,9,11,13
1-B,4,5,5,7,10,10,11,15
1-C,4,4,5,8,9,17,21,18
1-D,4,4,7,12,12,14,17,19
1-E,4,3,8,11,12,15,15,23
1-F,4,5,7,9,13,13,13,22
1-G,4,6,6,8,11,16,20,27
1-H,4,5,7,11,14,20,23,31
1-I,2,4,6,10,13,16,19,26
1-J,4,4,6,10,13,16,18,28
1-K,4,6,9,11,15,17,17,16
1-L,4,6,9,10,11,11,13,10
1-M,4,6,7,10,14,18,19,17
1-N,4,5,8,11,15,18,20,17
1-O,4,6,8,11,13,19,22,19
1-P,0,0,0,0,0,0,0,0
1-Q,4,5,7,9,11,12,15,28
1-R,4,5,8,9,12,16,18,17
1-S,2,2,2,2,6,9,11,19
1-T,2,2,4,4,5,10,14,20
2-A,4,5,7,9,10,12,13,15
2-B,4,2,4,7,8,9,12,14
2-C,4,2,4,6,8,11,12,0
2-D,4,6,8,11,12,13,13,19
2-E,4,4,7,10,13,13,16,19
2-F,4,5,6,7,11,10,11,10
2-G,2,4,7,9,12,12,14,30
2-H,4,5,7,10,12,16,18,25
2-I,4,4,8,10,17,16,17,21
2-J,2,4,7,8,12,12,12,15
2-K,4,6,7,8,8,9,11,10
2-L,4,5,7,10,11,11,15,14
2-M,4,6,7,10,12,11,11,16
2-N,4,5,8,9,10,11,15,15
2-O,2,6,5,8,8,11,12,10
2-P,0,0,0,0,0,0,0,0
2-Q,4,6,9,11,13,14,18,13
2-R,2,4,8,8,9,9,12,19
2-S,2,4,8,8,8,11,14,15
2-T,4,5,8,9,11,13,14,12
3-A,4,6,8,12,13,13,13,14
3-B,4,6,9,13,15,19,20,18
3-C,4,6,8,13,11,12,14,14
3-D,2,4,7,10,11,11,11,12
3-E,4,5,8,10,13,13,15,14
3-F,4,4,7,9,9,14,17,27
3-G,4,5,7,9,12,13,16,30
3-H,4,4,7,8,10,10,12,20
3-I,4,4,6,8,8,8,11,20
3-J,4,4,7,9,13,13,17,27
3-K,4,6,7,9,7,8,11,11
3-L,2,6,7,11,10,17,21,12
3-M,4,4,6,7,9,10,11,17
3-N,1,4,7,8,9,9,9,9
3-O,4,6,9,8,10,13,13,18
3-P,2,2,5,7,8,9,12,12
3-Q,2,2,4,7,10,10,13,10
3-R,4,4,7,9,11,10,13,17
3-S,4,4,6,8,12,8,11,9
3-T,4,4,8,9,13,14,17,13
4-A,4,4,4,9,7,9,13,12
4-B,4,6,7,9,13,18,22,18
4-C,4,4,8,11,14,15,19,17
4-D,4,4,6,8,8,9,9,15
4-E,4,4,6,9,11,13,15,16
4-F,4,4,4,6,8,8,11,12
4-G,2,2,4,8,9,11,13,23
4-H,4,6,9,11,15,24,25,18
4-I,4,6,9,11,14,16,18,28
4-J,4,6,9,12,17,20,23,28
4-K,2,5,7,11,10,12,13,12
4-L,4,6,7,13,17,17,21,17
4-M,2,4,6,7,8,9,11,13
4-N,2,4,7,8,12,14,17,16
4-O,4,4,6,7,9,10,14,15
4-P,2,4,7,7,11,10,13,17
4-Q,4,6,8,9,12,17,20,22
4-R,4,4,8,9,13,18,18,20
4-S,4,4,6,10,11,12,15,29
4-T,4,6,7,12,11,14,17,19
5-A,2,4,5,7,9,11,13,17
5-B,4,7,8,10,8,9,12,9
5-C,4,6,7,10,12,13,16,15
5-D,4,6,8,10,13,15,17,17
5-E,4,4,4,6,8,13,14,14
5-F,0,0,0,0,0,0,0,0
5-G,2,5,8,11,12,13,14,9
5-H,4,6,8,10,13,15,17,25
5-I,2,4,7,11,16,17,19,14
5-J,4,6,9,10,13,14,17,27
5-K,0,0,0,0,0,0,0,0
5-L,4,7,8,8,14,16,17,10
5-M,4,6,8,9,14,16,16,13
5-N,4,5,7,8,11,12,15,14
5-O,2,4,7,8,10,11,14,11
5-P,4,4,5,6,7,11,14,15
5-Q,2,4,6,9,10,12,13,19
5-R,4,4,6,9,11,13,16,20
5-S,2,4,6,6,8,9,13,14
5-T,2,4,6,6,9,11,13,24
6-A,4,6,8,8,10,13,14,9
6-B,4,6,7,11,10,14,16,14
6-C,6,7,8,9,12,14,16,11
6-D,4,5,7,9,11,13,15,13
6-E,4,5,8,11,8,10,14,10
6-F,4,7,10,11,15,17,20,27
6-G,4,6,9,11,20,21,25,21
6-H,4,7,10,10,13,18,22,20
6-I,4,6,9,10,11,12,16,14
6-J,2,6,8,9,20,22,22,22
6-K,4,6,9,10,7,7,10,7
6-L,4,6,9,10,11,11,13,8
6-M,4,6,8,9,11,12,14,11
6-N,4,7,8,7,7,10,13,10
6-O,2,5,6,10,9,10,12,6
6-P,2,6,8,9,12,14,15,13
6-Q,4,6,9,8,9,15,19,26
6-R,4,6,8,9,11,13,15,17
6-S,2,6,6,8,11,13,15,18
6-T,4,6,7,9,10,12,15,18
7-A,4,4,6,9,8,11,15,15
7-B,2,5,7,8,9,10,11,16
7-C,4,5,7,10,11,11,12,13
7-D,4,6,7,10,11,11,12,6
7-E,4,2,5,9,9,10,11,14
7-F,2,6,6,6,8,8,10,6
7-G,2,5,7,8,8,9,12,21
7-H,2,5,7,9,11,14,15,8
7-I,4,6,9,9,17,18,19,23
7-J,2,4,7,9,24,24,26,26
7-K,4,6,9,8,10,11,12,17
7-L,2,6,8,8,8,14,16,14
7-M,4,6,8,7,14,15,18,13
7-N,2,4,6,8,9,9,12,13
7-O,2,5,7,8,9,9,10,17
7-P,2,6,7,10,9,13,16,21
7-Q,2,5,7,8,8,9,11,8
7-R,2,4,6,9,9,14,15,17
7-S,2,3,5,8,9,11,12,16
7-T,2,2,4,6,7,7,10,13
8-A,4,2,8,11,14,16,18,17
8-B,4,4,7,10,13,15,19,15
8-C,4,6,8,11,13,15,18,21
8-D,4,6,9,13,16,18,19,22
8-E,4,6,8,12,17,14,16,15
8-F,2,4,5,8,10,12,15,20
8-G,4,5,7,10,14,17,17,23
8-H,2,5,8,9,11,12,15,11
8-I,4,6,8,11,17,21,22,31
8-J,4,6,9,11,17,17,17,24
8-K,2,5,6,8,9,9,11,6
8-L,4,5,7,10,12,14,17,11
8-M,2,6,7,10,10,11,14,0
8-N,2,4,6,8,9,10,11,12
8-O,2,4,6,6,9,12,15,6
8-P,2,4,8,7,11,13,14,17
8-Q,4,6,8,10,13,12,13,23
8-R,2,4,5,7,10,11,12,13
8-S,2,4,7,8,11,13,17,14
8-T,4,4,6,7,9,10,10,9
9-A,4,4,7,10,15,15,16,20
9-B,4,4,6,10,11,14,17,16
9-C,4,5,5,8,8,11,13,14
9-D,2,5,5,8,9,10,14,18
9-E,4,5,7,7,10,13,15,18
9-F,4,5,6,10,12,14,16,29
9-G,4,3,5,9,12,15,16,21
9-H,4,4,6,8,11,12,14,23
9-I,2,4,4,8,8,12,16,17
9-J,4,8,9,12,18,17,19,15
9-K,4,6,8,12,15,18,21,14
9-L,4,6,10,10,13,20,23,18
9-M,4,3,5,7,9,10,13,6
9-N,4,5,5,8,10,12,14,10
9-O,2,4,5,7,10,11,11,17
9-P,4,6,8,11,10,14,15,22
9-Q,4,4,6,8,11,13,14,22
9-R,4,6,8,11,12,12,15,23
9-S,4,4,4,7,9,13,17,21
9-T,4,5,7,8,10,13,14,21
10-A,2,2,4,8,9,9,12,13
10-B,4,6,8,10,11,9,12,16
10-C,2,4,6,7,10,12,14,20
10-D,2,4,7,11,13,14,14,19
10-E,2,5,7,10,15,16,19,14
10-F,2,4,7,6,12,12,14,28
10-G,0,0,0,0,0,0,0,0
10-H,2,4,4,6,17,18,20,19
10-I,2,4,4,9,9,11,14,19
10-J,2,4,6,7,14,17,18,24
10-K,2,4,7,8,11,15,15,16
10-L,2,6,7,8,10,13,14,16
10-M,4,6,8,11,13,16,20,29
10-N,2,4,4,7,9,10,14,0
10-O,2,4,6,7,9,9,12,11
10-P,2,5,6,4,6,7,7,11
10-Q,2,4,6,7,12,15,16,22
10-R,2,4,6,10,11,14,16,23
10-S,4,6,8,10,12,11,14,27
10-T,4,6,9,10,13,18,18,27
11-A,4,5,7,11,8,8,11,9
11-B,4,6,8,12,11,11,14,10
11-C,4,6,8,10,11,11,12,13
11-D,2,6,8,10,14,15,18,11
11-E,4,6,8,10,10,11,12,7
11-F,2,4,4,8,8,9,10,0
11-G,2,4,4,4,7,8,8,13
11-H,4,6,8,10,11,12,16,13
11-I,4,6,7,9,12,12,14,17
11-J,4,7,9,10,12,13,14,22
11-K,4,6,4,4,7,9,10,17
11-L,4,6,8,9,7,13,16,10
11-M,4,6,8,8,9,9,10,6
11-N,4,6,7,9,8,10,11,6
11-O,4,5,8,11,8,11,13,7
11-P,4,6,8,9,9,9,10,13
11-Q,4,6,8,11,8,9,11,14
11-R,4,6,8,9,10,11,11,17
11-S,4,5,7,10,11,12,14,20
11-T,4,6,8,11,12,20,21,17
12-A,4,4,6,7,11,13,16,16
12-B,2,4,4,4,6,8,10,0
12-C,2,4,7,7,12,16,18,19
12-D,2,5,6,8,13,15,19,12
12-E,4,5,6,5,7,8,12,9
12-F,2,5,8,9,14,14,18,14
12-G,2,2,4,7,9,12,13,15
12-H,2,4,6,4,6,8,11,9
12-I,4,4,6,7,9,11,14,14
12-J,4,4,5,6,9,9,12,16
12-K,4,4,6,6,10,15,18,17
12-L,4,6,8,8,13,14,17,12
12-M,4,6,7,7,12,16,16,23
12-N,4,5,6,8,11,14,16,21
12-O,4,6,8,5,10,11,14,12
12-P,4,6,11,7,14,12,15,17
12-Q,2,4,4,2,12,11,13,15
12-R,2,4,4,6,8,10,13,17
12-S,2,4,6,5,11,10,11,14
12-T,4,6,7,8,12,15,17,20
13-A,4,7,10,12,12,20,22,15
13-B,4,4,7,5,11,13,17,15
13-C,4,4,8,7,9,12,13,12
13-D,2,5,7,8,10,11,12,17
13-E,4,6,8,9,12,18,20,13
13-F,4,4,4,4,4,7,10,15
13-G,4,4,7,7,9,9,12,16
13-H,4,3,7,4,7,10,11,19
13-I,4,7,9,8,15,19,21,19
13-J,4,7,10,9,13,11,14,21
13-K,4,7,9,8,14,21,23,28
13-L,4,5,7,7,10,12,14,17
13-M,4,6,6,8,12,15,19,26
13-N,4,7,10,10,14,19,22,28
13-O,4,5,8,10,16,17,17,27
13-P,4,6,6,7,11,15,16,20
13-Q,2,4,7,7,13,16,19,22
13-R,4,4,5,6,11,11,12,12
13-S,2,4,6,7,12,14,15,20
13-T,4,6,8,7,12,14,18,21
14-A,4,4,6,5,11,16,17,21
14-B,4,6,9,10,14,15,18,14
14-C,4,6,9,7,12,14,16,20
14-D,2,3,6,6,11,12,16,6
14-E,2,4,8,9,13,18,18,17
14-F,4,5,7,8,11,12,14,16
14-G,4,4,8,12,27,24,26,27
14-H,2,5,7,6,11,14,16,12
14-I,4,7,9,10,16,17,17,18
14-J,2,4,8,9,14,14,15,11
14-K,4,6,7,8,15,15,17,23
14-L,2,6,8,9,9,10,10,10
14-M,4,6,7,7,11,12,15,10
14-N,2,4,6,5,10,10,13,8
14-O,2,4,9,6,8,8,8,14
14-P,4,6,6,7,11,12,15,16
14-Q,4,6,8,8,12,13,15,18
14-R,4,5,6,6,11,14,17,19
14-S,4,6,7,8,13,20,23,25
14-T,4,6,10,12,13,17,21,25
15-A,2,4,6,6,12,18,21,11
15-B,2,2,4,4,7,10,11,15
15-C,2,2,4,7,8,10,10,14
15-D,4,6,10,12,12,13,16,10
15-E,2,6,8,9,12,16,16,14
15-F,4,4,6,7,6,9,11,14
15-G,2,4,7,9,7,9,13,15
15-H,4,4,4,6,8,8,9,11
15-I,2,4,6,8,5,6,7,10
15-J,4,4,6,8,12,15,17,20
15-K,4,4,6,8,9,11,13,17
15-L,2,4,8,10,8,10,11,17
15-M,2,4,6,7,12,13,13,23
15-N,4,6,8,7,11,14,15,15
15-O,2,6,8,7,11,11,13,19
15-P,4,5,7,7,13,15,16,19
15-Q,2,4,5,7,7,8,10,10
15-R,4,4,4,9,11,10,12,12
15-S,4,6,7,7,14,18,20,20
15-T,4,4,5,5,9,12,12,12
16-A,4,7,9,11,7,8,10,0
16-B,4,5,7,7,9,10,13,0
16-C,4,4,5,5,8,10,10,0
16-D,4,5,6,7,9,13,13,0
16-E,4,4,6,7,7,8,11,14
16-F,4,4,6,8,6,7,11,12
16-G,4,4,6,7,5,6,7,8
16-H,4,5,6,6,10,11,11,0
16-I,4,4,6,6,8,9,13,0
16-J,4,4,5,7,8,9,12,0
16-K,4,6,5,6,6,6,7,0
16-L,4,6,6,8,6,10,11,9
16-M,4,7,7,8,4,7,10,0
16-N,4,6,7,9,4,6,9,11
16-O,2,2,2,4,5,7,10,14
16-P,4,4,4,5,7,9,9,9
16-Q,4,6,6,8,8,9,12,15
16-R,2,4,5,8,9,9,11,11
16-S,4,6,6,7,7,9,12,14
16-T,4,4,5,7,7,8,9,13
17-A,4,6,10,10,12,18,18,13
17-B,4,4,7,8,11,12,14,16
17-C,4,7,8,10,14,19,20,12
17-D,4,7,12,12,16,24,27,14
17-E,4,6,9,10,16,17,19,22
17-F,4,7,8,11,12,16,19,22
17-G,4,6,8,8,11,10,13,16
17-H,4,7,6,7,14,12,15,17
17-I,4,8,10,9,26,16,19,23
17-J,4,6,8,8,11,15,17,17
17-K,4,7,8,9,10,13,16,22
17-L,4,7,6,9,13,14,16,26
17-M,4,6,6,11,9,9,12,20
17-N,4,7,9,10,12,18,20,22
17-O,2,4,8,8,11,14,14,20
17-P,4,7,9,11,12,17,18,20
17-Q,4,6,8,8,13,16,17,19
17-R,4,6,7,8,12,17,20,23
17-S,4,6,6,7,12,15,16,19
17-T,4,6,7,7,13,15,17,20
18-A,2,4,6,6,12,13,17,13
18-B,2,6,4,7,15,10,10,14
18-C,2,6,4,5,6,8,8,13
18-D,2,6,4,8,10,10,9,11
18-E,4,6,4,8,8,9,11,10
18-F,4,6,4,7,10,7,12,14
18-G,2,5,6,8,4,10,11,13
18-H,2,6,4,5,7,9,10,11
18-I,2,6,4,6,5,12,13,16
18-J,2,5,4,7,12,10,11,15
18-K,2,6,4,8,6,6,12,15
18-L,2,2,4,5,5,8,11,14
18-M,2,6,6,7,7,9,10,13
18-N,2,6,4,6,5,8,9,18
18-O,3,6,4,7,4,12,12,14
18-P,2,6,4,8,6,12,11,13
18-Q,2,6,4,8,4,10,10,14
18-R,2,5,4,8,6,7,12,14
18-S,2,6,4,6,9,8,11,15
18-T,3,6,4,7,4,7,10,17
19-A,2,5,6,8,4,6,9,16
19-B,4,6,4,6,4,7,10,16
19-C,4,2,4,7,5,9,9,14
19-D,4,6,8,9,9,9,12,0
19-E,4,6,9,9,13,23,27,16
19-F,4,6,9,9,17,14,16,15
19-G,4,6,7,9,10,14,18,17
19-H,2,6,7,7,10,12,14,18
19-I,4,6,8,10,15,17,21,20
19-J,4,5,6,7,13,12,16,18
19-K,4,6,6,8,9,9,13,15
19-L,4,6,9,11,12,22,22,25
19-M,2,5,8,10,11,15,16,22
19-N,4,6,7,8,13,19,19,25
19-O,4,2,4,6,9,9,9,16
19-P,4,5,6,8,13,15,15,18
19-Q,2,4,6,7,12,16,16,20
19-R,4,5,7,7,11,13,14,17
19-S,2,6,7,8,13,17,20,21
19-T,4,6,8,9,13,18,19,20
20-A,4,7,11,13,13,17,18,20
20-B,4,7,9,12,14,23,26,18
20-C,4,7,9,8,14,18,20,9
20-D,4,6,8,10,11,16,17,11
20-E,4,6,10,11,12,19,20,13
20-F,4,4,7,8,15,16,17,20
20-G,4,4,8,7,20,22,23,0
20-H,4,4,6,4,6,8,10,0
20-I,4,5,6,7,14,11,11,18
20-J,2,6,7,8,13,15,16,18
20-K,4,6,7,8,11,10,13,14
20-L,2,4,6,9,11,12,14,14
20-M,4,5,7,11,11,13,13,19
20-N,4,6,9,10,14,14,17,14
20-O,4,7,8,9,12,13,16,14
20-P,4,6,8,9,12,12,13,15
20-Q,4,6,10,11,12,16,16,18
20-R,4,5,6,11,12,13,15,18
20-S,4,6,10,10,14,12,14,19
20-T,4,7,11,12,16,17,20,22
21-A,4,6,9,7,11,12,15,16
21-B,2,5,6,8,12,12,14,16
21-C,4,4,8,9,13,16,17,13
21-D,4,6,8,9,11,12,13,14
21-E,4,7,8,11,7,7,10,11
21-F,4,4,5,8,8,9,12,14
21-G,4,4,6,7,11,12,16,16
21-H,4,6,8,9,13,13,17,13
21-I,4,4,6,7,9,11,12,13
21-J,4,5,8,9,12,13,16,17
21-K,4,6,9,10,11,18,18,20
21-L,4,6,9,9,13,16,17,21
21-M,4,6,10,11,11,11,13,14
21-N,4,6,9,11,10,15,19,21
21-O,4,5,6,8,9,10,13,12
21-P,4,6,6,7,13,14,17,19
21-Q,2,4,5,9,10,15,19,20
21-R,4,6,7,9,9,9,9,10
21-S,2,5,8,8,14,15,17,19
21-T,4,6,8,8,13,14,15,18
22-A,4,6,6,7,10,12,14,17
22-B,4,8,8,6,11,11,13,14
22-C,4,5,8,9,10,12,16,17
22-D,2,4,6,6,11,13,16,17
22-E,2,6,8,9,11,14,16,17
22-F,4,6,7,9,14,15,16,18
22-G,4,6,8,11,10,10,13,15
22-H,4,5,7,17,12,17,20,20
22-I,4,6,8,8,13,14,18,14
22-J,4,6,8,9,18,19,22,25
22-K,4,4,4,6,10,15,18,17
22-L,4,6,6,7,11,11,12,12
22-M,4,6,8,7,8,11,13,8
22-N,4,6,9,7,12,13,14,9
22-O,4,6,8,9,9,15,15,19
22-P,4,4,6,10,11,12,16,10
22-Q,2,4,7,7,12,13,15,20
22-R,4,6,8,8,12,17,18,19
22-S,4,6,7,7,12,13,14,22
22-T,4,6,6,7,13,14,17,19
23-A,4,6,9,11,11,14,17,19
23-B,4,8,10,12,10,14,16,18
23-C,4,6,9,9,12,16,17,20
23-D,4,6,9,12,13,21,24,20
23-E,4,6,8,9,12,15,17,19
23-F,4,6,6,8,12,15,18,24
23-G,4,5,7,8,9,9,13,16
23-H,4,5,5,6,6,7,8,9
23-I,4,6,7,10,13,16,18,19
23-J,4,4,4,7,6,8,10,15
23-K,4,6,6,11,14,21,21,16
23-L,2,6,6,10,13,23,23,19
23-M,4,6,9,11,14,19,22,18
23-N,4,5,7,11,12,20,23,18
23-O,4,6,6,10,12,21,24,18
23-P,4,6,9,10,14,24,26,19
23-Q,4,4,4,7,8,9,10,11
23-R,4,4,4,6,7,9,12,14
23-S,4,4,5,7,8,12,12,16
23-T,4,6,8,9,13,17,19,17
24-A,4,6,5,7,9,13,15,17
24-B,4,6,6,10,10,15,16,18
24-C,2,2,4,7,8,10,13,14
24-D,2,2,6,8,8,8,11,12
24-E,4,2,5,6,11,12,12,15
24-F,4,4,4,5,4,5,8,9
24-G,4,4,4,5,4,5,8,11
24-H,4,4,5,7,10,11,12,17
24-I,4,4,4,7,4,8,12,13
24-J,4,4,4,6,8,9,10,11
24-K,4,4,5,6,8,9,10,13
24-L,4,4,4,9,11,15,18,15
24-M,2,5,5,11,12,14,15,12
24-N,4,4,4,10,11,15,16,14
24-O,4,5,5,11,12,15,16,14
24-P,4,6,6,8,12,16,17,13
24-Q,4,4,6,9,12,15,17,18
24-R,4,6,7,8,14,21,22,23
24-S,4,4,4,8,12,13,14,15
24-T,2,4,7,9,11,11,14,16
25-A,4,7,9,11,10,15,15,18
25-B,4,8,10,11,12,8,12,14
25-C,4,7,8,10,11,12,13,16
25-D,4,7,8,8,9,11,11,12
25-E,4,7,8,9,9,10,14,14
25-F,4,6,8,9,9,9,13,15
25-G,4,6,6,9,9,10,12,11
25-H,4,7,8,8,8,9,11,14
25-I,4,7,7,8,7,9,9,11
25-J,4,7,8,9,7,13,15,12
25-K,4,8,9,9,7,9,10,12
25-L,4,6,6,12,11,12,14,15
25-M,4,7,7,11,9,9,11,12
25-N,4,6,7,12,11,12,16,17
25-O,4,7,7,10,13,13,15,16
25-P,4,7,7,9,7,7,10,11
25-Q,4,4,5,7,8,8,9,12
25-R,4,7,6,8,11,11,13,13
25-S,4,7,8,12,12,18,20,19
25-T,4,7,7,8,9,11,12,14
26-A,2,5,8,8,10,13,15,16
26-B,4,6,7,8,8,9,10,11
26-C,4,2,5,6,7,7,11,13
26-D,4,5,8,7,11,13,15,18
26-E,4,5,8,9,8,7,9,9
26-F,4,4,5,7,6,8,9,10
26-G,4,4,4,10,10,15,16,16
26-H,4,4,4,6,6,12,15,14
26-I,4,4,5,9,8,13,16,17
26-J,4,4,4,7,5,11,14,11
26-K,4,5,6,8,12,19,20,15
26-L,4,4,4,9,11,16,17,16
26-M,2,4,5,7,11,13,14,14
26-N,4,4,6,11,12,15,17,13
26-O,4,5,4,9,9,10,13,14
26-P,2,8,9,12,14,16,19,19
26-Q,2,6,7,12,13,15,18,12
26-R,4,6,7,11,14,18,22,15
26-S,4,6,5,5,6,11,11,12
26-T,4,6,7,10,10,10,11,19
27-A,4,6,7,9,7,8,9,10
27-B,4,4,5,9,12,12,14,16
27-C,4,7,8,9,10,11,13,14
27-D,4,5,9,9,10,11,11,13
27-E,4,6,7,8,10,11,14,16
27-F,4,8,8,8,9,12,15,15
27-G,4,6,6,11,9,14,16,17
27-H,4,7,7,8,9,9,12,12
27-I,2,6,7,7,9,21,22,15
27-J,4,3,4,8,8,14,16,15
27-K,4,4,5,9,10,12,15,16
27-L,4,5,6,8,11,12,13,17
27-M,4,5,7,11,12,13,15,17
27-N,4,6,7,12,12,16,18,18
27-O,4,6,8,9,10,11,14,15
27-P,4,6,7,9,9,10,12,16
27-Q,4,6,8,7,8,9,10,13
27-R,4,6,9,12,10,11,14,15
27-S,4,6,8,9,10,11,12,17
27-T,4,6,7,8,9,13,13,15
28-A,4,8,9,11,11,11,12,21
28-B,4,8,11,11,12,14,17,20
28-C,4,7,7,10,11,10,14,17
28-D,4,6,6,8,10,11,13,17
28-E,4,5,6,7,10,12,12,12
28-F,2,3,2,5,6,7,10,11
28-G,4,6,6,8,9,11,14,11
28-H,4,7,7,11,9,14,15,0
28-I,4,4,4,6,8,10,14,13
28-J,4,4,6,7,9,10,12,15
28-K,2,2,2,4,5,10,13,15
28-L,2,7,9,11,11,11,14,11
28-M,2,5,6,10,11,13,14,16
28-N,4,4,5,11,12,11,14,16
28-O,4,4,6,7,9,10,11,11
28-P,2,6,9,9,12,15,18,13
28-Q,4,8,9,9,11,10,12,14
28-R,4,8,10,11,11,12,14,12
28-S,4,6,7,8,12,13,14,11
28-T,4,7,7,9,13,11,14,16
29-A,4,8,10,11,11,15,15,19
29-B,4,8,11,13,13,13,15,19
29-C,4,8,9,14,13,17,21,23
29-D,4,6,7,7,12,11,13,15
29-E,4,6,8,9,11,12,14,19
29-F,4,4,4,6,8,9,10,11
29-G,4,7,6,11,12,9,12,16
29-H,4,6,8,9,11,13,15,13
29-I,4,6,4,8,10,11,15,12
29-J,4,4,4,7,7,9,11,12
29-K,4,6,6,11,10,18,21,13
29-L,2,6,6,10,11,12,14,16
29-M,4,6,7,11,12,13,14,16
29-N,4,4,4,9,10,12,15,14
29-O,4,5,5,10,11,11,12,13
29-P,4,6,7,9,12,13,13,14
29-Q,4,6,6,9,10,11,15,19
29-R,2,6,6,8,11,11,13,15
29-S,4,6,7,10,12,14,15,15
29-T,4,6,8,10,14,15,17,19
30-A,4,7,8,9,9,9,10,14
30-B,4,9,9,10,13,10,13,15
30-C,4,8,9,13,14,14,16,20
30-D,4,6,7,9,9,10,11,11
30-E,2,2,4,6,7,7,9,10
30-F,4,7,5,11,12,13,14,10
30-G,2,2,3,6,7,8,12,10
30-H,4,4,4,6,7,8,10,10
30-I,2,2,2,4,4,8,10,10
30-J,2,2,4,6,8,9,12,16
30-K,2,2,5,10,11,13,14,16
30-L,4,5,7,12,14,16,17,10
30-M,4,6,6,11,13,17,18,12
30-N,4,5,6,9,12,10,13,10
30-O,4,6,5,11,12,13,14,10
30-P,4,8,10,11,12,12,13,13
30-Q,4,8,4,10,12,13,14,14
30-R,2,8,8,11,11,15,18,16
30-S,4,4,6,12,12,17,19,15
30-T,2,5,7,11,12,14,14,15
31-A,2,4,6,10,10,11,13,17
31-B,4,6,9,11,12,14,17,20
31-C,2,6,8,9,10,11,13,13
31-D,2,5,7,8,9,10,13,13
31-E,2,6,6,9,8,9,11,12
31-F,4,6,5,11,12,12,13,12
31-G,4,4,7,9,10,11,12,12
31-H,4,4,5,7,10,11,12,13
31-I,2,2,5,7,8,8,10,10
31-J,4,5,5,10,11,10,10,12
31-K,2,6,6,11,14,10,12,10
31-L,4,6,6,10,11,12,15,16
31-M,4,6,8,12,14,12,12,13
31-N,4,4,9,10,10,11,13,16
31-O,4,5,7,11,12,14,16,12
31-P,4,6,8,11,14,22,23,15
31-Q,4,4,6,11,11,14,14,16
31-R,2,4,5,6,8,12,13,15
31-S,4,6,6,7,9,10,11,14
31-T,4,4,6,7,7,8,8,14
32-A,4,7,8,8,10,12,12,13
32-B,4,6,7,8,12,12,15,10
32-C,4,6,8,9,11,11,14,12
32-D,4,7,9,6,6,7,7,15
32-E,4,6,8,10,11,12,14,14
32-F,4,6,4,10,12,13,13,14
32-G,4,5,4,8,9,9,12,15
32-H,2,5,5,6,8,9,10,11
32-I,2,6,5,8,8,12,14,15
32-J,2,3,4,9,10,12,14,15
32-K,4,5,5,11,13,13,16,16
32-L,2,6,7,10,10,11,15,17
32-M,4,6,6,10,11,11,12,14
32-N,4,6,7,10,11,13,14,16
32-O,4,4,4,8,9,10,10,14
32-P,4,6,8,9,8,12,15,16
32-Q,4,7,9,9,10,11,13,17
32-R,4,6,7,11,11,11,12,14
32-S,4,5,8,10,12,12,13,16
32-T,4,5,6,8,9,9,12,14
33-A,4,6,10,11,12,12,16,20
33-B,4,6,6,7,8,9,10,12
33-C,4,6,8,7,7,9,12,12
33-D,4,6,6,6,9,10,10,14
33-E,4,6,8,7,9,9,10,15
33-F,4,4,5,7,8,9,11,10
33-G,4,4,4,6,9,9,10,16
33-H,4,4,5,6,8,9,9,11
33-I,4,4,4,8,9,10,12,10
33-J,2,3,4,9,10,11,11,14
33-K,4,6,7,8,9,10,13,14
33-L,2,4,4,8,11,11,14,12
33-M,4,6,6,11,11,12,15,15
33-N,4,6,5,10,10,11,15,16
33-O,4,6,5,9,12,13,13,16
33-P,4,6,7,11,12,12,14,15
33-Q,4,4,4,5,6,8,10,16
33-R,4,4,4,6,8,11,14,15
33-S,4,6,6,8,9,10,11,11
33-T,2,6,7,8,9,9,11,14
34-A,4,6,9,9,14,16,18,18
34-B,4,6,9,9,14,15,18,10
34-C,4,4,6,9,12,13,14,14
34-D,4,7,9,10,14,14,18,19
34-E,4,4,6,6,8,8,10,11
34-F,4,6,6,11,10,11,13,16
34-G,4,4,6,9,11,12,15,17
34-H,4,6,7,11,12,13,17,14
34-I,4,4,5,7,10,12,13,13
34-J,4,6,7,11,13,13,14,12
34-K,4,7,10,7,12,14,14,17
34-L,4,4,7,8,11,12,14,10
34-M,4,4,6,9,11,15,16,10
34-N,4,5,6,8,10,15,16,14
34-O,4,4,5,8,8,10,12,20
34-P,2,4,4,6,9,10,13,14
34-Q,4,7,9,11,9,10,12,19
34-R,4,6,7,8,12,12,13,16
34-S,2,4,4,5,11,11,14,19
34-T,4,6,8,9,14,15,19,14
35-A,4,7,8,12,12,13,15,19
35-B,4,7,9,12,10,11,12,14
35-C,4,6,8,9,12,12,15,18
35-D,4,6,8,8,11,12,14,15
35-E,4,8,11,13,14,14,17,26
35-F,2,8,9,12,12,13,13,12
35-G,4,6,8,11,14,15,18,19
35-H,4,8,10,13,14,15,18,21
35-I,4,6,7,10,15,16,18,21
35-J,4,6,6,11,14,14,15,16
35-K,4,6,7,7,9,9,10,15
35-L,2,6,9,11,12,13,16,19
35-M,4,6,8,11,12,14,18,24
35-N,4,6,9,16,13,15,18,22
35-O,4,6,5,8,9,13,16,14
35-P,4,7,7,8,12,13,15,16
35-Q,4,6,8,9,12,12,15,23
35-R,4,7,7,7,11,13,15,23
35-S,2,4,6,7,11,14,16,17
35-T,4,5,7,9,13,15,17,20
36-A,4,4,4,7,8,9,10,11
36-B,4,4,6,8,9,11,12,17
36-C,4,7,8,9,11,12,14,14
36-D,4,4,6,7,12,11,15,18
36-E,2,4,6,8,10,12,14,13
36-F,4,4,4,10,12,11,12,10
36-G,4,4,4,10,10,11,14,15
36-H,2,5,6,9,12,15,18,14
36-I,4,4,7,10,14,13,15,14
36-J,4,4,4,7,11,11,12,10
36-K,4,4,5,9,9,10,14,10
36-L,4,6,7,9,9,9,10,14
36-M,2,5,6,9,11,16,17,18
36-N,4,5,6,9,10,15,17,18
36-O,2,4,4,7,10,10,11,15
36-P,2,4,4,6,10,12,12,12
36-Q,2,4,6,8,11,11,12,15
36-R,4,4,5,9,9,9,9,11
36-S,2,2,4,9,9,9,9,13
36-T,4,4,6,6,11,12,16,22
37-A,4,6,6,7,8,9,10,11
37-B,4,5,8,8,9,9,9,15
37-C,4,6,7,9,10,11,12,17
37-D,4,6,8,8,9,12,15,13
37-E,4,6,8,9,9,9,13,12
37-F,4,6,7,8,9,10,12,13
37-G,4,4,5,8,9,10,12,15
37-H,0,0,0,0,0,0,0,0
37-I,0,0,0,0,0,0,0,0
37-J,4,5,7,7,9,9,11,11
37-K,4,6,8,8,8,9,12,17
37-L,4,6,7,8,9,11,14,19
37-M,4,6,7,12,13,13,15,18
37-N,4,4,6,7,9,11,15,13
37-O,4,6,6,6,9,12,15,11
37-P,4,5,6,6,10,10,13,18
37-Q,4,6,9,10,11,13,16,12
37-R,4,5,6,7,12,13,16,11
37-S,4,6,8,10,11,11,13,13
37-T,4,7,8,9,10,12,12,14
38-A,4,6,8,10,10,13,15,12
38-B,4,6,9,9,12,13,17,17
38-C,4,6,8,9,11,11,14,19
38-D,4,6,8,8,8,10,14,18
38-E,4,7,10,11,11,12,12,13
38-F,4,6,8,10,11,12,13,11
38-G,4,5,6,11,12,12,12,18
38-H,4,6,6,11,10,13,16,19
38-I,4,4,5,12,13,13,16,25
38-J,4,6,6,10,11,11,12,20
38-K,4,5,7,7,11,13,16,17
38-L,4,6,8,11,13,14,16,17
38-M,4,4,7,9,10,11,13,15
38-N,4,6,8,11,12,12,15,16
38-O,4,6,9,10,10,12,13,17
38-P,4,6,9,11,11,12,15,16
38-Q,4,4,6,8,10,12,14,15
38-R,4,6,8,9,10,11,12,15
38-S,4,6,8,10,12,12,16,16
38-T,4,6,8,9,9,10,11,17
39-A,4,6,9,9,10,11,14,16
39-B,4,8,9,9,11,12,15,16
39-C,4,7,8,9,12,12,13,17
39-D,4,7,9,10,12,13,16,13
39-E,4,6,9,9,11,11,11,12
39-F,4,6,8,10,11,30,30,13
39-G,2,4,7,9,9,10,13,15
39-H,4,7,6,10,11,12,13,16
39-I,4,6,7,9,10,12,16,15
39-J,4,5,5,9,11,11,14,15
39-K,4,5,6,9,9,10,12,14
39-L,4,5,7,7,8,9,13,14
39-M,4,4,5,6,6,8,11,13
39-N,2,4,6,8,9,9,13,15
39-O,4,6,8,10,11,12,15,16
39-P,4,6,7,8,9,10,11,13
39-Q,4,6,8,9,9,9,12,12
39-R,4,6,8,9,9,9,11,13
39-S,4,6,8,9,9,11,12,15
39-T,4,5,7,8,9,10,12,15
40-A,4,5,9,9,10,11,12,16
40-B,4,6,9,10,10,12,12,14
40-C,2,6,7,8,12,12,14,16
40-D,4,4,9,11,14,14,17,18
40-E,4,6,7,8,13,14,14,15
40-F,4,5,6,9,10,11,13,13
40-G,4,4,5,8,8,9,10,15
40-H,4,4,6,8,10,12,16,14
40-I,4,4,4,7,7,8,12,12
40-J,4,6,6,8,9,10,12,16
40-K,4,6,6,7,8,9,13,11
40-L,4,6,7,8,12,13,15,14
40-M,4,5,8,8,9,8,10,15
40-N,4,6,8,9,11,12,12,11
40-O,4,6,7,10,11,12,14,12
40-P,4,6,7,8,12,12,14,12
40-Q,2,5,7,10,11,12,15,13
40-R,4,5,7,8,10,11,11,11
40-S,0,0,0,0,0,0,0,0
40-T,2,4,7,8,9,10,14,10
41-A,4,6,8,6,12,15,16,12
41-B,4,6,9,11,10,11,13,12
41-C,4,6,7,10,11,12,13,11
41-D,4,6,7,8,9,9,11,14
41-E,4,7,8,8,10,11,11,13
41-F,2,6,6,11,11,12,13,13
41-G,4,6,7,9,12,13,13,11
41-H,3,4,5,9,11,12,15,10
41-I,4,7,8,10,12,12,14,11
41-J,4,6,5,10,11,12,14,15
41-K,4,4,7,4,7,9,13,11
41-L,4,4,6,9,9,10,13,13
41-M,4,6,8,9,9,11,14,12
41-N,4,7,9,11,12,13,14,15
41-O,4,6,7,9,9,10,13,15
41-P,4,6,7,8,12,12,16,14
41-Q,4,6,8,14,12,14,15,14
41-R,2,6,7,7,11,12,13,13
41-S,4,5,6,7,12,13,14,15
41-T,4,6,7,10,12,13,15,16
42-A,4,6,7,8,11,13,17,13
42-B,2,4,7,9,11,11,15,12
42-C,2,4,7,8,9,10,12,13
42-D,4,6,7,9,10,11,11,15
42-E,4,6,8,10,13,15,18,15
42-F,4,4,5,9,10,11,15,16
42-G,4,4,6,9,12,13,17,14
42-H,4,4,8,9,11,12,13,16
42-I,4,4,5,11,11,13,16,18
42-J,2,6,6,9,12,14,16,15
42-K,2,6,7,9,12,12,13,13
42-L,2,6,6,8,11,12,15,15
42-M,4,6,6,7,12,14,17,14
42-N,4,6,9,11,12,13,13,12
42-O,4,6,8,8,12,12,14,15
42-P,4,6,8,9,13,13,14,18
42-Q,2,6,9,9,11,11,14,14
42-R,2,6,8,11,13,14,15,11
42-S,4,6,8,10,12,13,17,14
42-T,2,6,7,7,12,14,17,20
43-A,4,6,9,10,11,14,16,15
43-B,4,6,9,10,10,11,14,15
43-C,4,7,9,9,10,11,12,10
43-D,4,6,8,9,12,13,14,16
43-E,4,6,8,9,11,12,12,13
43-F,2,4,6,9,12,12,14,15
43-G,4,6,4,8,12,13,16,16
43-H,4,6,9,10,11,12,14,15
43-I,4,6,8,9,13,14,17,18
43-J,4,6,5,8,12,13,17,18
43-K,4,5,8,7,12,13,13,15
43-L,4,6,7,7,10,14,15,16
43-M,4,6,10,11,13,15,19,21
43-N,2,4,7,8,11,13,16,18
43-O,4,5,8,8,12,15,18,21
43-P,4,6,9,11,11,13,14,15
43-Q,4,7,9,10,12,14,14,15
43-R,4,4,7,4,7,9,10,15
43-S,4,4,7,8,8,8,10,11
43-T,4,6,7,7,7,9,13,16
44-A,2,6,9,11,12,12,16,25
44-B,4,7,10,11,12,14,18,21
44-C,4,6,9,10,12,11,14,11
44-D,4,6,8,9,12,13,14,13
44-E,4,6,9,11,10,13,14,16
44-F,4,6,6,10,14,18,21,22
44-G,4,6,6,9,13,10,12,15
44-H,4,4,4,8,8,9,10,13
44-I,4,6,6,8,9,9,9,11
44-J,4,6,6,8,10,12,15,15
44-K,4,5,8,8,12,13,16,14
44-L,4,4,7,8,10,11,11,15
44-M,4,6,8,9,11,12,15,16
44-N,4,4,5,7,10,11,14,10
44-O,4,6,9,11,12,12,13,14
44-P,4,7,8,8,12,12,13,15
44-Q,4,6,8,10,11,14,17,13
44-R,4,4,4,7,7,8,10,10
44-S,2,4,6,7,11,13,16,15
44-T,2,4,4,6,7,9,11,11
45-A,4,6,8,9,12,13,15,16
45-B,4,5,7,8,10,12,16,13
45-C,4,6,9,10,11,13,13,15
45-D,4,4,8,9,11,11,14,13
45-E,4,6,8,9,11,13,14,16
45-F,4,6,7,8,11,13,14,17
45-G,4,6,6,7,10,12,14,15
45-H,4,6,6,8,9,10,13,16
45-I,4,5,6,6,10,17,19,21
45-J,4,4,5,7,7,8,8,9
45-K,4,7,10,11,12,13,16,17
45-L,4,6,8,9,9,10,12,12
45-M,4,5,9,10,11,12,13,14
45-N,4,6,9,10,11,12,14,10
45-O,2,4,6,7,7,8,10,11
45-P,4,6,9,9,8,9,13,11
45-Q,4,6,9,11,12,12,13,10
45-R,4,6,8,9,9,10,14,11
45-S,4,5,7,9,9,12,13,15
45-T,4,4,7,8,9,9,11,16
46-A,4,4,4,6,8,9,12,12
46-B,4,6,7,8,9,10,12,16
46-C,4,4,4,7,7,8,9,15
46-D,4,6,6,8,9,9,11,18
46-E,4,2,4,5,6,8,12,24
46-F,4,4,6,8,9,9,11,23
46-G,4,4,6,8,12,13,14,21
46-H,4,4,6,9,9,10,14,12
46-I,4,4,5,9,9,9,11,16
46-J,4,4,6,7,9,11,11,15
46-K,4,6,9,11,9,11,15,11
46-L,4,7,9,10,11,11,15,18
46-M,4,7,9,10,10,12,14,24
46-N,2,7,10,11,12,12,14,14
46-O,4,6,8,9,10,11,14,10
46-P,4,6,6,7,8,12,15,15
46-Q,4,6,9,11,7,9,12,9
46-R,4,5,8,9,8,22,24,22
46-S,4,5,8,9,9,9,11,11
46-T,4,6,8,9,11,11,14,15
47-A,4,4,4,5,7,9,13,13
47-B,4,6,7,8,8,9,11,16
47-C,4,4,7,8,11,11,13,19
47-D,4,4,6,9,9,10,11,16
47-E,4,6,8,9,9,9,12,22
47-F,4,4,6,7,9,9,13,17
47-G,4,4,5,7,9,10,11,14
47-H,4,4,4,5,8,10,13,12
47-I,4,6,8,9,9,11,14,21
47-J,4,6,6,7,10,11,11,16
47-K,4,7,9,11,11,12,16,17
47-L,4,8,10,11,11,12,15,17
47-M,4,6,10,10,10,11,13,15
47-N,4,6,8,9,12,13,14,12
47-O,4,7,9,11,11,12,13,20
47-P,2,6,9,9,10,16,18,17
47-Q,4,5,6,6,9,10,13,16
47-R,4,8,10,11,12,18,21,16
47-S,4,6,9,12,12,16,16,19
47-T,4,7,9,10,12,16,19,20
48-A,4,4,7,8,11,13,13,16
48-B,4,4,6,9,9,9,10,22
48-C,4,4,8,9,9,9,12,15
48-D,4,4,5,7,7,11,13,14
48-E,4,2,4,5,6,8,10,13
48-F,4,6,7,9,11,12,15,18
48-G,4,4,6,7,12,13,14,21
48-H,4,4,7,9,12,12,15,19
48-I,4,6,7,10,12,13,15,23
48-J,4,6,8,9,13,14,17,26
48-K,4,6,9,10,11,12,12,14
48-L,4,5,9,14,12,13,14,19
48-M,4,6,9,11,12,13,16,20
48-N,4,4,6,7,9,9,10,15
48-O,4,6,8,10,12,12,13,12
48-P,2,6,8,8,9,10,11,14
48-Q,4,5,7,9,12,12,16,13
48-R,4,5,7,9,13,15,16,18
48-S,4,7,9,11,12,13,15,15
48-T,4,6,8,9,14,14,18,19
49-A,4,5,5,7,8,9,13,15
49-B,4,4,6,8,8,9,12,14
49-C,2,2,5,6,7,8,11,12
49-D,4,4,5,8,9,9,12,16
49-E,4,6,5,9,11,12,15,10
49-F,4,6,6,7,9,9,13,13
49-G,4,4,5,7,9,10,13,21
49-H,4,5,6,7,10,12,16,19
49-I,4,4,6,7,12,12,13,17
49-J,4,6,8,8,12,13,15,23
49-K,2,2,3,4,5,9,10,14
49-L,2,3,4,7,7,8,11,13
49-M,2,4,5,7,9,10,11,16
49-N,2,4,6,5,12,9,16,13
49-O,2,4,7,12,10,11,15,20
49-P,2,4,8,6,6,12,15,17
49-Q,2,4,5,5,8,11,14,27
49-R,2,6,7,7,9,10,13,26
49-S,2,4,6,5,8,9,18,28
49-T,3,4,7,4,12,12,14,25
50-A,4,6,7,9,11,11,13,25
50-B,4,6,7,8,12,13,16,10
50-C,4,4,5,7,9,9,13,29
50-D,4,4,6,8,9,9,12,28
50-E,4,4,4,7,9,9,10,28
50-F,4,4,6,8,9,9,11,12
50-G,4,6,8,9,11,12,16,20
50-H,4,4,5,7,8,9,10,14
50-I,4,5,6,7,10,11,14,16
50-J,4,4,5,6,8,9,11,12
50-K,4,6,9,9,12,13,16,12
50-L,4,6,9,10,11,12,13,16
50-M,4,6,8,8,13,13,15,15
50-N,4,6,9,11,12,13,16,17
50-O,4,6,9,9,15,16,17,14
50-P,4,7,8,9,12,13,15,22
50-Q,4,7,10,11,14,15,16,17
50-R,4,7,10,10,12,13,14,15
50-S,4,6,8,10,12,13,14,17
50-T,4,6,8,9,13,13,16,13
51-A,4,4,6,7,7,9,13,16
51-B,4,4,5,8,8,9,11,13
51-C,4,6,7,8,11,12,13,19
51-D,4,6,6,10,10,10,11,17
51-E,4,5,7,8,10,11,14,18
51-F,4,6,8,9,12,13,16,22
51-G,4,5,6,7,9,9,12,12
51-H,4,5,6,8,8,9,12,14
51-I,4,6,6,8,9,11,15,8
51-J,4,5,6,7,10,13,15,18
51-K,4,7,10,10,13,13,17,17
51-L,4,7,9,10,12,13,14,12
51-M,4,6,9,11,14,14,16,13
51-N,4,6,8,10,12,14,17,16
51-O,4,7,8,9,11,11,11,16
51-P,4,4,8,9,14,15,17,16
51-Q,4,5,7,9,12,11,13,15
51-R,4,7,9,9,13,14,15,16
51-S,4,5,6,7,8,9,13,15
51-T,4,6,8,9,14,15,17,12
52-A,4,6,9,9,13,13,14,19
52-B,4,4,6,8,11,12,12,18
52-C,4,6,7,8,12,13,16,18
52-D,4,6,7,9,14,14,15,23
52-E,4,7,8,9,10,11,13,12
52-F,4,6,7,10,13,15,15,22
52-G,4,5,6,8,9,9,10,13
52-H,4,5,8,10,13,12,15,20
52-I,4,6,6,7,11,11,15,20
52-J,4,7,9,10,14,14,17,17
52-K,4,7,11,12,14,14,15,14
52-L,4,4,7,7,12,11,14,19
52-M,4,6,9,11,16,14,14,22
52-N,4,7,9,10,15,16,17,16
52-O,4,6,8,10,14,15,18,24
52-P,4,7,8,9,14,11,12,15
52-Q,4,5,9,10,12,17,19,19
52-R,4,6,9,12,16,18,18,15
52-S,4,7,10,13,16,16,19,14
52-T,4,5,7,8,15,15,19,20
53-A,4,7,8,9,11,12,15,21
53-B,4,6,8,9,12,13,16,16
53-C,4,6,8,8,10,11,14,8
53-D,4,5,7,8,7,9,9,0
53-E,4,6,8,9,9,11,12,14
53-F,4,7,8,10,10,14,17,18
53-G,4,7,8,9,7,10,13,0
53-H,4,7,10,11,11,12,14,6
53-I,4,7,7,8,9,10,12,0
53-J,4,6,7,10,12,14,15,21
53-K,4,6,6,8,7,8,8,9
53-L,4,6,9,11,6,9,11,15
53-M,4,6,11,12,12,17,19,9
53-N,4,7,9,10,11,14,17,18
53-O,4,7,10,11,14,17,21,14
53-P,4,6,9,10,12,12,15,17
53-Q,4,7,9,11,11,11,13,16
53-R,4,5,7,8,9,10,12,11
53-S,4,7,8,9,9,9,11,15
53-T,4,7,9,10,12,18,18,17
54-A,4,5,7,8,9,9,10,16
54-B,4,6,8,9,11,12,13,18
54-C,4,4,6,9,9,9,10,11
54-D,4,6,6,7,9,9,11,15
54-E,4,4,4,5,9,9,12,16
54-F,4,6,6,7,9,14,14,22
54-G,4,5,6,7,10,11,11,17
54-H,4,6,7,8,12,13,15,11
54-I,4,6,8,8,9,10,11,16
54-J,4,8,10,12,13,14,16,17
54-K,4,7,7,9,14,13,15,25
54-L,4,8,7,8,9,10,11,14
54-M,4,8,10,12,16,17,17,11
54-N,4,6,8,10,13,13,14,14
54-O,4,7,10,10,15,20,22,31
54-P,4,6,8,9,10,11,14,15
54-Q,4,6,9,11,13,19,20,23
54-R,4,8,9,9,9,10,11,11
54-S,4,6,9,9,12,16,18,17
54-T,4,7,10,10,14,17,17,15
55-A,4,5,7,9,9,9,9,12
55-B,4,6,7,9,10,11,15,10
55-C,4,6,7,7,8,9,13,15
55-D,4,4,6,9,10,11,14,15
55-E,4,5,5,7,9,11,12,16
55-F,4,6,7,12,14,14,17,13
55-G,4,7,8,10,13,14,15,16
55-H,4,7,9,11,10,10,13,12
55-I,4,4,5,6,9,10,13,20
55-J,4,6,8,10,11,15,17,14
55-K,4,7,10,11,12,14,17,16
55-L,4,7,9,10,10,12,12,13
55-M,4,6,8,9,11,15,15,16
55-N,4,6,9,9,14,16,16,11
55-O,4,6,8,11,12,13,15,11
55-P,4,7,8,9,10,11,14,16
55-Q,4,6,8,9,15,13,16,15
55-R,4,6,9,11,10,11,12,16
55-S,4,6,9,10,12,14,18,20
55-T,4,7,8,9,13,14,14,16
56-A,4,6,9,10,13,13,16,17
56-B,4,7,10,11,12,13,13,12
56-C,4,7,9,10,12,13,16,17
56-D,4,6,8,8,13,14,17,16
56-E,4,6,9,12,12,13,14,16
56-F,4,7,11,14,12,14,17,17
56-G,4,5,7,8,12,12,13,24
56-H,4,8,10,12,14,14,16,13
56-I,4,7,10,13,12,14,16,21
56-J,4,7,8,9,13,14,15,10
56-K,4,6,7,10,10,13,14,10
56-L,4,6,9,11,12,13,15,16
56-M,4,5,8,13,14,14,18,15
56-N,2,4,7,9,12,13,13,12
56-O,4,6,10,11,11,13,15,18
56-P,2,6,8,12,11,12,16,17
56-Q,2,6,8,12,12,13,16,17
56-R,2,5,6,6,9,10,12,13
56-S,2,4,6,7,8,9,12,15
56-T,2,6,8,15,13,13,15,13
57-A,4,8,9,11,11,12,15,13
57-B,4,7,9,10,10,11,11,11
57-C,4,8,9,10,11,11,13,16
57-D,4,8,9,9,14,16,16,14
57-E,4,8,9,10,15,16,19,12
57-F,4,8,8,8,15,10,10,11
57-G,4,8,10,11,14,11,13,18
57-H,2,4,4,8,9,10,11,17
57-I,4,8,9,11,12,12,15,17
57-J,4,8,8,10,13,14,16,15
57-K,4,8,10,14,14,13,13,14
57-L,2,6,8,12,12,14,18,22
57-M,4,5,6,7,11,11,15,17
57-N,4,6,8,15,10,11,13,22
57-O,2,5,8,14,12,14,18,11
57-P,4,6,7,7,7,9,13,15
57-Q,6,6,10,11,12,13,17,16
57-R,4,6,9,12,13,14,18,21
57-S,4,6,9,10,11,13,14,20
57-T,4,6,8,12,10,11,13,16
58-A,4,8,10,11,12,13,14,17
58-B,4,8,10,11,17,19,23,12
58-C,4,7,11,12,13,14,14,17
58-D,4,7,12,12,11,13,15,16
58-E,4,5,6,7,8,10,13,16
58-F,4,7,9,10,12,13,14,17
58-G,4,7,8,13,12,13,16,24
58-H,4,8,10,11,12,11,11,21
58-I,6,8,12,11,11,15,17,25
58-J,4,7,12,12,12,13,16,23
58-K,4,4,8,13,12,13,14,22
58-L,4,8,9,12,10,10,11,22
58-M,4,6,8,11,13,13,17,22
58-N,4,8,9,13,12,14,17,20
58-O,4,6,8,14,12,14,15,22
58-P,4,6,8,11,12,13,14,23
58-Q,2,6,8,12,11,11,11,24
58-R,6,7,9,20,21,23,26,19
58-S,4,6,8,14,13,13,13,17
58-T,4,6,8,18,18,19,23,21
59-A,4,8,10,11,10,13,15,15
59-B,4,8,9,11,12,14,17,24
59-C,4,8,9,12,11,12,16,19
59-D,4,8,9,10,10,11,12,21
59-E,4,7,10,11,12,14,14,23
59-F,4,8,7,10,13,13,14,26
59-G,4,6,8,9,11,13,15,20
59-H,4,9,11,15,11,13,14,14
59-I,4,5,6,7,9,10,13,16
59-J,4,8,9,12,12,12,12,13
59-K,4,8,10,19,14,14,16,23
59-L,4,6,8,15,13,14,15,20
59-M,2,4,7,11,14,13,16,20
59-N,4,7,9,17,11,13,13,17
59-O,4,8,15,18,15,17,20,22
59-P,4,6,13,21,22,23,25,26
59-Q,4,8,9,18,11,13,14,16
59-R,4,5,8,13,11,13,16,19
59-S,4,8,8,15,13,14,14,15
59-T,4,8,10,18,15,15,19,12
60-A,4,7,10,11,12,13,14,11
60-B,4,9,10,16,15,16,19,14
60-C,4,7,9,12,13,14,17,15
60-D,4,5,6,7,9,10,11,15
60-E,4,6,8,10,13,13,16,17
60-F,4,8,9,13,14,14,14,16
60-G,4,7,9,12,15,16,16,21
60-H,4,8,10,15,16,17,20,16
60-I,4,6,8,10,14,16,18,18
60-J,4,7,9,11,13,15,18,14
60-K,2,6,8,9,9,10,11,15
60-L,4,7,9,14,11,13,15,16
60-M,4,8,10,17,18,19,23,16
60-N,4,8,11,18,18,20,22,12
60-O,4,7,10,18,18,21,24,14
60-P,4,6,6,11,15,16,19,18
60-Q,2,5,8,9,12,13,14,17
60-R,4,7,9,15,14,16,16,11
60-S,4,8,9,13,11,12,13,21
60-T,4,7,10,12,14,15,18,19
61-A,4,8,10,12,13,15,16,17
61-B,4,8,10,11,14,15,19,17
61-C,4,7,8,13,15,19,20,24
61-D,4,8,7,10,14,15,17,18
61-E,4,7,7,10,12,12,13,17
61-F,4,7,9,13,14,14,15,17
61-G,4,8,10,11,12,15,15,16
61-H,4,8,9,11,13,14,18,18
61-I,4,6,7,11,12,13,14,21
61-J,4,6,9,13,14,14,16,17
61-K,4,6,6,11,12,14,17,18
61-L,2,4,6,11,13,13,15,22
61-M,4,6,10,14,15,15,18,19
61-N,4,6,9,11,11,13,17,16
61-O,4,6,10,12,12,14,15,19
61-P,2,4,6,11,13,14,14,22
61-Q,4,6,8,11,14,14,14,24
61-R,4,5,8,14,11,13,14,21
61-S,4,6,8,11,12,13,14,25
61-T,4,6,8,12,12,14,16,23
62-A,2,6,7,12,13,14,17,26
62-B,4,6,7,10,11,13,17,20
62-C,4,3,3,5,5,8,10,14
62-D,4,5,7,9,11,13,14,16
62-E,4,6,9,10,11,12,13,13
62-F,4,5,8,9,10,11,12,23
62-G,4,5,8,9,11,12,15,20
62-H,2,5,8,10,12,13,17,20
62-I,4,5,8,9,11,14,15,18
62-J,4,8,9,10,10,14,14,23
62-K,2,4,8,13,14,13,15,17
62-L,4,6,9,12,13,13,17,22
62-M,2,6,9,13,14,14,17,22
62-N,2,6,8,11,11,12,16,19
62-O,2,4,8,11,12,14,14,28
62-P,0,0,0,0,0,0,0,0
62-Q,2,4,8,11,11,14,17,18
62-R,2,4,8,10,13,13,13,22
62-S,0,0,0,0,0,0,0,0
62-T,2,6,8,14,11,14,16,17
63-A,4,6,8,8,10,11,14,21
63-B,4,6,7,9,10,11,14,23
63-C,4,6,8,8,9,10,12,23
63-D,4,6,8,9,10,11,12,19
63-E,4,6,7,10,11,22,24,19
63-F,2,7,9,12,13,14,18,22
63-G,4,6,8,9,10,11,14,17
63-H,2,4,4,6,9,10,12,19
63-I,2,4,4,6,7,8,11,18
63-J,2,3,4,6,7,8,9,23
63-K,4,6,9,15,16,17,20,17
63-L,2,4,4,6,9,10,11,18
63-M,2,4,8,9,11,11,12,17
63-N,2,4,8,11,12,12,16,13
63-O,2,2,5,7,7,8,10,18
63-P,4,6,8,8,9,9,10,16
63-Q,4,6,7,8,8,9,13,16
63-R,2,4,8,9,11,12,15,22
63-S,2,4,5,7,9,10,13,25
63-T,2,2,4,8,9,10,13,27
64-A,4,9,10,10,15,15,15,27
64-B,4,6,7,8,13,14,16,24
64-C,4,7,7,7,9,10,11,30
64-D,0,0,0,0,0,0,0,0
64-E,4,5,6,8,8,9,11,30
64-F,4,6,7,7,7,8,8,23
64-G,2,5,6,8,10,10,12,16
64-H,4,6,8,9,12,13,17,24
64-I,0,0,0,0,0,0,0,0
64-J,4,6,7,10,12,13,13,21
64-K,4,6,7,9,9,10,12,25
64-L,0,0,0,0,0,0,0,0
64-M,2,6,8,12,13,14,18,25
64-N,4,7,10,11,13,14,16,27
64-O,2,3,5,8,10,11,14,27
64-P,4,7,10,17,18,19,20,24
64-Q,4,6,6,11,13,14,17,30
64-R,0,0,0,0,0,0,0,0
64-S,4,8,9,10,11,11,14,28
64-T,4,6,9,12,13,14,14,24
65-A,0,0,0,0,0,0,0,0
65-B,3,4,6,8,12,13,14,21
65-C,2,4,6,9,11,13,14,25
65-D,0,0,0,0,0,0,0,0
65-E,3,5,7,9,9,10,12,11
65-F,2,6,8,10,11,12,16,27
65-G,2,5,8,9,10,11,14,16
65-H,2,5,8,11,12,13,14,17
65-I,2,5,6,10,13,13,14,15
65-J,2,4,6,7,12,13,14,14
65-K,2,5,8,10,10,11,12,10
65-L,2,5,8,11,12,12,15,17
65-M,2,4,6,7,11,11,11,18
65-N,2,4,7,9,12,13,14,21
65-O,2,4,6,10,10,10,11,24
65-P,2,2,6,9,9,10,11,15
65-Q,2,4,8,11,12,13,15,16
65-R,2,2,6,10,11,12,14,13
65-S,2,4,8,10,12,13,15,17
65-T,2,4,8,9,11,12,14,18
66-A,3,4,6,7,7,12,15,25
66-B,3,3,4,5,11,11,12,11
66-C,2,4,7,8,13,13,16,17
66-D,2,4,6,9,14,16,16,22
66-E,2,4,6,10,11,12,14,15
66-F,2,4,7,10,12,17,20,23
66-G,0,0,0,0,0,0,0,0
66-H,2,4,8,8,14,14,17,29
66-I,2,4,6,6,15,15,16,22
66-J,2,4,7,8,14,15,16,27
66-K,2,4,8,14,15,17,19,21
66-L,2,4,8,14,15,15,16,26
66-M,2,2,6,9,12,13,14,21
66-N,2,4,6,9,14,14,15,24
66-O,2,4,8,11,13,13,17,20
66-P,2,4,6,11,13,12,14,24
66-Q,2,4,8,12,13,15,18,19
66-R,2,4,7,13,15,15,17,23
66-S,2,4,6,11,12,12,13,23
66-T,2,4,6,10,14,14,16,17
67-A,2,4,8,11,13,15,17,13
67-B,2,4,8,9,13,16,18,13
67-C,2,8,8,13,13,13,16,17
67-D,2,4,8,12,12,12,13,15
67-E,2,4,8,11,13,15,17,22
67-F,2,4,8,8,12,14,15,16
67-G,2,3,8,10,12,13,17,17
67-H,4,6,9,8,11,15,16,23
67-I,4,7,4,7,10,17,17,24
67-J,6,8,4,6,9,16,17,30
67-K,0,0,0,0,0,0,0,0
67-L,4,7,6,7,7,14,24,26
67-M,4,6,7,6,9,17,19,25
67-N,4,8,3,9,8,16,23,28
67-O,2,2,6,9,12,13,14,24
67-P,0,0,0,0,0,0,0,0
67-Q,2,4,7,9,9,10,10,21
67-R,2,4,5,6,7,8,11,25
67-S,0,0,0,0,0,0,0,0
67-T,2,5,6,6,8,8,9,11
68-A,0,0,0,0,0,0,0,0
68-B,2,7,8,11,14,19,21,20
68-C,2,5,8,15,17,23,27,14
68-D,2,5,8,11,12,12,15,15
68-E,2,6,10,15,18,19,20,14
68-F,2,6,8,13,16,17,20,10
68-G,2,6,8,15,17,18,21,22
68-H,2,4,8,12,18,19,22,20
68-I,2,4,8,14,12,13,15,22
68-J,2,4,8,11,12,13,15,16
68-K,2,4,8,11,12,14,15,25
68-L,2,6,8,9,13,15,16,22
68-M,2,4,6,10,13,16,17,21
68-N,2,4,8,9,10,11,13,15
68-O,2,5,7,11,16,18,19,21
68-P,2,4,6,11,12,18,19,23
68-Q,2,4,8,10,11,15,19,23
68-R,2,4,6,7,8,9,12,10
68-S,2,4,7,13,14,19,23,24
68-T,2,4,6,8,8,9,13,20
69-A,2,4,6,7,8,9,11,17
69-B,2,5,8,10,10,11,11,21
69-C,2,5,7,9,12,14,16,20
69-D,2,8,8,9,9,10,14,20
69-E,0,0,0,0,0,0,0,0
69-F,0,0,0,0,0,0,0,0
69-G,2,4,7,9,9,10,10,20
69-H,0,0,0,0,0,0,0,0
69-I,2,6,8,9,9,9,10,26
69-J,2,5,8,12,8,8,10,27
69-K,2,6,8,9,9,9,11,23
69-L,2,4,6,9,10,11,14,20
69-M,2,5,8,12,16,17,18,24
69-N,2,4,7,9,10,11,13,20
69-O,2,5,8,9,11,11,12,25
69-P,2,4,5,7,8,9,11,25
69-Q,2,4,5,10,12,13,16,20
69-R,2,4,4,8,11,12,15,28
69-S,2,4,6,11,12,13,17,21
69-T,2,4,4,9,10,11,12,24
70-A,2,4,8,12,12,11,12,20
70-B,2,4,6,9,11,12,14,24
70-C,2,4,6,10,10,11,15,28
70-D,2,4,6,11,12,12,13,25
70-E,2,4,7,8,10,11,14,27
70-F,2,4,6,11,12,12,12,20
70-G,2,4,7,10,11,11,11,20
70-H,3,3,6,7,10,11,13,22
70-I,3,4,6,10,10,12,15,20
70-J,2,4,6,11,12,13,15,24
70-K,2,4,5,6,7,8,11,20
70-L,2,2,4,6,8,10,11,23
70-M,3,4,6,6,7,9,9,24
70-N,2,4,4,9,11,12,16,26
70-O,2,4,6,6,8,8,11,29
70-P,2,4,4,6,11,12,15,19
70-Q,2,4,6,11,12,13,17,28
70-R,2,4,4,9,10,11,12,30
70-S,2,4,8,9,12,11,12,28
70-T,2,4,4,7,7,11,12,20
71-A,4,7,10,11,12,12,16,20
71-B,2,4,8,11,14,17,20,20
71-C,2,4,5,7,8,9,12,26
71-D,4,7,10,15,19,20,21,26
71-E,4,7,10,12,11,11,13,25
71-F,4,6,8,10,11,12,14,26
71-G,4,6,8,10,11,12,15,27
71-H,4,4,6,8,8,10,12,27
71-I,4,6,9,13,16,21,25,28
71-J,0,0,0,0,0,0,0,0
71-K,2,4,5,8,9,9,13,26
71-L,4,5,8,12,13,14,17,26
71-M,4,5,8,9,10,11,12,26
71-N,4,6,8,9,12,13,15,26
71-O,4,4,6,8,9,10,13,20
71-P,4,6,7,9,12,13,15,27
71-Q,4,6,7,9,9,10,14,24
71-R,4,5,7,10,11,16,20,20
71-S,4,6,6,9,13,17,20,22
71-T,4,5,7,11,13,14,17,27
72-A,4,7,10,13,20,23,24,26
72-B,6,8,14,17,21,22,23,28
72-C,4,8,10,15,18,18,21,24
72-D,4,7,10,14,16,18,20,27
72-E,4,7,9,13,16,21,23,25
72-F,4,8,10,15,13,13,15,25
72-G,4,6,9,13,12,12,13,24
72-H,4,6,5,7,8,9,12,25
72-I,0,0,0,0,0,0,0,0
72-J,4,5,8,11,12,15,15,22
72-K,0,0,0,0,0,0,0,0
72-L,4,6,8,10,11,12,14,26
72-M,4,6,8,11,20,22,25,25
72-N,4,6,8,9,12,16,18,26
72-O,4,6,10,14,16,17,18,20
72-P,2,4,4,7,7,8,12,27
72-Q,4,6,7,9,9,11,15,20
72-R,2,6,6,8,10,12,15,28
72-S,4,5,5,7,8,9,12,20
72-T,4,6,8,9,10,18,19,24
73-A,4,6,8,9,9,10,13,27
73-B,4,6,8,12,13,19,20,24
73-C,4,6,8,11,13,18,19,20
73-D,4,7,9,12,12,13,17,26
73-E,4,7,7,12,10,11,14,30
73-F,4,7,8,14,15,16,18,21
73-G,4,6,8,11,11,11,14,28
73-H,4,6,6,10,11,11,13,25
73-I,4,6,8,10,10,12,12,20
73-J,4,7,8,10,11,11,14,22
73-K,4,6,7,11,12,13,15,23
73-L,4,4,5,9,12,13,14,24
73-M,4,6,6,13,13,14,18,22
73-N,4,6,8,15,14,14,15,21
73-O,4,7,8,9,12,13,14,26
73-P,4,5,5,8,8,9,11,22
73-Q,4,6,8,12,13,15,18,21
73-R,2,6,7,10,11,12,15,21
73-S,4,6,6,7,7,8,11,19
73-T,4,6,6,8,9,10,14,17
74-A,4,7,9,14,15,16,17,27
74-B,2,2,4,8,10,10,11,25
74-C,2,6,9,12,11,11,12,23
74-D,4,6,8,12,13,13,13,23
74-E,4,6,8,13,14,15,18,26
74-F,2,6,10,11,11,11,13,26
74-G,4,6,8,14,15,16,19,20
74-H,2,7,10,17,15,15,18,24
74-I,4,7,6,9,10,11,13,21
74-J,4,4,4,6,7,8,9,23
74-K,4,6,8,10,19,20,23,26
74-L,4,5,7,8,24,24,26,18
74-M,2,5,8,11,13,14,17,21
74-N,2,6,8,12,13,13,16,16
74-O,4,5,8,8,11,11,15,23
74-P,4,5,7,11,12,11,15,21
74-Q,2,5,6,8,8,9,13,21
74-R,2,5,7,10,10,11,12,22
74-S,4,6,6,11,13,14,17,22
74-T,4,4,6,9,11,11,14,26
75-A,4,7,10,14,19,18,20,23
75-B,4,7,8,11,12,13,16,21
75-C,4,6,8,11,13,19,21,27
75-D,4,6,8,11,13,16,17,23
75-E,4,7,8,12,10,11,13,24
75-F,4,6,8,13,10,10,10,23
75-G,4,4,6,7,8,11,14,24
75-H,4,6,8,11,12,12,13,22
75-I,4,6,8,12,13,14,17,23
75-J,4,6,8,7,9,11,15,22
75-K,2,4,6,4,16,16,16,25
75-L,2,2,4,7,8,9,12,18
75-M,2,3,6,4,4,10,15,19
75-N,2,4,7,6,7,7,14,18
75-O,2,2,6,7,6,9,17,24
75-P,2,4,5,6,9,8,11,23
75-Q,4,4,5,7,9,10,13,28
75-R,2,3,4,6,8,9,12,23
75-S,2,4,5,6,9,8,10,18
75-T,4,4,5,7,9,10,11,23
76-A,4,6,8,11,12,14,14,25
76-B,4,6,8,10,11,12,16,20
76-C,4,5,8,11,11,12,16,25
76-D,4,6,8,12,13,13,17,25
76-E,2,5,7,9,9,10,12,20
76-F,4,5,8,12,12,13,13,24
76-G,2,4,8,12,12,12,13,26
76-H,2,3,8,12,13,13,14,24
76-I,2,4,8,6,7,8,8,22
76-J,4,4,8,8,9,9,11,18
76-K,4,4,6,7,8,9,13,23
76-L,2,5,7,8,10,10,11,18
76-M,4,6,8,9,9,11,14,17
76-N,4,4,8,8,9,9,12,20
76-O,4,4,6,8,11,12,14,20
76-P,2,4,7,9,9,9,12,24
76-Q,2,2,4,6,8,9,13,23
76-R,2,4,6,9,9,12,16,18
76-S,2,2,5,9,9,9,11,18
76-T,2,4,5,11,12,13,16,19
77-A,2,5,8,11,12,13,16,18
77-B,4,7,8,15,12,9,13,22
77-C,4,6,8,13,14,13,14,18
77-D,4,6,8,14,12,12,14,21
77-E,4,6,8,13,13,12,15,18
77-F,4,6,9,12,13,12,15,23
77-G,2,4,7,11,13,13,14,18
77-H,4,6,9,10,12,13,14,17
77-I,4,5,7,10,13,14,14,23
77-J,4,5,8,10,11,12,14,17
77-K,4,5,7,12,14,15,18,18
77-L,2,5,8,8,19,20,23,21
77-M,4,6,8,7,10,11,14,25
77-N,4,6,9,13,15,16,18,20
77-O,4,6,9,13,14,15,18,19
77-P,2,5,6,10,13,13,15,21
77-Q,4,5,6,10,13,14,15,25
77-R,4,4,5,9,14,14,15,20
77-S,4,5,6,8,11,11,13,25
77-T,4,4,6,10,10,15,19,18
78-A,2,2,5,11,11,13,14,21
78-B,4,6,9,13,14,15,18,20
78-C,2,4,4,6,7,9,13,17
78-D,2,4,5,5,8,9,12,22
78-E,4,6,7,8,12,18,21,19
78-F,4,6,9,13,14,15,18,19
78-G,4,6,9,13,14,15,18,28
78-H,4,7,8,15,15,16,19,22
78-I,2,4,4,10,11,13,14,17
78-J,2,5,6,8,9,10,14,23
78-K,4,7,7,12,16,18,21,22
78-L,2,5,4,11,14,17,19,20
78-M,2,5,6,10,12,14,14,23
78-N,4,4,6,8,11,12,15,21
78-O,4,4,6,7,8,9,12,25
78-P,4,6,5,10,8,10,11,17
78-Q,4,6,6,8,10,12,12,23
78-R,2,2,4,7,8,12,12,19
78-S,4,4,6,6,8,9,10,17
78-T,2,2,4,7,8,9,12,19
79-A,4,4,6,9,14,14,17,23
79-B,4,5,5,8,12,13,15,21
79-C,4,5,5,8,10,10,13,20
79-D,4,5,6,7,10,11,13,21
79-E,4,6,7,7,10,12,15,23
79-F,4,4,5,8,9,10,11,26
79-G,4,4,7,7,10,11,12,21
79-H,4,6,7,13,14,13,16,21
79-I,4,6,5,9,12,12,13,17
79-J,4,5,6,10,14,15,16,21
79-K,4,4,4,5,9,10,12,27
79-L,6,6,4,8,13,14,17,22
79-M,4,4,6,6,10,11,13,19
79-N,4,4,5,9,11,12,16,19
79-O,4,4,5,8,9,11,11,25
79-P,4,6,6,7,9,10,13,19
79-Q,4,6,6,9,12,14,16,19
79-R,4,4,6,9,9,13,14,23
79-S,4,4,5,7,7,10,11,21
79-T,4,5,5,9,10,12,14,20
80-A,4,6,6,6,8,9,11,19
80-B,4,6,7,7,7,7,10,20
80-C,4,7,8,9,11,13,16,17
80-D,4,6,7,9,11,13,14,23
80-E,4,6,7,10,12,12,14,21
80-F,4,6,6,8,11,11,14,23
80-G,4,4,6,13,14,15,16,20
80-H,4,6,7,9,10,11,12,26
80-I,4,6,8,9,9,10,11,21
80-J,4,4,5,9,9,9,10,20
80-K,4,7,9,13,14,15,16,25
80-L,4,4,4,7,14,15,16,20
80-M,4,6,6,10,15,15,16,25
80-N,4,4,6,8,11,11,12,23
80-O,4,6,7,12,12,13,13,20
80-P,4,6,8,9,11,11,12,17
80-Q,4,6,4,10,11,13,15,20
80-R,4,5,5,10,10,11,11,16
80-S,4,7,7,11,12,12,14,22
80-T,4,7,8,10,13,14,15,17
81-A,4,5,7,9,11,13,13,20
81-B,4,6,9,11,14,15,17,26
81-C,2,4,5,9,12,12,13,30
81-D,2,6,7,10,11,11,14,16
81-E,2,5,7,9,11,15,16,21
81-F,2,4,5,10,13,14,14,25
81-G,2,4,7,12,12,12,15,22
81-H,4,6,6,13,14,14,15,23
81-I,2,6,9,12,11,13,15,22
81-J,2,4,8,12,13,14,15,17
81-K,4,4,5,7,8,10,14,20
81-L,2,6,6,13,14,14,16,26
81-M,4,4,6,11,15,13,16,19
81-N,4,4,6,10,11,12,13,24
81-O,4,4,5,9,12,13,17,18
81-P,4,6,4,10,12,13,14,21
81-Q,4,5,7,11,11,12,16,23
81-R,4,5,6,11,13,14,18,25
81-S,4,6,8,11,14,14,18,20
81-T,4,4,3,5,5,5,6,23
82-A,4,7,8,12,11,18,19,16
82-B,4,6,9,10,13,13,15,20
82-C,4,6,6,9,14,15,19,24
82-D,4,6,8,9,12,13,17,17
82-E,2,4,6,7,8,9,13,16
82-F,2,2,4,6,8,9,12,19
82-G,4,6,7,12,9,12,12,23
82-H,4,6,7,10,9,9,13,20
82-I,4,6,8,13,14,14,14,26
82-J,4,6,10,16,16,16,18,16
82-K,4,6,8,11,11,12,14,22
82-L,4,6,8,16,16,17,21,19
82-M,4,6,7,13,15,16,19,18
82-N,4,4,5,13,10,11,14,26
82-O,4,4,7,11,14,13,17,17
82-P,3,4,4,7,8,8,10,17
82-Q,4,6,7,12,11,14,15,22
82-R,4,6,7,11,12,16,20,20
82-S,4,7,8,13,14,21,22,17
82-T,4,6,4,6,7,8,9,16
83-A,4,7,8,12,12,13,17,23
83-B,4,4,4,8,8,8,9,16
83-C,4,7,10,6,6,7,11,23
83-D,4,6,4,6,7,6,10,22
83-E,4,4,5,6,7,9,12,18
83-F,4,4,5,7,11,12,13,24
83-G,4,4,7,9,12,11,13,16
83-H,4,4,8,10,11,11,15,21
83-I,4,4,6,7,11,10,10,16
83-J,4,4,7,7,10,9,10,17
83-K,4,5,5,10,11,10,14,21
83-L,4,4,5,7,8,9,13,21
83-M,4,5,7,7,10,10,13,17
83-N,4,4,5,8,12,11,15,25
83-O,4,6,6,7,11,12,15,24
83-P,2,4,4,9,12,12,12,17
83-Q,4,4,5,5,6,6,7,20
83-R,4,4,5,7,10,11,12,21
83-S,4,3,4,5,7,8,10,24
83-T,4,6,6,9,9,8,11,19
84-A,4,6,9,8,9,10,11,23
84-B,4,7,9,7,7,9,10,23
84-C,4,7,9,10,11,11,15,26
84-D,4,6,6,10,10,11,11,17
84-E,4,7,8,10,11,12,15,16
84-F,4,6,8,18,12,12,15,16
84-G,4,4,6,10,10,11,11,20
84-H,4,7,9,9,10,11,14,27
84-I,4,4,5,5,8,9,10,21
84-J,4,6,6,14,10,11,14,21
84-K,4,6,7,14,12,11,14,18
84-L,4,2,4,5,7,7,8,23
84-M,4,4,5,7,8,9,12,16
84-N,4,7,6,14,15,14,16,23
84-O,4,8,9,11,12,12,15,17
84-P,4,7,10,8,9,10,13,22
84-Q,4,4,6,8,8,8,12,24
84-R,4,4,5,10,12,12,13,21
84-S,4,6,6,10,11,11,12,17
84-T,2,4,7,9,10,11,13,18
