±àºÅ,11.11,11.18,11.25,12.2,12.9,12.16,12.23,12.3,1.5
1-A,3,13,15,24,23,24,26,24,23
1-B,3,10,11,19,24,23,24,21,23
1-C,3,2,4,6,9,7,7,8,8
1-D,2,8,10,16,20,19,20,18,18
1-E,2,4,5,13,7,10,9,10,10
1-F,3,7,8,16,19,19,18,18,18
1-G,2,6,7,10,17,17,15,16,15
1-H,3,6,8,10,19,18,15,8,8
1-I,1,2,4,4,4,4,4,5,5
1-J,5,8,10,16,19,19,20,25,23
1-K,4,9,10,17,21,21,20,23,23
1-L,3,3,4,4,4,5,5,8,8
1-M,3,7,8,12,15,16,14,13,14
1-N,5,9,11,17,20,20,20,23,24
1-O,3,10,12,20,23,22,21,20,19
1-P,3,4,5,5,16,21,20,21,22
1-Q,4,8,9,14,17,20,21,17,17
1-R,3,2,4,4,4,4,5,15,13
1-S,3,6,8,13,16,15,15,13,15
1-T,6,2,3,4,8,12,10,10,10
2-A,5,13,14,20,25,27,24,25,28
2-B,4,7,8,16,20,22,21,20,21
2-C,4,8,9,17,20,18,21,21,20
2-D,4,9,11,18,17,18,21,24,23
2-E,2,2,4,4,8,11,10,10,11
2-F,2,8,9,15,16,16,15,13,13
2-G,2,7,8,18,20,20,18,16,19
2-H,2,2,3,4,12,18,15,16,15
2-I,3,9,10,19,26,21,20,18,17
2-J,4,8,10,16,21,19,19,18,18
2-K,1,4,5,6,6,6,7,11,10
2-L,2,2,3,4,4,12,12,13,13
2-M,2,9,11,19,22,24,24,19,20
2-N,2,6,7,17,18,15,13,16,14
2-O,2,5,6,14,19,18,19,17,17
2-P,3,7,8,9,8,14,13,13,14
2-Q,3,6,7,13,19,19,18,16,17
2-R,2,8,10,20,20,25,21,22,20
2-S,3,9,11,19,22,20,20,20,18
2-T,2,8,9,18,22,21,21,19,22
3-A,0,0,0,0,0,0,0,0,0
3-B,4,3,4,5,7,7,7,7,7
3-C,2,3,4,5,8,8,8,6,7
3-D,3,7,8,9,10,14,12,14,14
3-E,1,5,6,14,18,14,14,14,15
3-F,3,4,5,12,15,17,18,14,13
3-G,3,3,4,8,11,10,10,10,9
3-H,2,4,5,6,7,7,7,17,16
3-I,4,8,10,15,22,23,20,21,20
3-J,2,3,4,6,5,7,15,10,12
3-K,3,6,8,15,20,19,19,17,17
3-L,2,10,12,20,27,26,20,24,21
3-M,2,5,6,13,16,16,15,15,15
3-N,2,10,12,18,24,21,21,20,19
3-O,2,6,8,15,21,20,19,19,17
3-P,2,3,4,4,6,14,14,16,17
3-Q,2,7,8,17,19,20,21,22,24
3-R,3,8,10,17,21,21,21,19,18
3-S,3,8,9,23,28,28,15,16,15
3-T,3,7,8,9,9,10,10,12,12
4-A,3,4,6,12,20,18,16,13,15
4-B,3,9,11,17,21,22,22,21,21
4-C,3,9,11,19,24,24,24,21,22
4-D,0,2,3,4,4,7,7,8,9
4-E,2,6,7,16,17,19,16,15,16
4-F,3,10,12,17,23,24,23,22,20
4-G,2,4,5,12,15,18,17,18,17
4-H,2,11,12,20,21,20,22,24,22
4-I,2,3,4,5,14,19,16,15,14
4-J,2,6,7,12,13,12,12,12,12
4-K,2,3,4,7,9,8,9,7,6
4-L,2,4,6,14,16,18,17,18,19
4-M,2,2,4,4,8,12,10,10,9
4-N,3,2,4,4,8,8,9,9,9
4-O,3,11,12,23,25,25,22,23,21
4-P,2,6,8,19,22,20,20,16,17
4-Q,3,6,7,9,12,16,14,14,12
4-R,2,7,8,14,16,16,19,18,18
4-S,4,8,9,16,18,21,19,17,20
4-T,2,7,8,18,22,21,19,20,18
5-A,1,8,9,15,20,19,21,19,18
5-B,2,12,13,22,24,23,22,20,20
5-C,2,7,8,17,21,21,20,18,21
5-D,3,2,4,8,8,10,9,8,8
5-E,2,3,4,9,15,15,14,4,4
5-F,3,4,5,5,12,16,14,13,12
5-G,3,2,4,4,4,5,6,4,4
5-H,4,10,12,18,22,20,24,20,19
5-I,2,3,4,15,14,11,13,12,13
5-J,2,6,8,16,18,22,18,16,19
5-K,2,3,4,7,6,6,6,7,8
5-L,3,8,9,19,23,22,23,23,20
5-M,5,8,9,17,25,22,20,21,24
5-N,3,7,8,18,21,22,22,20,20
5-O,3,3,4,8,9,10,10,9,9
5-P,2,2,4,4,4,5,6,4,4
5-Q,3,8,10,18,22,22,22,23,24
5-R,1,1,2,3,3,7,8,10,9
5-S,2,6,7,8,8,10,8,10,10
5-T,2,8,9,14,21,18,19,19,18
6-A,3,1,3,3,4,5,5,5,6
6-B,3,6,8,8,13,15,14,12,12
6-C,4,10,11,20,25,24,24,21,23
6-D,2,12,13,20,23,23,23,24,22
6-E,2,3,4,6,10,8,8,10,10
6-F,2,8,9,17,21,22,24,24,21
6-G,2,6,8,8,9,12,13,14,14
6-H,3,4,5,18,14,14,9,11,10
6-I,3,10,12,17,24,23,21,20,20
6-J,4,15,16,23,28,30,24,29,28
6-K,3,11,12,19,20,20,22,24,24
6-L,3,9,11,20,22,28,25,22,25
6-M,3,4,5,6,6,6,8,11,11
6-N,2,2,4,4,4,7,6,8,8
6-O,2,12,13,19,21,23,26,22,22
6-P,3,6,8,15,17,21,16,16,16
6-Q,2,6,8,12,14,14,14,13,13
6-R,3,3,4,4,4,10,10,16,15
6-S,3,8,9,16,22,18,18,17,17
6-T,3,7,8,16,8,10,13,13,14
7-A,0,3,4,5,15,6,7,14,16
7-B,3,7,8,15,19,20,20,16,16
7-C,2,7,8,16,19,19,19,19,19
7-D,4,7,8,15,20,17,19,18,17
7-E,4,3,4,6,13,16,11,10,9
7-F,4,6,8,14,18,18,20,19,19
7-G,0,2,3,6,14,12,12,11,13
7-H,2,7,8,16,21,18,21,21,20
7-I,3,12,13,21,27,26,27,25,24
7-J,2,1,3,4,9,12,10,12,11
7-K,2,7,8,16,19,21,22,17,18
7-L,2,7,8,12,16,16,19,13,14
7-M,2,6,8,16,19,20,20,18,18
7-N,2,4,6,12,12,11,12,12,12
7-O,4,3,4,5,5,5,6,9,9
7-P,2,10,11,18,22,21,19,20,19
7-Q,2,4,6,7,11,11,12,11,10
7-R,3,7,8,9,11,12,11,10,10
7-S,0,4,5,6,14,22,21,18,19
7-T,3,8,9,16,20,19,19,23,20
8-A,2,4,5,14,16,18,15,16,15
8-B,2,8,9,17,18,20,19,21,20
8-C,2,11,12,18,24,22,24,20,20
8-D,3,8,9,18,21,22,25,20,20
8-E,2,10,11,20,24,24,23,21,19
8-F,1,6,8,14,16,15,15,13,13
8-G,3,8,10,17,20,20,21,18,19
8-H,2,2,4,4,7,12,13,12,12
8-I,4,9,11,18,21,23,22,20,20
8-J,3,7,8,10,9,18,15,17,17
8-K,4,11,12,20,24,27,22,24,24
8-L,2,4,6,6,6,13,12,14,16
8-M,3,4,5,6,6,7,8,8,8
8-N,2,6,7,8,12,13,13,15,12
8-O,2,6,7,8,8,9,14,15,13
8-P,3,9,10,21,24,24,24,21,21
8-Q,2,7,8,12,12,11,14,16,15
8-R,3,7,8,16,17,16,16,13,15
8-S,0,0,0,0,0,0,0,0,0
8-T,2,7,8,9,13,21,17,16,14
9-A,2,2,4,5,16,20,18,4,4
9-B,2,4,6,7,12,13,14,14,14
9-C,1,6,8,16,19,20,18,17,17
9-D,3,4,5,7,7,7,12,11,12
9-E,5,6,8,15,18,15,18,16,16
9-F,5,4,5,8,11,12,13,10,10
9-G,3,10,12,20,24,24,22,20,21
9-H,3,8,9,16,18,20,19,18,19
9-I,3,10,12,18,22,21,24,24,23
9-J,2,7,8,14,19,21,18,17,20
9-K,4,8,10,18,24,22,23,19,20
9-L,4,6,7,16,20,19,17,16,19
9-M,2,4,6,14,23,13,12,12,14
9-N,2,4,5,10,10,11,15,14,14
9-O,3,10,11,19,21,20,21,18,18
9-P,2,8,9,14,18,20,20,18,19
9-Q,4,8,9,13,16,14,15,14,14
9-R,0,0,0,0,0,0,0,0,0
9-S,2,2,3,4,4,5,4,3,3
9-T,1,4,5,13,16,16,16,12,15
10-A,3,2,4,7,10,11,10,10,9
10-B,3,8,9,17,21,21,19,18,19
10-C,3,7,8,19,24,18,24,16,16
10-D,2,5,6,15,18,16,16,18,16
10-E,3,4,5,7,12,12,12,14,13
10-F,3,4,5,6,14,20,19,16,17
10-G,3,4,6,11,12,14,12,12,11
10-H,2,2,4,4,21,18,18,16,16
10-I,3,11,12,20,25,24,24,24,21
10-J,6,12,13,19,23,21,23,20,20
10-K,2,3,4,13,11,9,12,12,12
10-L,2,2,4,4,4,5,5,16,15
10-M,2,7,8,18,20,20,21,18,18
10-N,3,8,9,16,20,20,20,19,17
10-O,3,6,7,13,20,20,17,20,18
10-P,5,8,9,15,21,20,24,17,16
10-Q,5,8,9,18,22,19,18,19,20
10-R,3,9,10,16,18,20,16,16,17
10-S,2,4,5,11,15,15,15,16,16
10-T,3,7,8,19,19,21,19,19,16
11-A,2,6,7,9,18,25,14,15,14
11-B,4,7,8,20,20,21,18,20,20
11-C,4,7,8,13,17,16,16,14,14
11-D,3,3,4,6,5,7,12,12,13
11-E,2,8,9,16,21,21,20,18,18
11-F,3,6,8,16,17,16,20,18,19
11-G,2,7,8,15,15,16,16,16,15
11-H,1,10,12,18,22,20,24,25,27
11-I,2,4,6,12,20,14,19,18,19
11-J,2,6,7,15,19,15,13,15,15
11-K,2,12,13,21,23,30,27,21,20
11-L,2,2,4,5,4,7,12,13,12
11-M,5,11,12,18,22,22,23,22,23
11-N,3,8,10,20,25,25,25,21,21
11-O,3,11,12,19,24,22,22,21,20
11-P,2,9,10,19,24,23,21,20,21
11-Q,4,6,8,8,8,12,12,12,12
11-R,3,4,5,5,5,5,6,5,5
11-S,4,12,14,21,25,27,24,23,24
11-T,2,5,6,13,16,14,15,12,13
12-A,3,13,14,23,25,26,26,24,26
12-B,4,8,10,17,24,20,21,21,19
12-C,3,4,5,7,15,16,16,8,8
12-D,5,10,12,20,24,25,25,26,24
12-E,0,0,0,0,0,0,0,0,0
12-F,3,8,10,15,20,20,18,19,18
12-G,2,6,7,15,22,20,21,17,18
12-H,2,3,4,4,4,4,6,4,4
12-I,1,7,8,16,22,21,20,17,19
12-J,2,5,6,7,9,21,15,16,16
12-K,0,4,5,5,14,18,18,16,16
12-L,3,7,8,16,16,16,16,14,16
12-M,2,2,3,4,8,14,8,9,8
12-N,2,1,3,4,4,8,9,5,5
12-O,3,4,5,10,15,14,16,17,16
12-P,4,9,10,18,24,23,23,22,21
12-Q,2,4,5,6,7,7,9,12,12
12-R,3,12,13,19,22,24,22,24,26
12-S,1,3,4,6,6,8,11,15,12
12-T,2,4,5,5,8,12,14,14,16
13-A,2,7,8,14,20,18,19,22,20
13-B,2,4,5,18,12,13,9,8,9
13-C,3,10,11,23,21,24,20,20,22
13-D,2,4,6,7,11,16,13,13,14
13-E,2,9,10,15,19,21,19,19,19
13-F,4,7,8,14,19,20,18,18,19
13-G,2,8,9,19,20,16,19,15,15
13-H,3,4,5,18,17,7,9,13,15
13-I,3,4,5,10,14,15,16,14,12
13-J,4,4,5,6,6,6,7,6,6
13-K,2,8,10,17,24,22,20,20,22
13-L,2,5,6,11,15,15,16,17,20
13-M,3,4,6,7,6,8,12,13,12
13-N,2,2,4,11,21,5,11,11,10
13-O,2,4,5,10,15,15,15,14,15
13-P,3,10,11,16,19,21,21,21,21
13-Q,3,11,12,20,25,23,23,24,24
13-R,3,7,8,12,15,14,16,14,14
13-S,2,4,5,9,12,13,12,12,12
13-T,1,8,10,18,24,21,22,20,20
14-A,2,8,9,11,10,15,15,15,15
14-B,4,7,8,9,9,9,12,12,12
14-C,3,8,9,16,23,24,22,19,20
14-D,3,4,5,12,14,12,15,12,12
14-E,3,10,12,18,23,22,24,25,24
14-F,3,12,13,20,25,22,23,21,21
14-G,2,8,9,19,20,23,21,19,18
14-H,3,6,7,12,13,12,12,13,12
14-I,2,2,3,5,11,12,11,9,9
14-J,3,6,7,13,14,14,13,12,14
14-K,3,5,6,12,18,16,16,14,13
14-L,3,7,8,18,21,20,20,20,19
14-M,3,8,9,15,18,20,21,23,21
14-N,3,4,5,6,7,12,17,13,13
14-O,4,10,12,19,26,23,23,21,22
14-P,4,8,9,18,25,23,20,19,18
14-Q,2,3,4,6,7,6,8,13,14
14-R,2,7,8,16,16,17,18,17,16
14-S,3,8,9,10,9,11,16,16,16
14-T,5,12,13,18,21,21,22,21,21
15-A,2,3,4,5,6,6,6,7,8
15-B,3,2,3,4,7,12,10,3,3
15-C,4,4,6,11,12,13,12,11,11
15-D,2,4,6,12,16,15,15,16,15
15-E,3,6,7,8,8,9,9,10,10
15-F,4,8,9,18,22,19,23,20,20
15-G,3,2,4,5,6,7,13,12,13
15-H,4,2,4,4,4,5,6,14,12
15-I,3,3,4,5,5,8,8,12,12
15-J,2,8,9,18,24,23,21,21,19
15-K,2,4,5,17,23,20,16,5,5
15-L,3,7,8,16,18,16,16,16,16
15-M,2,13,15,21,23,22,24,24,24
15-N,4,5,6,8,12,8,14,14,14
15-O,2,8,9,16,20,20,19,17,17
15-P,5,10,11,17,18,17,18,17,17
15-Q,4,11,12,22,24,24,24,24,24
15-R,4,2,4,12,10,10,8,6,6
15-S,4,9,10,18,21,23,20,20,20
15-T,4,4,6,7,6,7,13,14,13
16-A,2,11,12,20,25,23,23,22,22
16-B,5,14,15,22,29,27,29,24,27
16-C,4,7,8,17,24,17,21,21,23
16-D,3,6,8,16,21,18,19,18,21
16-E,3,8,9,18,21,23,22,21,22
16-F,3,5,6,14,16,19,19,18,16
16-G,2,3,4,5,5,5,7,15,16
16-H,2,5,6,10,12,12,12,11,12
16-I,3,6,8,12,16,17,17,16,16
16-J,3,10,12,16,19,20,21,24,25
16-K,2,3,4,5,14,18,19,16,17
16-L,4,11,12,17,21,19,19,19,20
16-M,3,10,12,20,24,24,22,21,21
16-N,2,3,4,5,8,11,10,12,12
16-O,3,6,7,14,17,16,17,16,17
16-P,2,3,4,4,5,15,16,20,17
16-Q,3,8,10,14,15,16,16,14,14
16-R,4,8,10,17,22,23,22,20,20
16-S,4,7,8,12,21,20,22,20,20
16-T,2,3,4,4,11,16,16,15,16
17-A,3,4,5,6,5,11,12,12,12
17-B,4,12,13,18,24,20,23,27,27
17-C,3,9,10,18,19,19,21,19,18
17-D,3,4,5,6,5,7,12,13,12
17-E,3,7,8,16,20,23,20,20,20
17-F,2,8,9,17,19,20,21,20,19
17-G,2,5,6,7,14,18,12,12,12
17-H,2,3,4,11,11,10,10,10,10
17-I,4,11,12,21,24,24,22,24,23
17-J,2,2,3,4,4,4,4,11,11
17-K,4,8,9,16,18,20,20,22,21
17-L,2,5,6,13,19,20,18,15,17
17-M,4,5,6,12,15,14,17,22,19
17-N,2,3,4,6,15,10,11,11,13
17-O,3,2,4,4,5,5,7,4,4
17-P,4,13,14,21,29,28,24,27,25
17-Q,2,9,10,15,20,20,21,23,24
17-R,2,4,5,10,11,12,11,13,14
17-S,4,8,10,15,20,19,17,17,16
17-T,2,7,8,12,15,19,19,16,16
18-A,5,4,5,8,8,8,9,5,5
18-B,1,3,4,4,6,10,9,12,12
18-C,2,8,9,16,20,20,19,19,18
18-D,5,6,8,16,21,20,16,21,20
18-E,2,4,5,12,14,18,16,20,20
18-F,3,10,12,17,24,24,21,22,22
18-G,4,10,11,20,26,23,22,23,24
18-H,2,9,10,17,24,24,23,21,20
18-I,2,10,11,18,23,24,23,21,23
18-J,4,12,13,23,24,25,25,23,25
18-K,3,9,11,16,18,22,19,20,21
18-L,3,3,4,8,11,8,10,18,17
18-M,4,3,4,8,9,16,16,17,16
18-N,3,3,4,5,8,7,8,4,4
18-O,2,6,7,8,9,16,13,12,12
18-P,2,9,10,16,20,21,21,21,19
18-Q,3,3,4,12,20,15,9,10,9
18-R,2,2,4,4,4,9,9,9,9
18-S,3,9,10,18,21,23,22,23,22
18-T,2,6,7,14,24,16,9,15,15
19-A,6,5,6,8,12,12,12,10,10
19-B,2,7,8,8,9,9,12,13,12
19-C,2,4,6,7,7,8,15,15,13
19-D,4,9,10,22,24,24,23,25,28
19-E,2,4,5,10,12,13,12,11,11
19-F,3,3,4,12,16,16,18,16,15
19-G,3,6,7,17,21,20,19,16,18
19-H,2,6,8,14,16,16,16,15,16
19-I,2,7,8,14,16,16,18,22,21
19-J,4,12,13,24,25,27,28,24,24
19-K,3,6,8,12,16,14,14,14,14
19-L,2,4,6,16,20,17,18,14,16
19-M,3,6,8,12,13,14,16,23,24
19-N,3,10,12,16,20,21,21,20,20
19-O,2,1,3,3,3,5,5,14,13
19-P,0,1,3,3,3,3,4,5,5
19-Q,3,8,9,17,19,19,21,23,22
19-R,2,8,9,19,19,20,20,21,19
19-S,4,8,9,17,22,21,20,20,20
19-T,2,10,12,16,21,22,23,21,24
20-A,3,4,6,10,18,15,14,14,16
20-B,3,10,11,18,24,18,20,22,24
20-C,3,3,4,10,12,12,11,11,11
20-D,2,8,9,16,18,21,19,24,22
20-E,3,7,8,13,17,17,18,17,18
20-F,2,4,5,10,16,16,19,13,15
20-G,3,12,13,20,23,23,20,22,21
20-H,4,3,4,10,10,8,8,8,8
20-I,2,7,8,9,14,15,16,16,14
20-J,3,6,7,9,8,9,15,15,15
20-K,3,8,10,19,25,26,25,23,23
20-L,6,8,9,10,9,10,18,17,16
20-M,4,8,9,16,22,18,22,18,18
20-N,4,6,7,13,19,17,16,14,14
20-O,3,9,10,19,22,24,23,21,21
20-P,2,3,4,12,17,16,17,15,16
20-Q,2,7,8,17,20,20,20,16,18
20-R,2,4,5,12,16,14,15,14,12
20-S,3,3,4,5,14,18,18,16,18
20-T,2,6,8,16,20,19,22,17,18
21-A,0,0,0,0,0,0,0,0,0
21-B,2,8,9,19,24,26,20,20,24
21-C,3,4,6,8,8,12,12,12,12
21-D,3,6,7,13,18,19,17,17,17
21-E,0,0,0,0,0,0,0,0,0
21-F,3,6,8,13,18,19,18,18,19
21-G,4,5,6,14,18,19,18,16,16
21-H,4,10,11,24,30,26,23,21,22
21-I,2,7,8,8,8,9,10,12,12
21-J,3,9,11,16,23,23,20,21,22
21-K,4,6,8,12,13,13,13,12,12
21-L,2,9,10,17,21,21,22,25,22
21-M,3,9,10,20,21,21,22,20,19
21-N,3,11,12,18,22,22,24,27,27
21-O,3,3,4,5,7,8,7,8,8
21-P,3,8,9,17,20,20,21,18,20
21-Q,5,4,5,5,5,6,7,7,7
21-R,1,3,4,12,17,16,15,4,4
21-S,3,7,8,15,16,19,18,17,15
21-T,3,8,9,18,23,20,24,21,22
22-A,3,1,3,3,6,4,4,5,6
22-B,1,2,3,9,13,9,9,11,11
22-C,2,8,9,15,20,19,22,21,22
22-D,2,3,4,4,5,4,6,8,8
22-E,2,4,6,11,13,13,12,10,10
22-F,3,7,8,12,16,15,14,14,15
22-G,2,8,9,15,17,19,18,17,17
22-H,2,1,3,4,4,9,9,11,11
22-I,3,4,6,11,14,14,13,12,12
22-J,2,7,8,14,19,22,19,18,20
22-K,0,0,0,0,0,0,0,0,0
22-L,2,2,4,4,10,12,10,11,9
22-M,3,5,6,12,15,14,12,12,11
22-N,4,2,3,4,4,4,5,10,12
22-O,2,11,12,19,24,23,23,22,23
22-P,3,8,9,16,21,21,20,17,20
22-Q,2,8,9,21,26,25,24,21,20
22-R,3,4,5,13,13,19,14,22,19
22-S,2,4,5,15,21,17,19,20,20
22-T,3,4,6,7,6,8,13,14,14
23-A,2,9,10,16,20,20,20,19,20
23-B,3,12,13,22,29,25,27,27,23
23-C,2,4,5,6,8,10,14,10,10
23-D,6,5,6,13,17,24,23,21,21
23-E,2,7,8,18,24,24,23,20,20
23-F,2,6,7,13,16,15,15,14,14
23-G,2,8,10,16,20,24,19,19,20
23-H,3,2,4,12,19,15,14,13,12
23-I,3,3,4,4,5,5,6,8,8
23-J,5,5,6,7,7,13,12,12,12
23-K,3,8,9,13,16,15,15,14,14
23-L,4,2,4,5,4,9,15,14,13
23-M,3,6,8,14,20,20,17,18,19
23-N,3,2,3,4,11,8,8,9,9
23-O,1,12,13,16,20,21,23,23,22
23-P,3,8,9,16,24,21,23,19,20
23-Q,2,5,6,15,21,19,20,16,17
23-R,5,10,11,19,23,24,20,24,24
23-S,3,4,5,13,14,16,17,20,23
23-T,3,7,8,15,18,20,21,21,19
24-A,4,7,8,17,22,17,23,24,24
24-B,2,4,5,6,7,11,10,10,9
24-C,2,5,6,12,14,14,14,13,12
24-D,3,8,9,18,24,22,24,22,21
24-E,1,4,6,7,16,13,13,13,14
24-F,2,9,10,20,23,23,23,24,23
24-G,2,4,6,14,18,15,17,16,16
24-H,3,3,4,4,7,5,6,7,7
24-I,2,6,8,16,20,21,18,20,20
24-J,3,8,10,16,19,21,20,21,19
24-K,3,6,7,10,15,14,13,12,12
24-L,4,7,8,16,19,20,18,20,22
24-M,3,8,9,16,20,18,20,24,24
24-N,4,12,13,20,23,26,26,26,24
24-O,3,3,4,8,13,11,12,12,11
24-P,4,6,8,14,19,20,18,20,20
24-Q,3,7,8,9,12,17,16,13,12
24-R,4,8,9,13,21,18,15,17,16
24-S,3,3,4,8,11,11,11,10,10
24-T,4,10,12,18,23,22,23,21,22
25-A,2,7,8,11,24,12,12,12,12
25-B,3,8,9,15,19,21,21,21,23
25-C,3,7,8,16,19,18,20,18,19
25-D,3,6,8,12,15,16,15,15,14
25-E,4,12,14,20,24,22,23,22,23
25-F,4,5,6,13,21,19,19,20,19
25-G,3,11,12,20,25,26,26,25,26
25-H,2,7,8,17,20,22,19,18,19
25-I,1,2,4,4,5,8,8,7,7
25-J,3,1,2,3,7,4,4,5,4
25-K,2,8,9,12,9,12,18,18,18
25-L,3,8,9,16,20,20,20,22,23
25-M,3,5,6,8,18,17,13,13,13
25-N,3,11,12,20,23,22,22,22,23
25-O,2,4,5,18,18,17,17,20,17
25-P,5,7,8,16,19,19,20,20,20
25-Q,4,9,11,20,26,27,24,23,23
25-R,2,5,6,7,8,12,12,12,12
25-S,2,5,6,11,25,22,9,11,10
25-T,2,8,10,16,21,20,20,21,24
26-A,3,11,12,22,23,24,23,24,22
26-B,3,11,12,22,27,25,22,23,23
26-C,0,3,4,5,8,11,12,4,4
26-D,3,7,8,14,20,21,20,17,19
26-E,3,8,10,18,21,22,24,21,22
26-F,3,8,9,17,19,21,20,19,17
26-G,4,7,8,16,20,20,20,18,17
26-H,2,6,8,8,8,8,18,16,15
26-I,3,10,11,16,21,20,21,20,20
26-J,3,8,9,17,23,21,22,23,24
26-K,2,7,8,17,21,20,17,20,18
26-L,3,6,7,12,14,13,14,12,12
26-M,3,5,6,13,20,13,15,13,12
26-N,3,4,6,7,6,7,8,10,10
26-O,2,3,4,5,5,5,5,8,7
26-P,3,7,8,14,19,19,19,18,16
26-Q,2,2,3,4,4,4,4,13,13
26-R,5,12,13,20,24,24,25,25,25
26-S,3,5,6,13,16,16,16,14,17
26-T,2,5,6,8,10,8,11,11,11
27-A,2,2,4,7,8,13,10,10,9
27-B,3,3,4,4,6,9,8,11,10
27-C,2,2,3,4,4,4,5,3,3
27-D,2,7,8,16,22,21,20,21,23
27-E,3,8,10,16,21,20,23,19,23
27-F,0,0,0,0,0,0,0,0,0
27-G,0,1,3,7,8,11,9,3,3
27-H,4,12,13,21,24,25,24,26,24
27-I,1,2,3,4,9,15,12,12,11
27-J,2,7,8,12,15,13,17,15,14
27-K,3,9,10,15,18,20,18,19,18
27-L,3,7,8,14,19,17,19,16,17
27-M,2,6,7,15,19,18,19,18,17
27-N,3,10,12,20,26,25,24,23,21
27-O,2,3,4,12,16,15,15,14,14
27-P,4,2,4,4,4,4,4,7,7
27-Q,2,2,3,4,5,4,4,6,6
27-R,3,3,4,5,8,7,6,8,8
27-S,4,6,8,18,23,20,19,20,18
27-T,1,3,4,4,4,8,8,16,15
28-A,3,3,4,5,10,12,12,4,4
28-B,3,8,10,19,20,20,20,17,17
28-C,3,5,6,15,18,20,18,18,17
28-D,1,2,3,4,4,7,7,7,7
28-E,4,3,4,5,5,5,11,9,10
28-F,3,8,10,16,20,20,21,18,19
28-G,2,8,9,16,22,21,20,21,18
28-H,3,5,6,7,18,17,14,13,13
28-I,4,6,8,13,16,16,14,15,14
28-J,4,3,4,5,5,5,5,4,4
28-K,3,7,8,14,18,20,20,18,18
28-L,3,3,4,10,14,14,13,8,8
28-M,4,6,7,8,8,9,16,16,15
28-N,2,6,7,13,24,16,14,13,15
28-O,4,8,9,14,18,18,18,23,20
28-P,2,5,6,7,7,8,7,10,11
28-Q,3,7,8,19,22,24,20,20,19
28-R,4,12,13,24,24,30,28,29,27
28-S,3,4,5,13,17,16,17,17,17
28-T,2,8,9,12,14,14,14,13,14
29-A,2,6,8,13,18,17,16,17,16
29-B,2,2,3,4,4,4,5,7,7
29-C,5,5,6,14,18,19,15,17,17
29-D,2,8,9,16,19,19,20,21,19
29-E,0,0,0,0,0,0,0,0,0
29-F,3,7,8,15,8,10,14,15,14
29-G,3,14,15,25,30,28,30,26,27
29-H,4,8,9,15,19,18,18,18,18
29-I,3,2,4,9,15,11,12,9,10
29-J,3,8,9,15,19,20,18,17,18
29-K,2,4,5,9,13,12,11,10,10
29-L,3,11,12,20,23,24,24,23,22
29-M,3,6,8,13,16,15,16,13,14
29-N,3,9,11,16,21,25,20,20,21
29-O,2,2,3,4,12,7,9,11,9
29-P,3,5,6,8,7,8,12,13,13
29-Q,1,3,4,5,5,15,15,11,11
29-R,4,3,4,10,16,19,17,16,13
29-S,3,10,12,20,27,25,27,27,26
29-T,5,12,13,19,23,24,24,21,24
30-A,2,4,5,6,15,17,11,12,12
30-B,4,4,5,6,6,6,7,8,8
30-C,5,11,12,18,25,24,24,23,22
30-D,2,7,8,16,22,21,20,18,18
30-E,2,5,6,8,8,12,12,13,13
30-F,2,7,8,8,8,10,11,14,13
30-G,2,8,10,14,18,18,17,16,16
30-H,2,2,4,4,6,14,16,6,7
30-I,4,3,4,5,5,10,14,13,15
30-J,4,8,10,17,23,23,21,20,19
30-K,3,3,4,6,12,10,8,10,9
30-L,3,10,12,20,24,25,23,24,22
30-M,3,3,4,5,15,17,18,18,17
30-N,2,9,11,16,19,18,17,16,17
30-O,3,4,5,6,11,7,11,14,14
30-P,2,9,10,18,21,19,20,20,21
30-Q,3,9,10,16,18,19,20,20,20
30-R,3,6,8,13,14,13,14,13,12
30-S,3,5,6,11,16,13,16,12,12
30-T,2,6,7,8,11,19,16,14,14
31-A,2,7,8,13,16,16,16,14,16
31-B,2,2,4,4,8,8,8,8,8
31-C,3,5,6,8,7,9,12,15,13
31-D,1,7,8,12,16,18,17,16,16
31-E,2,8,9,18,20,21,19,18,20
31-F,1,6,7,18,17,16,16,12,12
31-G,3,10,12,18,25,22,23,22,21
31-H,2,4,6,9,14,15,15,16,16
31-I,3,7,8,15,19,17,18,16,18
31-J,3,4,5,17,16,16,16,15,16
31-K,3,4,5,9,11,10,11,10,10
31-L,2,12,14,25,25,28,28,25,24
31-M,1,8,9,17,24,17,18,18,18
31-N,3,7,8,16,20,18,20,19,18
31-O,3,7,8,17,20,19,20,17,18
31-P,3,3,4,8,12,11,12,10,10
31-Q,3,3,4,10,10,8,13,13,12
31-R,0,0,0,0,0,0,0,0,0
31-S,5,7,8,16,24,20,20,20,21
31-T,5,9,11,19,21,20,22,21,22
32-A,3,4,6,8,18,9,12,12,12
32-B,2,7,8,12,17,15,19,16,16
32-C,2,11,12,16,21,20,20,19,19
32-D,3,8,10,16,20,20,21,20,18
32-E,3,14,15,25,26,26,24,24,23
32-F,3,3,4,5,12,14,11,16,17
32-G,0,4,5,5,11,13,13,12,12
32-H,3,2,4,17,22,11,9,11,10
32-I,4,10,11,20,24,23,24,21,22
32-J,3,7,8,15,20,19,20,19,19
32-K,2,3,4,5,5,5,5,4,4
32-L,3,3,4,10,16,11,12,10,11
32-M,3,2,4,4,4,5,5,6,6
32-N,3,7,8,16,18,23,16,16,15
32-O,2,6,8,16,18,19,17,18,18
32-P,2,9,11,16,19,20,21,25,26
32-Q,0,0,0,0,0,0,0,0,0
32-R,4,6,8,15,19,21,26,18,20
32-S,0,4,5,5,5,10,10,17,15
32-T,2,4,6,7,12,8,13,12,12
33-A,4,9,11,18,20,20,21,21,21
33-B,3,4,5,6,5,9,8,10,11
33-C,2,4,6,12,12,13,15,20,17
33-D,3,4,5,7,6,12,11,12,12
33-E,4,6,7,13,17,16,15,18,17
33-F,2,10,11,18,24,24,24,24,28
33-G,3,6,7,13,17,18,16,16,18
33-H,3,6,7,17,20,20,21,19,21
33-I,2,4,5,6,6,12,13,18,18
33-J,2,3,4,5,15,19,19,17,19
33-K,3,6,8,13,15,18,16,17,15
33-L,2,4,5,14,19,17,11,12,11
33-M,4,3,4,5,5,5,6,8,9
33-N,3,7,8,13,17,17,15,16,17
33-O,2,4,6,6,8,9,7,9,8
33-P,3,11,12,17,20,19,22,20,21
33-Q,2,6,7,8,8,16,19,12,12
33-R,2,2,3,4,5,8,12,8,8
33-S,2,6,8,9,8,17,17,15,15
33-T,3,7,8,10,16,13,16,11,11
34-A,2,6,7,15,16,19,16,17,18
34-B,2,4,5,6,13,14,12,9,9
34-C,4,8,10,17,22,23,22,21,22
34-D,2,4,5,22,15,11,12,12,11
34-E,3,10,12,19,20,20,20,20,20
34-F,2,7,8,16,19,17,16,15,15
34-G,3,3,4,5,5,16,16,13,12
34-H,2,11,12,21,26,24,23,22,23
34-I,2,4,5,13,16,17,19,15,15
34-J,2,2,4,8,11,10,10,8,9
34-K,4,4,6,7,17,25,14,14,12
34-L,5,11,12,21,24,25,24,23,25
34-M,3,11,12,18,22,24,24,22,23
34-N,3,8,9,18,23,24,21,21,20
34-O,3,2,3,4,4,5,8,11,10
34-P,2,6,8,11,22,20,15,15,16
34-Q,1,1,3,4,8,7,6,6,6
34-R,3,5,6,7,7,8,15,13,14
34-S,5,9,10,20,19,24,22,21,20
34-T,1,3,4,5,5,5,6,8,8
35-A,2,4,5,16,23,16,8,10,10
35-B,0,0,0,0,0,0,0,0,0
35-C,2,7,8,13,17,17,17,17,17
35-D,2,6,7,9,19,16,14,14,13
35-E,3,5,6,15,19,18,16,16,16
35-F,2,2,3,7,12,10,11,9,8
35-G,2,6,7,8,14,16,13,13,13
35-H,3,3,4,9,9,10,12,4,4
35-I,4,6,8,9,8,9,16,14,14
35-J,4,6,8,14,18,16,17,15,17
35-K,2,2,4,4,4,5,6,4,4
35-L,2,5,6,12,16,14,15,15,13
35-M,2,8,9,16,22,20,20,21,26
35-N,3,3,4,7,17,7,9,9,10
35-O,4,7,8,15,20,20,21,20,24
35-P,2,2,4,4,4,4,6,4,4
35-Q,3,4,6,9,12,12,12,11,12
35-R,3,6,7,16,18,20,18,19,18
35-S,2,5,6,11,15,14,12,11,12
35-T,4,12,14,23,26,28,29,27,29
36-A,3,8,9,16,19,20,20,23,22
36-B,4,8,10,19,20,20,19,18,18
36-C,3,5,6,8,6,9,12,14,15
36-D,3,13,14,20,24,27,26,23,22
36-E,4,12,13,20,23,24,24,21,23
36-F,0,0,0,0,0,0,0,0,0
36-G,4,8,10,18,26,24,23,20,22
36-H,3,3,4,4,5,5,5,4,4
36-I,3,12,14,22,25,22,25,22,23
36-J,2,10,11,22,28,24,26,22,24
36-K,5,4,5,5,5,6,7,13,12
36-L,4,7,8,17,21,20,18,17,18
36-M,4,3,4,11,8,10,12,12,12
36-N,2,5,6,8,9,11,14,13,12
36-O,2,5,6,7,7,8,7,9,9
36-P,3,8,10,13,16,15,14,14,14
36-Q,3,11,12,22,24,24,24,24,20
36-R,1,3,4,7,14,13,12,8,8
36-S,3,9,11,17,24,20,20,21,18
36-T,3,6,8,14,17,16,18,17,17
37-A,5,1,3,3,3,3,4,8,8
37-B,2,8,10,15,20,17,19,16,16
37-C,2,8,10,17,20,23,21,17,19
37-D,3,8,10,11,10,11,20,15,16
37-E,2,4,5,5,5,7,8,12,11
37-F,4,7,8,15,21,19,22,20,19
37-G,3,2,4,4,7,10,11,11,11
37-H,2,7,8,9,13,19,14,16,15
37-I,5,8,10,15,17,18,19,18,19
37-J,3,6,8,13,14,15,14,13,15
37-K,3,3,4,6,5,7,11,12,12
37-L,3,6,7,23,24,24,16,15,16
37-M,3,11,12,19,24,25,23,23,22
37-N,2,8,9,19,24,22,18,18,18
37-O,3,3,4,4,15,16,15,12,13
37-P,4,8,9,18,20,20,24,18,17
37-Q,3,6,7,9,8,11,12,14,14
37-R,3,10,12,18,24,22,23,20,23
37-S,3,8,9,16,19,20,18,19,16
37-T,3,4,5,6,6,9,13,13,15
38-A,4,3,4,9,10,10,10,11,10
38-B,2,12,13,23,24,24,23,26,26
38-C,3,4,5,9,10,10,11,10,9
38-D,2,8,10,13,15,16,16,15,16
38-E,2,10,11,18,19,21,19,19,20
38-F,2,14,16,23,23,22,21,20,22
38-G,2,7,8,13,19,18,19,19,19
38-H,3,11,12,20,27,24,25,26,27
38-I,1,2,3,4,4,4,4,13,13
38-J,2,4,6,8,6,8,8,12,12
38-K,3,4,6,7,10,16,14,15,14
38-L,3,4,5,7,6,15,12,12,12
38-M,3,3,4,6,4,5,6,6,7
38-N,2,0,2,8,13,11,10,8,8
38-O,2,3,4,5,6,8,8,20,18
38-P,3,4,6,7,7,14,12,13,13
38-Q,1,9,11,23,23,23,22,24,25
38-R,3,6,7,11,15,14,14,12,12
38-S,4,5,6,11,14,14,14,14,14
38-T,2,4,5,9,12,12,12,10,10
39-A,2,5,6,7,8,18,14,13,12
39-B,3,3,4,10,12,13,12,10,11
39-C,4,11,12,18,24,23,24,22,22
39-D,3,2,4,4,13,15,12,11,10
39-E,3,4,6,11,17,9,12,13,15
39-F,4,3,4,5,5,5,6,6,6
39-G,1,5,6,7,9,21,13,16,15
39-H,3,7,8,15,19,16,18,17,16
39-I,2,10,11,18,20,20,22,21,20
39-J,2,6,7,8,8,13,15,13,15
39-K,3,4,5,13,13,17,17,15,13
39-L,0,2,3,4,4,4,4,10,12
39-M,2,3,4,11,9,5,9,10,12
39-N,2,9,11,22,20,21,22,22,21
39-O,3,8,9,10,14,17,19,17,18
39-P,3,3,4,5,5,5,6,4,4
39-Q,3,7,8,13,19,20,16,18,18
39-R,4,8,9,11,20,25,18,17,16
39-S,2,7,8,17,19,20,20,22,21
39-T,4,7,8,15,19,20,19,18,20
40-A,4,7,8,15,18,19,18,19,20
40-B,3,4,6,7,10,19,13,11,11
40-C,5,10,11,20,26,25,24,23,26
40-D,2,2,4,4,4,9,6,7,7
40-E,2,4,6,8,6,7,17,12,12
40-F,2,3,4,5,11,18,17,17,17
40-G,3,4,6,15,19,10,12,12,11
40-H,2,7,8,14,21,19,20,17,18
40-I,3,2,3,12,19,17,19,12,13
40-J,3,6,7,8,10,19,14,15,15
40-K,2,8,9,21,23,24,25,21,20
40-L,3,9,11,16,20,20,20,19,20
40-M,1,6,8,8,10,13,12,15,17
40-N,3,4,5,9,22,15,12,14,12
40-O,3,7,8,18,18,19,21,18,19
40-P,3,8,10,19,24,24,23,21,20
40-Q,2,6,7,8,12,13,15,13,15
40-R,3,6,7,14,15,14,16,14,14
40-S,2,7,8,16,21,20,21,18,20
40-T,2,9,10,16,24,22,22,20,22
41-A,3,12,13,20,21,21,20,21,20
41-B,4,8,9,16,23,23,22,19,20
41-C,3,1,2,3,3,8,7,8,8
41-D,2,4,5,13,18,13,12,14,14
41-E,3,6,7,16,18,19,16,17,18
41-F,2,9,10,17,23,24,21,20,22
41-G,2,3,4,6,15,13,12,12,12
41-H,4,13,14,23,24,24,24,25,26
41-I,3,11,12,24,25,25,24,22,22
41-J,5,4,6,10,12,14,16,18,18
41-K,3,8,10,17,23,24,23,24,21
41-L,2,12,13,19,23,23,26,21,22
41-M,2,4,5,12,18,15,20,17,15
41-N,2,3,4,6,14,20,19,17,16
41-O,2,6,7,9,12,11,15,14,14
41-P,4,3,4,4,4,5,5,7,8
41-Q,3,8,9,15,17,16,16,15,14
41-R,2,5,6,11,16,18,17,16,14
41-S,2,4,5,8,11,11,13,11,10
41-T,3,3,4,8,10,6,7,8,8
42-A,3,8,9,16,20,20,19,18,20
42-B,2,6,7,9,8,8,13,13,13
42-C,3,8,10,19,21,22,21,19,20
42-D,3,5,6,10,14,14,11,13,15
42-E,1,5,6,15,20,19,17,16,16
42-F,3,13,14,21,24,27,26,26,26
42-G,4,9,11,20,23,22,23,22,20
42-H,4,12,13,21,24,28,28,25,24
42-I,2,7,8,13,15,14,16,14,15
42-J,4,5,6,9,12,13,12,12,11
42-K,3,11,12,19,27,23,24,21,22
42-L,2,4,5,6,6,6,8,8,8
42-M,2,6,7,12,18,19,19,19,17
42-N,1,4,6,7,21,23,13,13,13
42-O,3,10,11,18,23,21,21,20,21
42-P,3,11,12,22,23,28,23,25,24
42-Q,5,3,4,5,4,15,14,15,14
42-R,0,0,0,0,0,0,0,0,0
42-S,2,8,10,15,20,17,17,16,16
42-T,3,4,5,9,12,12,12,11,10
43-A,2,4,5,6,7,6,7,8,8
43-B,3,2,4,4,4,5,6,17,18
43-C,2,2,3,4,9,12,12,15,14
43-D,3,3,4,7,18,17,19,15,15
43-E,3,7,8,9,15,12,18,11,11
43-F,3,8,9,16,22,19,20,23,26
43-G,3,2,3,8,12,9,9,11,9
43-H,5,8,9,16,20,20,20,21,21
43-I,2,7,8,13,21,18,18,24,20
43-J,3,4,6,11,13,12,13,12,13
43-K,3,6,8,14,17,17,19,18,20
43-L,3,4,6,11,14,15,16,15,13
43-M,2,6,7,13,18,16,17,14,13
43-N,5,8,10,17,16,20,19,20,19
43-O,3,7,8,12,15,12,17,16,15
43-P,3,3,4,5,5,5,5,7,8
43-Q,4,1,3,4,6,4,4,5,6
43-R,3,2,4,4,9,13,15,13,14
43-S,2,10,11,19,21,20,21,24,25
43-T,1,4,5,7,20,19,23,16,16
44-A,2,3,4,5,5,5,5,11,10
44-B,3,4,5,6,12,15,14,12,12
44-C,2,9,11,17,21,22,20,19,20
44-D,2,5,6,12,14,12,13,12,12
44-E,3,9,11,18,23,23,24,22,20
44-F,4,3,4,5,5,6,7,4,4
44-G,5,4,5,12,18,16,16,17,16
44-H,2,3,4,6,5,6,11,12,11
44-I,0,0,0,0,0,0,0,0,0
44-J,2,8,9,16,21,18,20,16,17
44-K,3,6,7,8,9,15,9,13,13
44-L,4,4,5,6,9,12,13,16,16
44-M,2,2,4,4,4,5,6,6,7
44-N,2,10,12,20,23,21,23,24,26
44-O,3,9,10,16,19,22,20,19,18
44-P,2,4,5,8,9,11,11,10,11
44-Q,2,8,9,10,9,16,14,15,16
44-R,1,2,4,4,4,10,9,12,11
44-S,5,8,10,17,20,20,20,20,21
44-T,3,10,11,20,24,23,23,21,22
45-A,3,8,9,17,19,19,18,18,18
45-B,2,3,4,4,5,5,5,9,9
45-C,2,4,5,5,5,10,10,17,19
45-D,1,2,4,4,4,4,6,4,4
45-E,2,6,7,12,15,14,16,14,15
45-F,2,6,7,8,8,11,8,10,11
45-G,3,8,9,20,21,22,21,22,23
45-H,3,8,9,17,17,17,23,19,18
45-I,2,3,4,10,18,13,15,10,10
45-J,3,9,11,19,24,24,24,20,20
45-K,4,5,6,8,7,8,8,11,11
45-L,2,6,8,15,19,19,17,21,23
45-M,5,9,10,19,23,21,21,23,22
45-N,4,8,9,18,22,21,20,18,20
45-O,2,10,12,20,27,28,22,23,24
45-P,3,12,13,18,25,26,24,21,22
45-Q,3,8,10,20,22,24,24,20,23
45-R,3,8,10,17,20,22,21,20,18
45-S,4,5,6,11,15,14,12,13,13
45-T,2,8,9,14,16,16,16,14,14
46-A,2,2,3,4,6,10,10,11,10
46-B,2,10,11,22,23,21,24,21,22
46-C,3,3,4,5,6,14,13,18,17
46-D,2,7,8,14,16,17,18,19,18
46-E,4,6,8,11,12,12,13,13,13
46-F,2,4,5,13,19,18,17,16,16
46-G,4,6,8,12,15,14,14,13,12
46-H,5,10,11,18,22,24,23,21,20
46-I,2,7,8,14,18,15,22,16,16
46-J,3,4,6,8,8,8,14,13,12
46-K,2,9,10,11,11,12,15,16,17
46-L,2,2,4,5,4,5,5,10,9
46-M,2,4,5,7,9,14,9,9,8
46-N,3,9,10,20,26,26,21,23,23
46-O,1,3,4,7,16,14,15,12,12
46-P,4,9,11,16,17,21,20,18,18
46-Q,3,7,8,15,16,19,23,17,18
46-R,2,6,7,8,11,17,17,17,16
46-S,3,8,9,16,21,20,18,18,18
46-T,4,9,10,17,21,23,24,21,22
47-A,2,7,8,15,17,15,16,19,18
47-B,2,6,7,12,15,15,15,14,13
47-C,2,9,10,21,24,22,22,21,22
47-D,3,6,7,8,8,8,15,14,13
47-E,5,12,14,20,23,26,26,25,25
47-F,3,6,8,14,18,18,18,17,18
47-G,3,7,8,14,19,20,17,20,17
47-H,4,9,11,18,24,23,22,23,24
47-I,1,8,9,18,26,24,21,19,20
47-J,4,6,7,8,8,7,9,12,11
47-K,2,8,10,18,22,19,20,18,19
47-L,2,3,4,5,4,8,12,12,11
47-M,3,6,7,8,8,8,8,18,17
47-N,3,9,11,18,20,21,22,20,20
47-O,3,14,15,26,30,26,26,24,24
47-P,3,7,8,11,8,9,12,15,15
47-Q,2,6,8,12,15,14,14,14,13
47-R,2,8,9,14,18,20,19,18,16
47-S,3,4,5,11,18,18,16,17,16
47-T,1,3,4,4,6,11,11,14,14
48-A,3,6,8,13,18,19,18,16,17
48-B,2,4,5,6,6,6,6,6,6
48-C,3,7,8,16,20,19,18,16,18
48-D,3,6,7,12,15,12,14,13,12
48-E,3,3,4,5,5,5,7,5,5
48-F,2,11,12,20,25,26,27,23,20
48-G,3,2,4,5,4,9,5,6,6
48-H,1,2,3,4,4,4,4,10,10
48-I,3,8,9,20,24,23,24,20,21
48-J,2,1,2,3,7,8,8,8,11
48-K,3,8,9,14,16,16,15,16,17
48-L,3,4,5,6,6,6,6,5,5
48-M,2,3,4,5,11,13,13,13,15
48-N,5,13,15,25,28,27,28,24,24
48-O,2,4,5,11,15,16,17,16,16
48-P,2,5,6,8,7,11,13,13,13
48-Q,2,6,8,15,20,19,19,20,17
48-R,4,4,5,5,5,5,7,5,5
48-S,3,8,9,13,16,14,14,14,13
48-T,5,5,6,12,12,13,14,13,13
49-A,3,6,7,12,12,13,12,12,13
49-B,2,8,9,12,16,17,16,16,15
49-C,3,8,9,10,10,11,12,14,14
49-D,2,11,12,19,21,24,24,24,23
49-E,3,5,6,8,7,8,16,13,15
49-F,3,3,4,5,5,5,6,4,4
49-G,2,2,4,5,16,18,16,16,16
49-H,3,12,13,22,27,24,24,22,24
49-I,3,5,6,7,8,13,12,12,12
49-J,3,4,6,12,17,13,20,18,17
49-K,0,1,2,3,4,10,11,9,10
49-L,2,3,4,4,4,4,6,5,5
49-M,2,2,4,4,4,5,5,15,14
49-N,4,13,14,23,29,28,29,25,27
49-O,2,7,8,14,20,20,19,19,16
49-P,3,3,4,5,12,6,11,12,12
49-Q,2,7,8,16,21,22,20,19,20
49-R,2,6,7,15,19,19,21,20,18
49-S,1,8,9,13,15,15,15,14,14
49-T,3,6,7,16,19,18,19,16,17
50-A,2,4,5,8,9,15,16,5,5
50-B,4,6,7,14,17,17,20,19,20
50-C,3,2,4,5,7,6,9,9,10
50-D,2,2,4,5,8,9,13,12,12
50-E,2,4,5,14,23,19,18,17,15
50-F,1,11,12,22,28,23,23,24,23
50-G,3,11,12,21,28,25,24,24,21
50-H,2,8,9,15,22,20,20,23,22
50-I,1,2,4,4,4,4,4,6,7
50-J,2,9,10,17,24,21,20,20,20
50-K,3,11,12,20,24,24,24,24,24
50-L,2,8,9,17,25,24,23,20,23
50-M,2,2,3,6,8,7,8,6,7
50-N,3,3,4,12,6,7,6,8,8
50-O,2,8,10,17,21,20,23,24,23
50-P,2,4,5,5,8,8,11,13,15
50-Q,2,7,8,17,20,22,22,19,18
50-R,1,4,5,5,5,5,7,5,5
50-S,2,8,9,16,23,20,21,22,21
50-T,3,3,4,6,18,21,17,17,18
51-A,3,2,3,4,11,10,12,12,14
51-B,3,7,8,16,21,19,19,18,17
51-C,3,4,5,7,6,12,14,13,12
51-D,2,4,5,14,19,18,18,16,16
51-E,3,9,11,17,21,20,20,21,21
51-F,3,8,9,18,12,12,16,19,18
51-G,3,5,6,12,15,15,16,16,15
51-H,2,6,8,14,17,16,17,16,16
51-I,2,2,4,16,21,20,16,4,4
51-J,4,7,8,13,17,17,16,16,16
51-K,3,8,9,12,14,14,14,15,14
51-L,2,6,8,9,16,17,17,16,18
51-M,2,3,4,5,7,7,8,6,6
51-N,3,7,8,15,19,21,18,22,20
51-O,3,2,3,6,11,12,11,10,10
51-P,5,2,4,4,7,8,9,9,9
51-Q,4,7,8,14,18,20,16,14,15
51-R,3,6,8,12,16,16,17,16,16
51-S,2,7,8,9,15,17,16,15,16
51-T,2,6,8,13,20,18,16,14,15
52-A,4,11,12,22,25,23,23,23,21
52-B,5,6,8,13,18,19,20,16,18
52-C,2,4,5,13,17,15,19,18,16
52-D,3,3,4,4,5,5,6,4,4
52-E,5,4,5,6,12,20,18,18,16
52-F,3,3,4,6,4,7,15,13,12
52-G,4,12,13,21,26,22,24,22,23
52-H,2,3,4,11,19,14,16,17,19
52-I,3,2,4,4,4,6,6,7,7
52-J,2,5,6,8,24,13,13,12,12
52-K,3,4,5,7,15,15,10,15,16
52-L,2,6,8,15,19,20,18,17,17
52-M,3,13,14,24,26,24,24,25,27
52-N,3,8,9,18,23,24,24,21,23
52-O,3,4,5,11,17,14,16,12,11
52-P,4,3,4,5,5,5,14,11,11
52-Q,2,10,11,19,24,20,21,21,20
52-R,2,4,6,12,17,16,17,14,14
52-S,3,8,9,17,18,17,18,25,25
52-T,3,7,8,17,20,19,18,19,18
53-A,5,6,7,18,17,20,17,17,19
53-B,2,7,8,9,9,8,18,14,14
53-C,3,8,9,13,13,14,13,13,13
53-D,3,10,12,18,23,24,21,21,19
53-E,3,7,8,14,17,16,16,14,15
53-F,2,7,8,16,22,18,18,19,19
53-G,3,9,11,19,22,23,24,22,24
53-H,4,8,9,19,20,18,19,13,13
53-I,4,4,6,14,16,15,19,17,16
53-J,2,2,3,4,4,5,5,8,8
53-K,2,7,8,18,17,21,22,20,21
53-L,2,10,11,16,21,21,20,19,18
53-M,2,4,5,12,18,15,15,13,15
53-N,2,9,10,22,26,26,27,22,20
53-O,4,2,3,12,10,9,7,5,5
53-P,2,7,8,14,16,15,16,15,14
53-Q,2,12,13,20,25,22,22,24,22
53-R,3,4,6,13,20,18,17,17,15
53-S,0,2,3,9,12,12,12,10,11
53-T,2,4,5,15,17,17,18,14,15
54-A,4,3,4,12,17,16,9,11,11
54-B,3,2,4,10,18,5,10,11,10
54-C,3,4,5,6,13,18,16,13,15
54-D,3,4,5,6,8,11,11,8,9
54-E,4,4,6,10,19,16,16,20,20
54-F,3,8,9,14,17,19,20,21,21
54-G,3,4,5,11,15,13,13,20,18
54-H,2,8,10,16,20,24,22,21,20
54-I,2,8,10,19,23,23,24,22,20
54-J,2,4,5,7,6,6,12,13,14
54-K,0,0,0,0,0,0,0,0,0
54-L,3,6,8,8,8,9,9,13,13
54-M,2,2,4,4,4,4,5,8,9
54-N,3,3,4,6,4,5,11,12,11
54-O,0,0,0,0,0,0,0,0,0
54-P,2,6,7,16,17,18,16,19,19
54-Q,3,8,9,15,16,16,16,16,16
54-R,4,7,8,14,15,16,20,19,17
54-S,4,8,9,15,17,17,16,16,17
54-T,2,12,13,22,24,24,22,21,20
55-A,3,6,7,8,8,12,15,15,14
55-B,2,3,4,4,4,5,6,4,4
55-C,2,9,10,16,17,20,21,18,17
55-D,4,2,4,5,13,11,12,8,8
55-E,4,11,12,17,20,19,19,18,18
55-F,2,5,6,13,16,14,16,18,18
55-G,2,4,5,7,11,16,14,13,14
55-H,4,9,11,19,22,24,22,21,24
55-I,4,6,7,8,13,12,15,13,14
55-J,2,8,10,17,21,19,19,19,18
55-K,2,6,8,9,17,18,17,16,14
55-L,2,7,8,17,19,20,18,20,19
55-M,4,4,5,10,16,12,12,13,12
55-N,2,6,8,15,20,20,19,17,19
55-O,1,4,6,11,10,8,10,9,8
55-P,2,4,6,14,18,17,16,16,19
55-Q,2,8,10,12,13,18,16,20,17
55-R,2,8,9,10,11,12,16,19,18
55-S,3,8,10,18,19,20,21,19,19
55-T,4,4,5,12,14,17,16,18,16
56-A,3,10,12,20,24,23,23,20,20
56-B,4,6,7,12,16,15,14,12,13
56-C,2,7,8,16,20,22,20,17,19
56-D,4,5,6,12,13,12,14,14,13
56-E,4,13,14,24,25,27,26,24,24
56-F,5,8,9,18,20,20,20,18,20
56-G,3,4,6,10,14,12,13,12,11
56-H,2,8,9,17,20,22,23,18,18
56-I,4,4,5,5,5,6,6,7,6
56-J,2,6,7,14,20,19,20,18,18
56-K,2,2,3,4,4,4,4,9,9
56-L,3,9,11,19,25,23,24,25,25
56-M,3,8,10,16,21,20,19,18,18
56-N,4,12,14,24,30,28,28,27,27
56-O,2,4,5,8,11,15,12,12,11
56-P,4,10,12,20,23,24,20,21,23
56-Q,4,7,8,15,20,17,20,16,17
56-R,2,5,6,7,7,7,13,12,12
56-S,1,2,4,18,16,13,13,12,12
56-T,2,4,5,15,24,14,13,11,11
57-A,3,3,4,12,17,20,17,16,17
57-B,4,7,8,15,16,19,18,16,17
57-C,2,4,5,15,18,18,16,17,19
57-D,3,3,4,4,5,8,8,8,8
57-E,3,8,10,19,22,22,25,19,19
57-F,3,7,8,16,22,21,20,22,22
57-G,0,2,4,4,4,4,4,8,8
57-H,4,3,4,8,9,9,11,10,9
57-I,3,8,9,17,21,20,18,18,18
57-J,3,3,4,5,5,6,6,7,7
57-K,2,1,3,5,8,7,8,6,6
57-L,3,3,4,4,4,5,7,8,8
57-M,4,10,12,18,25,23,22,20,23
57-N,2,2,3,4,4,8,7,10,12
57-O,4,10,11,18,18,20,20,18,16
57-P,5,4,5,7,18,19,20,18,20
57-Q,3,7,8,16,17,18,18,17,17
57-R,3,13,15,24,31,26,28,27,26
57-S,2,8,10,15,19,20,17,22,20
57-T,3,3,4,5,4,5,11,11,11
58-A,2,6,8,13,18,16,16,15,16
58-B,3,6,8,9,16,13,13,16,17
58-C,2,9,10,17,18,20,18,19,18
58-D,2,8,9,13,16,16,17,14,16
58-E,3,3,4,14,22,21,20,12,14
58-F,2,12,13,21,28,27,27,23,25
58-G,2,8,10,20,20,20,20,18,19
58-H,3,4,5,11,19,15,16,17,16
58-I,3,4,5,6,6,6,8,15,14
58-J,5,8,9,17,23,23,22,20,22
58-K,2,8,9,16,16,17,17,15,16
58-L,2,5,6,13,18,18,18,16,16
58-M,2,4,5,12,17,16,15,15,15
58-N,3,10,11,18,22,22,19,23,21
58-O,2,3,4,5,5,6,5,7,7
58-P,3,8,10,17,23,20,22,16,19
58-Q,2,3,4,5,5,5,6,17,17
58-R,3,7,8,16,21,20,21,22,22
58-S,3,2,3,4,4,4,5,12,10
58-T,2,8,9,16,18,16,17,16,16
59-A,2,8,9,16,19,18,17,17,17
59-B,4,6,8,13,14,16,16,15,14
59-C,4,6,8,18,22,19,19,20,19
59-D,3,3,4,5,5,5,6,6,6
59-E,3,7,8,14,20,16,19,17,16
59-F,2,4,5,10,17,17,16,20,18
59-G,3,9,10,17,20,20,19,20,20
59-H,4,9,11,20,23,24,25,20,22
59-I,3,7,8,14,16,15,16,15,15
59-J,2,2,4,4,4,4,5,5,5
59-K,3,3,4,5,7,9,9,10,9
59-L,2,2,3,4,4,6,8,8,8
59-M,3,4,5,11,16,17,16,18,18
59-N,0,0,0,0,0,0,0,0,0
59-O,2,8,10,16,21,22,24,20,21
59-P,3,3,4,5,5,5,6,4,4
59-Q,2,8,9,18,22,21,21,22,21
59-R,2,9,10,19,21,21,22,19,20
59-S,2,2,4,14,16,14,15,11,12
59-T,3,11,12,20,23,23,24,24,21
60-A,3,5,6,7,8,10,13,14,13
60-B,2,11,12,19,20,20,19,20,21
60-C,3,5,6,13,15,16,16,20,23
60-D,2,10,11,20,24,22,22,20,24
60-E,3,10,11,18,23,23,24,24,24
60-F,2,6,7,12,14,12,12,12,12
60-G,3,9,11,18,22,24,24,20,22
60-H,1,4,6,7,7,7,11,12,12
60-I,3,9,10,15,16,16,16,16,16
60-J,2,2,3,4,8,11,12,10,11
60-K,3,7,8,14,18,19,20,19,17
60-L,3,6,7,13,20,18,16,14,13
60-M,1,6,8,13,15,16,15,13,14
60-N,3,8,10,16,23,20,21,19,20
60-O,2,3,4,16,17,17,21,18,18
60-P,2,2,3,4,8,13,12,10,12
60-Q,3,6,7,14,15,16,15,14,15
60-R,3,2,3,6,6,8,12,10,12
60-S,3,9,10,17,22,22,24,21,23
60-T,4,4,6,11,12,14,17,17,19
61-A,3,7,8,14,17,18,20,18,17
61-B,2,3,4,4,12,14,14,12,12
61-C,4,8,10,17,19,19,21,20,20
61-D,2,3,4,11,16,18,15,18,17
61-E,3,9,11,20,24,22,24,22,24
61-F,3,8,9,17,19,17,19,16,16
61-G,2,8,9,18,24,21,20,21,20
61-H,3,7,8,17,23,22,20,19,20
61-I,0,3,4,5,5,8,8,16,15
61-J,3,5,6,11,18,15,17,16,17
61-K,2,2,3,4,8,11,12,12,11
61-L,2,8,9,15,16,18,19,17,18
61-M,2,2,4,4,5,6,7,15,14
61-N,2,6,7,8,18,17,13,12,13
61-O,4,12,14,20,25,23,25,28,30
61-P,4,4,5,13,15,13,13,10,12
61-Q,4,12,13,23,27,26,26,25,24
61-R,2,7,8,14,15,14,14,14,16
61-S,3,7,8,15,20,22,19,20,19
61-T,2,3,4,11,15,16,13,11,12
62-A,4,8,9,13,19,20,19,19,17
62-B,2,6,8,14,17,19,18,18,16
62-C,4,7,8,16,21,20,19,19,20
62-D,2,3,4,4,5,5,6,8,8
62-E,2,3,4,4,8,13,13,11,10
62-F,3,4,5,13,21,14,22,16,18
62-G,3,12,13,22,24,26,24,29,28
62-H,2,2,4,4,4,4,5,4,4
62-I,2,2,3,4,4,4,5,13,12
62-J,2,11,12,22,29,22,23,25,27
62-K,3,4,5,5,6,10,10,15,17
62-L,4,3,4,4,7,12,11,14,13
62-M,4,8,10,20,24,20,22,19,21
62-N,2,5,6,8,7,8,14,13,13
62-O,2,8,9,13,16,15,15,14,14
62-P,5,8,9,19,23,20,19,19,17
62-Q,3,10,12,21,24,23,20,21,20
62-R,2,8,9,13,17,17,17,17,16
62-S,3,8,9,11,10,11,16,17,17
62-T,3,7,8,15,19,19,19,21,18
63-A,2,2,3,4,4,10,10,16,16
63-B,3,6,7,16,23,18,23,20,17
63-C,3,9,11,18,22,20,20,19,19
63-D,4,9,11,12,11,12,12,14,14
63-E,4,4,5,7,7,7,8,5,5
63-F,1,8,9,16,21,18,20,18,17
63-G,2,6,7,8,9,11,9,15,13
63-H,4,11,12,20,24,22,23,22,22
63-I,2,4,6,12,13,15,14,6,6
63-J,4,12,13,21,23,26,24,24,23
63-K,2,9,11,17,20,20,22,21,21
63-L,3,6,7,13,16,16,16,16,17
63-M,2,5,6,13,14,16,15,22,22
63-N,2,8,9,17,21,19,20,18,19
63-O,3,7,8,16,17,19,16,16,15
63-P,3,5,6,11,12,12,12,12,12
63-Q,2,7,8,12,14,15,14,13,14
63-R,2,4,5,16,18,20,16,17,16
63-S,2,8,9,16,18,16,16,16,16
63-T,3,9,10,18,21,20,20,20,18
64-A,2,8,9,16,22,24,24,20,23
64-B,5,8,9,18,20,19,19,19,19
64-C,4,6,8,13,15,15,15,13,12
64-D,2,7,8,18,25,17,24,18,19
64-E,2,6,8,13,18,18,20,20,20
64-F,2,8,9,21,20,23,22,22,23
64-G,3,0,2,3,4,4,4,6,5
64-H,2,9,11,19,21,21,19,20,19
64-I,3,6,8,12,15,14,16,13,13
64-J,4,5,6,10,13,12,12,12,11
64-K,0,0,0,0,0,0,0,0,0
64-L,2,8,9,11,14,18,13,18,19
64-M,2,2,4,4,4,4,4,8,8
64-N,3,4,6,7,8,14,12,14,15
64-O,4,3,4,7,16,18,19,16,17
64-P,4,8,9,16,17,20,24,20,20
64-Q,2,4,6,12,18,17,15,15,16
64-R,3,6,7,16,18,17,21,20,18
64-S,4,9,11,17,21,22,24,21,23
64-T,2,6,8,8,21,17,12,14,14
65-A,2,9,11,18,23,21,20,20,22
65-B,4,4,5,7,6,12,14,13,14
65-C,4,10,11,17,20,21,20,21,21
65-D,4,6,7,15,18,20,19,24,26
65-E,5,3,4,8,11,10,9,4,4
65-F,2,10,12,24,26,25,28,23,24
65-G,2,4,5,5,10,13,12,11,11
65-H,2,8,10,16,20,16,20,22,21
65-I,0,0,0,0,0,0,0,0,0
65-J,3,3,4,8,11,10,11,9,10
65-K,2,5,6,8,11,12,16,12,11
65-L,1,1,3,3,3,4,4,8,8
65-M,2,3,4,5,6,8,11,10,10
65-N,3,7,8,9,10,13,17,15,14
65-O,2,6,8,13,15,17,15,17,16
65-P,2,4,5,7,6,13,12,14,14
65-Q,1,6,7,14,19,17,20,20,19
65-R,3,12,13,23,24,25,23,24,21
65-S,3,3,4,5,12,18,15,15,16
65-T,1,1,3,3,3,4,5,3,3
66-A,2,8,9,19,20,20,23,20,21
66-B,3,2,4,5,4,5,11,12,10
66-C,3,10,12,20,27,25,22,22,25
66-D,2,4,6,15,19,18,17,16,16
66-E,4,8,9,20,24,24,21,20,22
66-F,2,7,8,12,19,19,20,19,18
66-G,2,8,10,16,21,20,18,17,16
66-H,4,10,11,17,24,24,21,20,21
66-I,4,12,14,22,26,25,27,24,23
66-J,2,7,8,14,19,20,16,17,16
66-K,3,10,11,20,26,22,21,21,20
66-L,2,9,11,17,21,22,20,21,21
66-M,2,4,6,7,6,9,14,14,15
66-N,3,4,6,15,16,16,18,16,15
66-O,2,4,5,7,13,15,15,12,12
66-P,2,7,8,16,17,18,20,23,20
66-Q,3,8,9,19,24,22,19,20,20
66-R,3,12,14,20,24,27,26,24,22
66-S,2,8,9,17,20,20,19,17,18
66-T,2,6,8,13,15,15,17,23,20
67-A,4,10,11,18,20,21,21,20,22
67-B,4,6,7,16,20,23,20,19,18
67-C,4,8,9,18,21,20,22,20,19
67-D,3,4,6,12,18,16,16,20,17
67-E,2,7,8,15,20,19,20,19,20
67-F,3,6,8,14,19,20,19,19,18
67-G,2,9,11,18,23,22,23,21,21
67-H,2,2,4,4,4,5,6,4,4
67-I,2,2,4,4,4,6,7,9,10
67-J,3,2,4,5,16,18,18,15,12
67-K,4,5,6,14,20,19,20,17,17
67-L,2,8,9,16,21,20,18,18,19
67-M,2,6,7,14,15,16,14,14,15
67-N,2,7,8,9,11,16,16,16,15
67-O,2,8,9,15,18,16,16,16,17
67-P,2,7,8,11,13,11,20,16,17
67-Q,4,10,12,19,23,23,22,21,23
67-R,2,4,5,7,7,11,12,10,9
67-S,3,7,8,9,8,10,15,16,15
67-T,5,7,8,16,20,19,20,20,19
68-A,4,14,15,24,26,27,28,27,28
68-B,4,10,11,18,26,23,24,23,23
68-C,3,12,14,26,29,23,25,24,24
68-D,3,6,8,14,16,19,19,17,18
68-E,3,10,12,19,22,21,21,21,20
68-F,2,4,5,7,6,7,11,14,12
68-G,4,10,11,17,21,21,22,21,20
68-H,2,7,8,16,20,20,18,18,16
68-I,0,0,0,0,0,0,0,0,0
68-J,2,2,3,4,4,6,7,8,7
68-K,2,10,11,19,24,24,21,21,22
68-L,4,2,4,10,13,12,12,9,10
68-M,2,8,10,14,23,20,22,19,20
68-N,4,14,16,24,27,28,28,29,30
68-O,2,9,10,18,21,20,19,17,18
68-P,2,3,4,7,8,7,9,9,10
68-Q,3,7,8,16,21,20,19,18,16
68-R,3,2,4,4,13,16,17,14,16
68-S,3,3,4,6,8,8,9,8,9
68-T,0,0,0,0,0,0,0,0,0
69-A,4,3,4,4,4,4,5,6,7
69-B,3,8,9,20,22,24,19,24,24
69-C,2,10,12,17,21,21,22,20,20
69-D,3,3,4,11,15,9,10,9,9
69-E,3,7,8,19,20,18,19,19,20
69-F,2,6,8,14,17,18,20,20,22
69-G,2,4,5,11,15,15,16,15,16
69-H,4,8,9,15,18,20,19,20,19
69-I,4,3,4,5,12,16,17,15,14
69-J,2,7,8,16,24,23,20,19,19
69-K,2,9,10,16,17,18,19,20,21
69-L,2,4,6,10,12,12,11,11,10
69-M,2,4,6,7,9,18,14,13,13
69-N,3,8,9,10,10,11,11,16,14
69-O,2,4,6,12,13,12,12,11,10
69-P,2,2,3,4,4,10,10,16,18
69-Q,2,7,8,13,20,20,18,20,18
69-R,3,7,8,17,19,23,16,17,18
69-S,2,7,8,14,21,19,21,16,16
69-T,3,8,9,18,24,23,21,22,21
70-A,2,1,3,3,8,13,14,14,14
70-B,4,6,8,12,22,19,13,14,15
70-C,3,2,4,5,4,8,10,11,11
70-D,4,4,6,9,15,12,12,12,12
70-E,2,11,12,19,20,24,20,21,22
70-F,1,2,3,4,4,4,5,3,3
70-G,2,4,6,15,17,16,20,19,20
70-H,3,9,10,20,23,24,20,20,21
70-I,3,8,9,14,19,18,19,23,21
70-J,0,0,0,0,0,0,0,0,0
70-K,2,3,4,10,11,15,12,15,15
70-L,3,3,4,6,12,8,8,8,8
70-M,3,8,9,10,10,16,15,16,16
70-N,4,7,8,15,19,16,16,17,16
70-O,1,4,5,5,11,16,15,14,13
70-P,4,8,10,16,23,21,21,20,20
70-Q,3,4,5,6,7,14,15,15,17
70-R,4,0,2,3,2,8,6,7,7
70-S,0,0,0,0,0,0,0,0,0
70-T,4,8,9,17,20,20,18,20,22
71-A,2,6,8,17,19,20,20,19,19
71-B,2,6,7,12,13,14,13,14,13
71-C,3,8,9,15,18,20,20,21,20
71-D,2,3,4,7,8,8,6,7,8
71-E,4,3,4,9,13,11,11,9,9
71-F,2,3,4,5,4,10,12,13,12
71-G,4,8,9,16,20,18,19,20,19
71-H,2,3,4,7,12,7,9,8,10
71-I,2,8,9,21,22,23,19,20,22
71-J,2,5,6,11,17,15,15,16,15
71-K,4,12,13,17,21,22,22,27,26
71-L,3,2,4,8,10,10,11,10,8
71-M,2,6,7,8,12,12,14,13,13
71-N,2,8,9,19,21,17,21,19,21
71-O,1,8,9,12,15,14,16,14,14
71-P,4,3,4,4,5,5,6,6,6
71-Q,3,4,6,11,13,12,11,11,11
71-R,2,12,13,20,21,25,22,22,23
71-S,3,2,4,4,6,12,11,9,11
71-T,3,5,6,13,17,14,15,15,16
72-A,2,8,10,18,21,22,22,23,22
72-B,3,9,11,17,20,23,24,21,22
72-C,2,6,7,11,13,12,14,14,14
72-D,2,6,8,9,8,9,16,15,14
72-E,4,10,12,19,23,24,22,22,19
72-F,2,6,8,8,12,13,16,15,15
72-G,2,3,4,4,5,5,6,6,6
72-H,2,6,8,8,9,10,16,14,13
72-I,2,9,10,17,24,22,22,16,17
72-J,2,8,9,14,16,16,17,16,16
72-K,2,10,12,22,24,25,24,23,22
72-L,3,4,6,7,15,13,16,11,11
72-M,5,9,10,15,18,17,16,16,16
72-N,5,9,10,17,21,23,22,20,22
72-O,4,4,6,13,18,14,13,12,13
72-P,3,6,7,15,19,21,18,17,17
72-Q,3,10,11,20,30,26,23,22,23
72-R,2,3,4,11,15,13,12,11,12
72-S,3,8,9,19,20,20,19,17,16
72-T,4,3,4,6,9,12,11,13,15
73-A,5,11,12,20,24,24,24,21,23
73-B,4,11,12,20,24,24,23,24,24
73-C,2,6,7,9,18,20,16,16,17
73-D,1,2,4,4,4,4,4,13,12
73-E,2,5,6,14,17,15,16,14,14
73-F,4,5,6,7,11,8,8,13,12
73-G,2,4,6,17,20,19,17,17,18
73-H,4,7,8,16,17,17,16,16,16
73-I,3,8,10,16,20,20,19,16,17
73-J,2,6,8,16,22,20,18,19,18
73-K,3,9,11,16,19,18,19,16,17
73-L,4,4,6,6,6,13,14,18,18
73-M,4,11,12,20,24,22,24,27,26
73-N,4,9,11,15,18,17,17,16,16
73-O,3,7,8,9,10,15,17,17,18
73-P,2,11,12,23,24,23,21,19,20
73-Q,2,4,5,5,5,5,6,14,14
73-R,2,7,8,10,20,20,16,16,16
73-S,3,5,6,7,7,8,12,12,12
73-T,2,9,11,17,20,25,25,22,24
74-A,3,4,5,6,9,15,13,14,14
74-B,2,9,10,20,14,22,17,17,16
74-C,3,2,4,4,4,12,10,11,12
74-D,2,8,9,16,20,20,20,21,19
74-E,3,6,8,9,8,15,16,16,15
74-F,4,6,8,15,20,18,18,19,19
74-G,2,7,8,15,18,16,20,22,22
74-H,3,3,4,6,7,6,9,11,11
74-I,2,6,8,8,12,20,19,16,18
74-J,2,7,8,12,24,16,16,15,15
74-K,5,11,12,18,22,22,24,28,25
74-L,4,3,4,5,8,15,16,14,16
74-M,3,3,4,5,12,19,17,13,14
74-N,3,8,9,17,21,22,20,18,20
74-O,2,4,6,7,10,15,12,13,14
74-P,3,4,5,14,16,14,15,13,13
74-Q,3,3,4,10,13,11,11,11,11
74-R,4,4,6,12,13,18,14,15,16
74-S,2,4,5,8,6,7,15,12,12
74-T,4,7,8,11,17,14,18,17,17
75-A,2,7,8,17,20,20,19,18,16
75-B,3,10,11,18,22,21,24,23,27
75-C,4,12,14,21,25,27,24,24,25
75-D,3,2,3,4,4,4,4,5,6
75-E,4,4,5,5,6,6,6,15,15
75-F,2,6,8,9,11,18,16,17,15
75-G,3,8,9,15,20,20,21,19,19
75-H,2,4,6,10,13,12,12,13,12
75-I,3,7,8,9,9,9,14,15,16
75-J,2,3,4,4,8,9,8,11,11
75-K,4,4,5,6,16,17,18,16,16
75-L,2,4,6,7,6,7,13,12,12
75-M,2,8,9,20,28,21,22,17,18
75-N,3,11,12,20,21,20,23,24,23
75-O,4,7,8,15,19,18,17,18,20
75-P,5,8,9,18,24,22,21,20,20
75-Q,2,8,9,19,23,24,22,21,21
75-R,0,0,0,0,0,0,0,0,0
75-S,3,1,3,4,9,9,8,7,7
75-T,4,8,9,18,22,23,20,19,19
76-A,2,2,4,4,4,5,6,14,13
76-B,1,7,8,12,13,14,14,12,12
76-C,3,4,5,6,12,12,14,12,12
76-D,3,10,11,18,23,22,21,21,22
76-E,4,8,10,17,21,21,18,19,20
76-F,2,4,5,6,8,7,11,13,12
76-G,2,7,8,13,15,16,16,16,16
76-H,3,4,5,6,6,8,8,12,13
76-I,4,6,7,12,22,20,17,15,17
76-J,2,5,6,11,13,12,12,12,12
76-K,2,8,9,19,26,20,23,23,24
76-L,3,6,7,8,8,10,14,14,15
76-M,1,5,6,8,7,12,18,17,16
76-N,2,6,7,8,15,23,12,16,15
76-O,5,10,11,18,21,24,28,28,28
76-P,3,6,8,15,20,18,19,18,17
76-Q,5,4,6,7,6,7,10,10,12
76-R,2,9,10,23,27,26,22,22,24
76-S,3,13,15,21,24,23,24,23,24
76-T,3,9,10,12,11,20,18,18,20
77-A,2,10,12,20,22,22,20,22,22
77-B,2,11,12,18,23,22,25,21,21
77-C,2,6,7,13,15,14,16,14,13
77-D,2,3,4,7,11,9,8,9,9
77-E,2,6,7,9,8,9,16,14,14
77-F,2,7,8,17,20,21,20,17,17
77-G,2,4,5,11,15,14,17,13,14
77-H,2,6,7,14,19,19,19,18,16
77-I,3,2,3,4,5,7,8,6,7
77-J,2,2,4,7,11,10,12,10,9
77-K,3,6,8,16,18,19,18,17,17
77-L,3,2,4,4,4,6,7,10,10
77-M,4,8,9,15,18,16,18,19,19
77-N,1,10,11,16,20,19,18,25,22
77-O,3,2,3,7,11,9,8,8,8
77-P,4,3,4,4,12,16,14,13,15
77-Q,4,11,12,19,27,22,26,24,27
77-R,2,6,8,13,14,16,16,16,15
77-S,2,7,8,8,8,9,11,12,12
77-T,3,3,4,5,5,5,5,17,15
78-A,1,2,4,17,23,14,14,12,11
78-B,2,7,8,18,22,22,20,20,20
78-C,3,8,10,18,22,22,25,23,22
78-D,2,2,4,9,18,11,9,9,9
78-E,2,6,8,12,13,14,13,14,14
78-F,3,7,8,18,18,21,16,15,16
78-G,2,8,9,18,22,24,20,19,20
78-H,4,4,6,11,13,13,12,12,11
78-I,4,2,4,4,4,4,5,14,13
78-J,2,7,8,13,16,18,19,24,25
78-K,3,3,4,5,11,9,11,15,14
78-L,3,8,10,15,21,23,17,20,19
78-M,3,11,12,22,24,24,25,24,24
78-N,1,7,8,17,19,17,16,16,15
78-O,4,4,5,6,15,20,20,16,17
78-P,2,7,8,16,21,19,19,19,17
78-Q,3,8,9,16,18,20,18,18,20
78-R,2,10,12,17,20,20,20,19,19
78-S,3,8,9,16,21,22,20,19,22
78-T,2,3,4,5,11,16,16,18,19
79-A,2,4,5,15,17,17,18,16,15
79-B,3,6,7,10,12,12,12,11,12
79-C,0,0,0,0,0,0,0,0,0
79-D,4,10,11,19,21,21,22,24,21
79-E,3,4,5,12,16,16,21,16,17
79-F,2,3,4,4,5,5,6,12,12
79-G,2,8,10,16,22,19,20,19,18
79-H,3,5,6,16,20,18,20,15,16
79-I,4,4,5,5,6,5,5,5,5
79-J,3,7,8,13,16,17,15,15,16
79-K,4,12,13,21,24,26,23,23,24
79-L,3,4,5,6,5,6,13,12,11
79-M,2,4,5,12,16,16,19,17,16
79-N,4,7,8,16,22,21,21,19,21
79-O,4,4,5,6,6,6,7,7,7
79-P,3,7,8,9,8,10,15,15,14
79-Q,2,2,3,4,10,6,6,9,10
79-R,3,3,4,8,14,15,14,12,12
79-S,4,4,5,7,6,12,16,16,17
79-T,2,2,4,8,15,15,12,14,12
80-A,2,2,4,5,10,17,17,14,15
80-B,3,7,8,16,20,19,16,15,15
80-C,2,4,6,10,12,10,12,11,10
80-D,2,4,6,7,7,8,16,15,14
80-E,2,8,9,19,19,23,23,18,17
80-F,2,4,6,13,18,19,18,15,15
80-G,2,6,7,14,16,16,15,16,16
80-H,3,2,3,4,4,5,5,7,8
80-I,2,2,3,4,4,4,4,6,5
80-J,2,13,15,24,32,25,32,28,29
80-K,4,10,11,16,23,20,22,24,24
80-L,3,3,4,5,5,5,5,12,11
80-M,3,5,6,12,15,14,14,15,16
80-N,2,3,4,15,6,6,6,7,7
80-O,0,0,0,0,0,0,0,0,0
80-P,3,7,8,11,12,17,19,14,14
80-Q,3,9,11,20,24,20,20,20,19
80-R,3,7,8,16,19,19,24,16,16
80-S,4,9,10,19,22,21,21,20,20
80-T,3,6,8,13,14,13,14,13,14
81-A,3,5,6,7,8,9,13,13,13
81-B,3,7,8,9,9,14,20,17,17
81-C,3,3,4,5,8,11,12,11,12
81-D,2,4,6,7,10,12,10,8,8
81-E,2,2,4,5,7,8,8,7,7
81-F,3,7,8,17,19,20,19,19,19
81-G,2,7,8,16,20,20,19,17,16
81-H,3,4,5,6,8,15,14,15,16
81-I,3,11,12,20,22,24,22,20,23
81-J,4,3,4,6,5,6,14,13,12
81-K,3,9,10,15,20,18,19,20,20
81-L,3,4,6,6,6,11,13,13,13
81-M,4,8,9,10,10,17,15,15,16
81-N,2,5,6,13,24,12,14,13,13
81-O,3,7,8,8,8,9,12,13,14
81-P,2,6,7,12,15,13,13,12,12
81-Q,3,3,4,7,10,10,9,8,9
81-R,2,7,8,12,15,14,15,13,12
81-S,4,5,6,8,7,13,13,12,14
81-T,2,6,8,12,15,14,14,12,12
82-A,0,0,0,0,0,0,0,0,0
82-B,2,3,4,12,12,11,12,9,10
82-C,2,9,11,16,20,18,18,25,25
82-D,3,4,5,6,14,14,15,12,13
82-E,1,2,3,4,4,4,6,15,16
82-F,4,3,4,4,5,5,5,10,12
82-G,3,4,5,12,16,15,14,15,16
82-H,2,2,4,5,11,13,12,11,12
82-I,2,6,8,11,14,15,14,14,13
82-J,2,12,14,24,29,29,27,25,24
82-K,1,3,4,5,17,18,18,16,17
82-L,1,7,8,20,18,22,20,17,18
82-M,5,9,10,19,25,19,20,21,21
82-N,2,5,6,13,15,16,21,20,19
82-O,2,8,9,16,17,17,16,17,16
82-P,2,8,9,16,22,21,20,16,16
82-Q,1,6,8,12,16,18,17,19,18
82-R,2,1,3,4,9,4,4,5,5
82-S,3,13,15,22,24,23,24,20,21
82-T,3,7,8,14,17,18,16,15,16
83-A,2,8,9,16,18,23,20,20,18
83-B,3,8,10,18,22,22,22,18,18
83-C,2,8,10,17,21,21,21,19,19
83-D,3,8,10,16,21,19,19,19,18
83-E,3,2,4,4,5,4,6,5,5
83-F,4,13,15,21,31,25,25,28,27
83-G,2,5,6,7,7,7,12,14,14
83-H,2,3,4,18,20,20,21,4,4
83-I,2,4,5,5,5,6,7,7,7
83-J,4,11,12,19,26,24,22,26,28
83-K,2,2,3,4,4,4,4,8,8
83-L,3,7,8,17,24,21,22,20,18
83-M,2,3,4,5,15,19,18,16,17
83-N,0,0,0,0,0,0,0,0,0
83-O,2,1,3,3,5,4,4,6,6
83-P,3,3,4,4,4,4,6,11,12
83-Q,2,4,6,7,10,8,12,14,13
83-R,2,4,6,7,7,10,12,11,11
83-S,2,3,4,11,16,16,20,16,13
83-T,3,2,4,4,4,5,9,9,9
84-A,3,8,9,14,20,20,20,17,17
84-B,3,10,12,19,23,24,24,25,24
84-C,3,4,5,6,6,6,7,10,10
84-D,2,3,4,5,5,6,6,12,12
84-E,2,4,5,6,12,6,11,12,12
84-F,3,4,5,11,17,12,13,11,10
84-G,2,10,11,19,21,19,22,20,21
84-H,2,4,6,7,6,8,12,12,11
84-I,2,8,9,17,19,19,20,19,20
84-J,4,9,11,19,24,21,20,20,20
84-K,0,4,5,7,7,6,8,9,8
84-L,3,3,4,9,14,12,13,8,8
84-M,2,10,12,18,21,22,21,23,21
84-N,3,5,6,11,16,18,16,15,14
84-O,2,4,5,12,16,15,17,16,17
84-P,2,4,5,9,11,9,9,9,8
84-Q,2,8,10,16,19,21,19,20,17
84-R,2,7,8,17,20,20,18,19,16
84-S,3,7,8,14,16,16,19,20,20
84-T,3,8,9,20,21,22,20,20,20
