±àºÅ,180901,180908,180915,180922,180929,181006,181013,181020
1-A,2,8,12,21,25,25,24,22
1-B,4,6,9,22,21,20,27,19
1-C,1,5,8,17,23,16,20,20
1-D,0,0,0,0,0,0,0,0
1-E,7,8,12,20,25,30,23,24
1-F,2,6,9,13,17,17,15,14
1-G,4,7,11,21,25,29,28,26
1-H,2,15,19,27,37,35,32,28
1-I,5,4,7,16,20,9,15,13
1-J,4,6,9,18,21,20,21,21
1-K,5,9,13,25,28,25,28,26
1-L,4,8,12,20,23,27,26,23
1-M,4,12,16,27,27,29,25,33
1-N,2,3,7,7,11,15,18,17
1-O,1,5,8,9,9,11,18,19
1-P,4,5,8,18,20,24,20,19
1-Q,1,7,10,11,15,20,19,18
1-R,5,3,7,7,7,9,12,15
1-S,7,4,7,10,17,20,18,15
1-T,2,5,8,15,25,27,17,20
2-A,6,7,11,19,18,20,21,18
2-B,2,9,13,18,23,23,21,20
2-C,2,5,8,17,22,22,23,19
2-D,4,3,7,7,12,20,20,17
2-E,5,6,9,15,20,22,21,20
2-F,5,8,12,19,20,22,25,20
2-G,1,6,9,19,25,27,27,26
2-H,4,4,7,12,15,15,14,13
2-I,4,9,13,18,21,29,21,22
2-J,2,2,6,7,7,7,7,7
2-K,5,6,9,15,18,18,20,21
2-L,2,4,7,8,12,10,9,11
2-M,5,6,9,10,14,16,20,20
2-N,2,12,16,28,29,35,25,25
2-O,4,6,9,10,10,11,19,18
2-P,2,10,14,27,24,34,24,29
2-Q,2,5,8,19,21,16,22,21
2-R,4,10,14,23,30,26,24,25
2-S,2,5,8,16,16,21,21,19
2-T,2,15,19,24,28,27,32,28
3-A,2,14,18,24,31,33,27,27
3-B,4,3,7,8,19,23,20,20
3-C,1,10,14,22,29,22,26,23
3-D,5,7,10,17,17,18,18,20
3-E,1,9,13,17,23,20,22,23
3-F,2,9,13,24,24,24,28,23
3-G,5,8,12,19,20,18,20,17
3-H,5,2,6,6,7,7,7,6
3-I,2,7,11,12,12,14,20,18
3-J,5,5,8,20,20,21,19,14
3-K,2,4,7,8,8,20,17,20
3-L,5,5,8,9,9,9,9,12
3-M,1,7,10,18,20,17,20,15
3-N,4,4,7,8,10,8,10,15
3-O,5,3,7,14,23,20,22,16
3-P,1,3,7,7,14,17,26,16
3-Q,6,16,20,29,33,41,35,36
3-R,5,5,8,16,17,16,15,22
3-S,2,5,8,9,8,10,16,14
3-T,2,3,7,7,7,11,11,15
4-A,2,8,12,18,20,20,19,21
4-B,4,7,11,12,12,14,13,15
4-C,5,6,9,20,25,28,25,19
4-D,5,9,13,19,20,27,25,25
4-E,5,9,13,25,26,24,34,27
4-F,2,10,14,27,29,22,22,21
4-G,1,9,13,24,28,24,23,21
4-H,1,5,8,9,13,20,20,20
4-I,4,13,17,30,34,30,34,26
4-J,2,5,8,10,8,10,15,17
4-K,1,2,6,7,7,7,7,6
4-L,4,5,8,16,17,22,19,17
4-M,4,14,18,26,32,32,32,32
4-N,4,21,25,32,37,39,38,36
4-O,2,13,17,24,29,29,32,24
4-P,2,3,7,7,7,7,8,7
4-Q,2,4,7,8,8,8,8,9
4-R,2,5,8,9,33,16,14,15
4-S,4,3,7,9,18,14,11,10
4-T,2,2,6,7,7,7,7,14
5-A,2,8,12,13,12,18,23,23
5-B,2,1,5,6,6,8,7,21
5-C,2,4,7,8,11,8,12,14
5-D,4,10,14,20,24,32,28,25
5-E,5,7,10,22,21,18,24,20
5-F,2,6,9,19,19,24,20,25
5-G,2,3,7,7,7,7,7,7
5-H,6,14,18,25,28,30,28,33
5-I,4,7,11,14,16,18,20,18
5-J,4,2,6,16,20,14,19,18
5-K,2,10,14,24,31,31,30,28
5-L,2,8,12,17,25,18,21,21
5-M,0,0,0,0,0,0,0,0
5-N,4,9,13,24,29,24,28,31
5-O,1,6,9,14,21,20,15,20
5-P,2,3,7,7,9,11,11,9
5-Q,5,4,7,7,7,7,9,8
5-R,6,7,10,14,19,18,21,16
5-S,7,9,13,20,25,22,20,23
5-T,4,4,7,14,17,20,21,26
6-A,1,5,8,10,9,15,15,20
6-B,2,4,7,15,19,15,20,13
6-C,7,3,7,19,15,25,25,7
6-D,4,10,14,20,25,20,20,20
6-E,4,7,10,15,20,20,20,26
6-F,4,3,7,7,8,12,15,8
6-G,1,3,7,7,7,8,7,7
6-H,5,5,8,12,14,15,17,13
6-I,1,6,9,19,17,28,19,20
6-J,4,6,9,11,11,15,16,16
6-K,4,9,13,20,23,26,21,31
6-L,4,9,13,23,23,21,27,22
6-M,5,6,9,10,16,24,16,18
6-N,2,2,6,12,23,22,19,19
6-O,6,12,16,22,32,34,32,24
6-P,5,4,7,9,8,10,14,14
6-Q,7,9,13,22,26,25,28,25
6-R,4,7,11,20,18,24,19,16
6-S,5,13,17,26,27,28,34,28
6-T,4,4,7,14,16,14,18,12
7-A,4,15,19,31,33,37,34,30
7-B,1,2,6,6,7,7,6,7
7-C,4,4,7,8,20,26,25,20
7-D,5,7,10,20,18,24,20,20
7-E,6,3,7,7,7,7,8,10
7-F,5,8,12,19,22,21,21,24
7-G,2,5,8,13,18,18,16,20
7-H,4,7,10,20,22,27,20,22
7-I,7,4,7,8,8,8,9,9
7-J,4,10,14,24,30,29,28,27
7-K,4,6,9,10,11,11,12,11
7-L,2,8,12,15,19,19,20,22
7-M,4,9,13,20,32,29,32,29
7-N,4,7,11,18,25,26,20,19
7-O,4,9,13,19,23,25,27,20
7-P,4,4,7,9,7,16,17,13
7-Q,4,6,9,17,19,21,33,29
7-R,4,6,9,9,11,18,15,24
7-S,6,7,10,18,26,25,21,20
7-T,4,5,8,8,9,9,9,8
8-A,4,7,11,14,28,20,17,20
8-B,2,2,6,7,7,7,7,6
8-C,2,5,8,19,18,23,20,20
8-D,2,6,9,11,11,11,10,12
8-E,4,6,9,17,22,16,23,18
8-F,6,1,5,6,6,7,10,13
8-G,5,3,7,7,8,10,20,18
8-H,2,4,7,8,10,9,11,13
8-I,6,4,7,8,12,18,20,22
8-J,2,7,10,12,15,18,16,16
8-K,2,8,12,20,26,31,25,27
8-L,2,7,10,11,13,14,16,17
8-M,2,2,6,7,8,8,10,15
8-N,2,7,11,25,30,20,26,27
8-O,2,4,7,9,8,18,13,17
8-P,4,9,13,22,34,25,23,28
8-Q,2,4,7,10,7,9,15,19
8-R,2,6,9,13,17,15,15,15
8-S,5,7,10,20,21,23,27,18
8-T,2,3,7,7,7,10,15,15
9-A,4,12,16,29,34,34,30,30
9-B,2,7,10,16,21,20,21,15
9-C,2,8,12,19,20,25,21,20
9-D,2,6,9,18,22,22,19,24
9-E,5,7,11,21,28,32,30,21
9-F,1,4,7,11,13,13,15,20
9-G,2,4,7,7,7,7,8,7
9-H,2,4,7,8,8,7,8,8
9-I,4,5,8,16,18,16,16,15
9-J,5,7,10,20,21,22,21,24
9-K,4,5,8,18,20,24,20,25
9-L,5,4,7,8,8,9,10,11
9-M,2,7,11,17,26,20,22,28
9-N,4,9,13,24,27,22,29,27
9-O,4,8,12,13,12,24,19,20
9-P,4,7,10,18,20,24,22,23
9-Q,6,4,7,7,22,15,18,14
9-R,2,4,7,8,18,24,20,20
9-S,6,5,8,19,23,17,17,13
9-T,4,15,19,27,33,34,33,28
10-A,1,4,7,7,7,9,18,18
10-B,2,10,14,22,26,32,29,28
10-C,5,4,7,9,8,10,16,14
10-D,2,7,11,18,19,19,19,20
10-E,2,14,18,23,28,28,26,28
10-F,2,7,10,17,17,19,17,18
10-G,2,3,7,20,31,14,13,13
10-H,5,7,11,23,22,21,23,23
10-I,2,7,11,13,30,18,20,20
10-J,2,13,17,28,30,28,32,27
10-K,2,2,6,7,7,7,6,9
10-L,1,3,7,9,19,21,25,7
10-M,5,21,25,44,38,34,43,39
10-N,0,0,0,0,0,0,0,0
10-O,2,4,7,13,15,18,13,13
10-P,5,5,8,9,9,9,9,11
10-Q,2,10,14,15,14,17,16,20
10-R,2,4,7,7,12,18,16,14
10-S,4,10,14,15,15,16,22,21
10-T,5,13,17,23,24,25,28,26
11-A,6,8,12,20,30,29,26,20
11-B,4,10,14,20,31,29,26,25
11-C,2,7,10,19,21,24,24,25
11-D,4,6,9,24,24,20,22,19
11-E,5,2,6,7,7,12,12,28
11-F,2,6,9,19,21,19,18,18
11-G,2,9,13,26,28,25,27,27
11-H,2,8,12,13,20,19,25,20
11-I,2,10,14,22,27,22,22,23
11-J,5,13,17,24,34,29,34,29
11-K,4,7,10,18,17,20,19,16
11-L,1,5,8,9,26,15,14,17
11-M,5,4,7,8,13,14,14,11
11-N,5,10,14,24,27,26,33,26
11-O,4,7,11,20,28,20,22,20
11-P,2,3,7,7,7,7,8,8
11-Q,1,7,10,16,14,23,20,18
11-R,6,7,10,18,26,30,27,26
11-S,2,9,13,20,27,26,30,24
11-T,5,7,11,21,21,27,21,23
12-A,2,6,9,11,10,10,21,17
12-B,2,4,7,9,23,15,20,18
12-C,2,2,6,7,7,7,17,15
12-D,2,7,11,20,33,22,30,30
12-E,2,3,7,9,19,11,16,16
12-F,2,10,14,20,25,26,21,24
12-G,2,7,10,20,22,21,25,21
12-H,2,10,14,15,18,20,26,20
12-I,4,8,12,17,20,20,20,18
12-J,0,0,0,0,0,0,0,0
12-K,4,7,11,16,20,20,20,20
12-L,5,18,21,28,38,38,34,34
12-M,4,9,13,29,30,26,24,27
12-N,6,6,9,17,18,19,24,26
12-O,4,7,11,21,29,28,20,26
12-P,2,5,8,17,18,22,20,19
12-Q,2,3,7,8,8,7,10,7
12-R,1,2,6,9,16,12,14,9
12-S,4,3,7,7,8,16,15,12
12-T,2,5,8,20,20,17,17,20
13-A,4,15,19,27,27,25,31,33
13-B,5,6,9,20,19,20,18,19
13-C,4,2,6,7,7,7,7,10
13-D,6,8,12,20,22,25,31,26
13-E,2,4,7,8,7,9,9,13
13-F,4,2,6,12,15,10,15,19
13-G,4,5,8,9,8,11,18,19
13-H,4,6,9,15,24,26,18,23
13-I,2,4,7,14,16,17,18,18
13-J,2,7,10,17,16,15,18,16
13-K,6,7,11,22,28,21,24,25
13-L,2,6,9,12,23,22,29,24
13-M,6,9,13,20,29,29,26,24
13-N,5,3,7,12,17,13,12,11
13-O,2,3,7,12,26,25,24,21
13-P,4,6,9,12,10,12,19,20
13-Q,5,16,20,27,37,27,36,31
13-R,2,5,8,9,9,16,18,19
13-S,1,5,8,22,33,28,23,18
13-T,7,7,10,21,21,27,27,25
14-A,1,3,7,7,8,7,8,7
14-B,5,14,18,30,31,28,29,27
14-C,4,10,14,20,23,20,20,22
14-D,4,8,12,19,30,28,23,25
14-E,1,3,7,16,18,19,18,14
14-F,5,7,10,11,11,12,23,20
14-G,2,7,10,14,19,18,19,20
14-H,4,16,20,30,30,29,31,34
14-I,1,6,9,13,14,13,20,20
14-J,2,9,13,20,30,34,24,30
14-K,2,2,6,7,7,10,10,16
14-L,5,8,12,24,32,25,25,27
14-M,2,7,11,15,17,17,15,15
14-N,4,14,18,25,24,28,26,24
14-O,2,3,7,7,7,7,8,16
14-P,0,0,0,0,0,0,0,0
14-Q,4,7,10,16,23,20,18,20
14-R,2,3,7,7,7,7,8,17
14-S,2,3,7,7,7,7,8,9
14-T,2,7,10,11,23,20,19,20
15-A,5,5,8,20,21,25,20,20
15-B,6,10,14,20,29,28,29,27
15-C,4,13,17,24,29,29,27,31
15-D,2,3,7,7,9,16,14,23
15-E,5,5,8,19,20,22,20,22
15-F,2,18,21,34,34,29,32,31
15-G,2,7,11,20,22,23,22,20
15-H,5,4,7,13,20,21,20,19
15-I,5,10,14,20,32,29,31,28
15-J,2,15,19,29,29,36,29,34
15-K,4,4,7,7,8,8,8,8
15-L,2,3,7,7,7,8,8,10
15-M,2,9,13,23,28,21,25,21
15-N,2,7,10,19,29,23,26,19
15-O,1,7,10,20,24,24,22,19
15-P,5,10,14,21,23,29,29,23
15-Q,2,3,7,7,7,7,9,13
15-R,5,8,12,19,23,20,24,20
15-S,4,6,9,17,26,28,25,25
15-T,5,5,8,12,16,16,14,13
16-A,4,7,11,16,20,24,20,19
16-B,2,8,12,20,21,25,21,28
16-C,1,7,10,18,17,16,16,18
16-D,2,5,8,17,27,18,22,22
16-E,5,7,10,16,25,24,20,21
16-F,2,3,7,7,7,7,7,19
16-G,1,7,10,12,11,12,20,18
16-H,2,6,9,11,19,14,12,15
16-I,2,7,11,18,21,24,20,24
16-J,4,9,13,20,24,27,24,28
16-K,2,5,8,21,22,24,18,22
16-L,2,9,13,20,24,23,27,27
16-M,2,7,10,16,18,17,18,15
16-N,2,17,20,33,35,43,38,31
16-O,4,13,17,21,24,24,25,26
16-P,2,4,7,7,8,8,10,20
16-Q,4,5,8,9,10,9,11,10
16-R,2,8,12,23,27,29,28,25
16-S,6,6,9,18,20,20,18,16
16-T,4,4,7,9,15,16,17,16
17-A,6,5,8,9,9,10,19,20
17-B,2,4,7,25,20,27,28,23
17-C,2,9,13,20,26,31,27,25
17-D,0,0,0,0,0,0,0,0
17-E,2,7,10,20,21,25,19,20
17-F,7,7,11,18,23,22,20,21
17-G,5,4,7,11,14,11,12,14
17-H,5,7,11,17,29,23,24,20
17-I,4,4,7,7,13,23,24,20
17-J,4,9,13,23,24,26,27,25
17-K,2,3,7,7,8,7,16,15
17-L,2,4,7,12,20,20,14,17
17-M,5,3,7,7,8,15,15,15
17-N,2,6,9,17,21,18,21,18
17-O,5,15,19,24,27,31,30,34
17-P,5,7,10,16,27,22,21,24
17-Q,2,2,6,6,13,17,18,18
17-R,4,8,12,21,22,23,26,24
17-S,4,10,14,21,29,29,29,27
17-T,0,4,7,7,8,14,14,13
18-A,1,2,6,7,7,7,8,7
18-B,2,3,7,8,7,9,15,12
18-C,5,8,12,15,20,17,19,20
18-D,6,4,7,8,12,16,18,17
18-E,2,6,9,11,12,17,18,20
18-F,5,4,7,9,8,12,14,15
18-G,2,7,10,18,25,28,23,17
18-H,2,9,13,13,15,14,14,19
18-I,2,9,13,14,16,35,20,19
18-J,5,7,11,12,13,23,24,20
18-K,4,10,14,19,26,27,31,27
18-L,5,7,10,23,21,26,22,22
18-M,2,8,12,13,26,23,21,20
18-N,2,7,11,21,31,31,28,25
18-O,4,19,22,31,39,36,35,31
18-P,2,4,7,18,24,20,20,18
18-Q,7,3,7,7,9,14,11,11
18-R,2,6,9,18,21,20,18,21
18-S,1,2,6,7,7,7,8,16
18-T,4,10,14,15,17,20,19,18
19-A,2,4,7,8,8,10,14,21
19-B,1,2,6,6,6,6,7,10
19-C,4,4,7,16,17,9,16,17
19-D,4,16,20,28,34,35,33,28
19-E,2,12,16,24,24,27,25,25
19-F,2,7,10,17,17,19,18,16
19-G,4,10,14,22,31,26,32,26
19-H,5,7,11,17,20,20,20,21
19-I,2,4,7,8,12,16,16,16
19-J,5,6,9,10,10,11,14,9
19-K,4,2,6,7,7,7,14,15
19-L,2,4,7,7,8,12,11,18
19-M,1,2,6,7,7,7,9,15
19-N,2,7,11,18,19,26,20,20
19-O,4,2,6,8,12,10,20,11
19-P,2,6,9,11,14,11,12,13
19-Q,2,7,11,19,30,23,32,24
19-R,4,9,13,21,27,27,27,28
19-S,4,9,13,24,30,28,25,25
19-T,5,6,9,16,24,21,19,24
20-A,2,17,20,28,30,34,31,35
20-B,2,6,9,21,25,10,12,19
20-C,4,3,7,7,7,7,7,7
20-D,4,5,8,9,9,8,11,25
20-E,6,13,17,27,27,27,29,26
20-F,4,8,12,26,25,23,30,27
20-G,4,7,11,20,30,23,22,20
20-H,4,9,13,23,23,27,25,22
20-I,2,9,13,14,19,25,22,25
20-J,6,8,12,20,20,26,20,22
20-K,4,3,7,7,11,15,15,19
20-L,4,4,7,15,17,20,15,19
20-M,4,5,8,20,11,15,14,14
20-N,4,7,10,18,27,20,26,22
20-O,5,2,6,6,7,7,8,9
20-P,4,6,9,20,28,18,25,23
20-Q,4,12,16,27,24,26,28,25
20-R,1,12,16,25,32,30,27,30
20-S,5,6,9,15,21,16,19,15
20-T,2,3,7,7,7,7,7,10
21-A,1,13,17,24,29,35,26,34
21-B,4,7,11,22,26,23,23,29
21-C,1,14,18,27,29,34,34,34
21-D,5,8,12,19,20,27,24,23
21-E,1,7,11,22,24,14,20,20
21-F,2,7,11,21,27,23,26,20
21-G,4,3,7,7,7,9,12,12
21-H,2,9,13,26,26,30,30,23
21-I,7,7,10,19,30,25,30,20
21-J,2,3,7,7,7,7,7,7
21-K,2,7,10,17,21,21,21,16
21-L,4,7,10,16,24,19,23,25
21-M,2,5,8,10,19,19,16,16
21-N,4,5,8,10,9,11,19,20
21-O,6,5,8,17,22,17,24,20
21-P,4,6,9,20,20,22,19,20
21-Q,2,7,11,15,21,20,20,19
21-R,2,3,7,8,7,7,16,20
21-S,2,2,6,6,7,7,8,16
21-T,4,6,9,13,16,16,17,14
22-A,5,8,12,19,20,28,24,23
22-B,2,3,7,8,7,8,13,14
22-C,2,4,7,9,22,11,17,15
22-D,2,3,7,7,7,7,8,12
22-E,4,2,6,7,7,7,7,10
22-F,2,3,7,8,10,11,16,15
22-G,2,7,11,20,24,22,28,20
22-H,4,4,7,8,7,15,15,15
22-I,4,4,7,7,9,15,11,14
22-J,2,2,6,16,21,16,19,15
22-K,2,7,11,19,21,20,21,19
22-L,2,7,10,19,20,27,22,20
22-M,1,7,11,21,21,20,20,24
22-N,2,12,16,25,28,28,26,25
22-O,1,7,10,16,27,19,31,23
22-P,4,2,6,7,7,7,7,6
22-Q,2,4,7,8,10,16,15,18
22-R,5,12,16,24,31,31,30,25
22-S,4,12,16,24,30,29,30,28
22-T,4,7,10,17,23,25,23,18
23-A,4,8,12,20,20,20,18,17
23-B,1,6,9,10,11,15,17,19
23-C,6,10,14,20,26,26,30,25
23-D,5,3,7,7,7,7,16,13
23-E,2,6,9,12,13,15,14,15
23-F,4,9,13,19,26,25,22,26
23-G,5,7,11,20,18,18,21,20
23-H,2,8,12,18,26,22,25,19
23-I,1,7,11,17,21,23,17,18
23-J,4,9,13,23,22,25,33,26
23-K,2,4,7,9,9,8,11,9
23-L,4,6,9,14,19,14,15,16
23-M,2,2,6,7,8,13,11,17
23-N,4,4,7,9,8,11,16,18
23-O,1,2,6,21,22,17,15,10
23-P,1,2,6,6,7,7,7,9
23-Q,1,7,10,12,14,13,22,20
23-R,2,7,11,18,20,21,23,24
23-S,5,5,8,19,18,22,19,20
23-T,2,7,10,20,28,25,20,18
24-A,4,10,14,21,32,31,32,29
24-B,4,3,7,9,12,11,14,12
24-C,2,4,7,8,11,14,15,20
24-D,2,7,11,20,26,20,26,27
24-E,6,3,7,7,16,19,25,19
24-F,2,5,8,16,19,25,25,17
24-G,2,3,7,7,19,29,19,19
24-H,4,5,8,9,9,10,12,20
24-I,2,7,11,18,24,31,29,24
24-J,4,20,23,35,40,35,41,32
24-K,1,5,8,15,22,18,20,20
24-L,5,7,11,12,16,18,20,17
24-M,4,5,8,18,24,20,21,19
24-N,2,7,10,21,21,22,17,21
24-O,6,2,6,13,12,12,11,9
24-P,4,8,12,20,23,23,20,20
24-Q,2,14,18,25,31,25,24,27
24-R,2,5,8,9,9,10,11,15
24-S,2,3,7,8,24,31,21,7
24-T,7,7,11,18,26,22,21,25
25-A,4,3,7,7,7,10,17,19
25-B,2,6,9,18,16,20,16,19
25-C,4,3,7,10,26,25,24,17
25-D,2,6,9,20,19,24,26,23
25-E,4,9,13,23,27,27,29,24
25-F,5,5,8,17,19,20,22,20
25-G,4,3,7,7,7,12,15,20
25-H,2,4,7,16,23,20,21,23
25-I,2,3,7,10,12,10,11,13
25-J,1,4,7,8,8,8,8,7
25-K,2,3,7,7,9,18,17,18
25-L,1,8,12,23,25,20,24,27
25-M,4,4,7,8,8,8,9,12
25-N,6,7,10,22,18,21,29,24
25-O,2,2,6,7,17,19,14,16
25-P,2,2,6,6,6,6,7,16
25-Q,1,10,14,15,14,16,21,20
25-R,4,7,11,19,20,18,16,20
25-S,2,8,12,23,23,22,20,23
25-T,4,18,21,37,44,33,30,31
26-A,5,2,6,7,6,7,19,19
26-B,4,10,14,21,28,26,22,23
26-C,2,7,11,18,22,26,24,23
26-D,5,6,9,15,15,22,20,17
26-E,4,4,7,8,9,17,17,20
26-F,5,7,10,17,22,22,19,18
26-G,6,7,11,19,26,27,24,29
26-H,4,5,8,9,9,10,11,11
26-I,4,6,9,20,27,21,24,20
26-J,5,6,9,17,17,21,20,25
26-K,4,7,10,19,20,19,16,17
26-L,4,3,7,7,7,11,16,18
26-M,5,6,9,10,14,19,22,28
26-N,2,7,10,15,19,15,17,16
26-O,2,12,16,23,27,27,29,30
26-P,2,4,7,21,28,21,23,25
26-Q,1,5,8,10,19,18,20,19
26-R,5,12,16,24,32,32,25,24
26-S,2,12,16,24,28,34,29,28
26-T,2,9,13,19,24,27,21,21
27-A,4,8,12,18,26,24,20,24
27-B,4,16,20,29,33,34,28,32
27-C,4,7,11,20,25,25,30,25
27-D,5,4,7,10,11,13,12,13
27-E,5,16,20,27,33,32,31,31
27-F,4,3,7,7,7,9,14,16
27-G,2,5,8,9,10,11,11,13
27-H,5,7,11,24,24,29,23,25
27-I,4,9,13,20,29,31,30,31
27-J,4,10,14,25,27,31,27,29
27-K,1,3,7,7,11,15,8,8
27-L,2,5,8,14,17,14,19,16
27-M,4,9,13,20,22,23,25,25
27-N,6,4,7,8,13,18,17,20
27-O,4,6,9,18,20,20,21,18
27-P,2,9,13,20,24,26,24,30
27-Q,5,7,10,19,27,26,21,18
27-R,2,5,8,15,18,16,19,16
27-S,7,17,20,31,34,39,39,32
27-T,4,6,9,18,19,19,15,15
28-A,2,12,16,21,28,24,32,24
28-B,4,4,7,7,8,8,9,11
28-C,4,10,14,22,25,28,27,25
28-D,5,7,11,20,25,21,22,25
28-E,5,8,12,20,21,30,20,20
28-F,5,3,7,7,7,14,17,12
28-G,2,8,12,28,30,23,25,28
28-H,4,5,8,16,20,16,15,15
28-I,2,9,13,22,23,23,26,21
28-J,2,3,7,7,7,8,9,10
28-K,2,15,19,27,29,33,30,30
28-L,5,7,11,22,24,21,24,20
28-M,4,8,12,20,25,24,27,22
28-N,4,5,8,9,9,9,10,11
28-O,5,14,18,30,32,26,34,32
28-P,4,7,10,17,20,26,24,27
28-Q,4,9,13,21,25,30,30,21
28-R,5,8,12,21,33,34,32,27
28-S,5,7,11,19,31,28,30,26
28-T,2,8,12,20,27,24,24,23
29-A,5,7,11,16,23,23,24,23
29-B,5,7,11,13,12,12,12,12
29-C,4,4,7,8,8,15,13,15
29-D,4,3,7,7,7,11,11,13
29-E,7,5,8,13,20,20,13,13
29-F,2,6,9,15,22,20,23,20
29-G,2,16,20,31,32,34,35,28
29-H,4,7,10,17,25,20,27,17
29-I,2,12,16,25,31,28,25,27
29-J,4,5,8,15,20,19,17,25
29-K,4,14,18,26,26,31,29,25
29-L,4,7,10,23,28,30,20,20
29-M,5,15,19,27,26,27,33,31
29-N,1,4,7,14,20,21,23,23
29-O,2,7,10,19,18,16,17,19
29-P,2,3,7,7,7,7,9,7
29-Q,4,8,12,23,27,21,25,20
29-R,4,5,8,10,8,10,15,16
29-S,1,8,12,19,22,22,21,20
29-T,2,6,9,14,15,14,15,19
30-A,4,7,11,21,22,25,27,24
30-B,2,8,12,20,21,22,22,24
30-C,1,4,7,16,24,20,21,20
30-D,4,4,7,15,14,14,16,13
30-E,4,3,7,7,7,9,16,16
30-F,2,4,7,17,24,20,21,22
30-G,5,6,9,19,17,20,18,18
30-H,2,14,18,23,26,26,26,28
30-I,2,7,11,19,27,30,32,29
30-J,5,14,18,28,32,31,33,27
30-K,2,5,8,17,24,14,15,19
30-L,5,7,10,16,16,18,20,29
30-M,2,3,7,7,10,9,10,9
30-N,5,10,14,25,32,29,26,22
30-O,1,2,6,7,7,7,7,13
30-P,2,16,20,29,28,30,28,31
30-Q,5,7,10,17,15,15,16,16
30-R,2,7,11,13,15,19,13,15
30-S,4,5,8,9,12,14,17,14
30-T,4,7,10,17,17,19,19,27
31-A,2,7,11,21,30,26,30,25
31-B,2,8,12,17,21,22,22,20
31-C,4,6,9,12,11,11,12,28
31-D,1,6,9,16,20,21,22,24
31-E,4,7,11,12,17,30,20,21
31-F,5,12,16,28,29,30,28,39
31-G,5,10,14,23,27,31,26,29
31-H,5,7,10,20,26,20,21,18
31-I,4,12,16,28,33,35,34,28
31-J,2,8,12,18,24,20,20,19
31-K,5,3,7,11,14,11,14,10
31-L,2,5,8,9,13,20,15,13
31-M,2,6,9,18,16,16,17,16
31-N,2,3,7,7,7,11,10,16
31-O,1,7,10,14,21,20,19,16
31-P,4,8,12,20,24,29,24,20
31-Q,2,5,8,18,25,21,18,20
31-R,4,6,9,23,20,25,23,22
31-S,6,9,13,22,23,25,28,26
31-T,4,3,7,7,7,7,7,13
32-A,2,7,11,15,18,18,18,19
32-B,5,6,9,20,21,20,19,14
32-C,6,10,14,21,28,30,22,30
32-D,2,4,7,12,15,14,16,14
32-E,5,5,8,21,16,22,20,23
32-F,4,13,17,24,31,33,27,28
32-G,4,5,8,15,20,19,18,20
32-H,4,2,6,7,7,7,8,6
32-I,2,4,7,13,21,20,15,17
32-J,2,3,7,7,7,7,7,19
32-K,4,7,11,21,24,20,23,22
32-L,2,17,20,30,30,33,29,33
32-M,2,5,8,9,16,10,16,19
32-N,5,4,7,9,13,14,17,15
32-O,5,6,9,14,17,16,14,14
32-P,4,1,5,5,10,13,12,10
32-Q,5,4,7,9,8,11,19,14
32-R,2,5,8,10,16,21,17,14
32-S,5,3,7,20,25,14,15,16
32-T,5,7,10,20,21,23,24,21
33-A,1,6,9,16,19,20,16,19
33-B,2,3,7,16,19,20,20,13
33-C,2,6,9,20,21,19,19,22
33-D,5,7,10,11,11,13,13,16
33-E,1,3,7,7,7,7,8,11
33-F,2,9,13,21,23,28,27,20
33-G,1,2,6,13,14,17,20,12
33-H,2,6,9,12,18,24,20,18
33-I,4,7,11,17,20,21,22,21
33-J,5,10,14,22,34,24,30,25
33-K,4,6,9,17,22,17,18,20
33-L,4,17,20,31,30,34,30,35
33-M,1,5,8,14,14,14,19,17
33-N,4,15,19,23,31,33,26,30
33-O,0,0,0,0,0,0,0,0
33-P,5,12,16,24,34,28,36,29
33-Q,2,5,8,12,17,18,16,14
33-R,4,15,19,25,30,36,31,28
33-S,4,17,20,28,29,30,32,34
33-T,2,4,7,8,8,8,9,9
34-A,6,7,11,18,21,25,20,24
34-B,2,7,10,11,11,12,17,21
34-C,2,7,11,25,26,24,21,22
34-D,4,7,10,15,19,20,18,26
34-E,2,7,11,17,20,21,24,21
34-F,5,3,7,7,7,9,8,11
34-G,2,2,6,11,11,16,15,13
34-H,1,3,7,7,18,27,20,20
34-I,2,4,7,11,16,17,15,15
34-J,4,2,6,7,22,19,16,17
34-K,2,5,8,9,9,12,11,13
34-L,2,9,13,22,20,27,29,23
34-M,1,2,6,7,15,19,19,15
34-N,4,7,10,11,19,14,19,16
34-O,1,8,12,18,20,22,25,20
34-P,2,7,10,17,23,25,21,24
34-Q,2,14,18,30,31,29,24,34
34-R,4,6,9,16,17,19,17,16
34-S,6,7,10,21,19,25,21,20
34-T,4,6,9,15,18,17,16,20
35-A,1,6,9,19,22,22,19,18
35-B,5,10,14,22,28,25,28,24
35-C,4,5,8,15,18,16,18,23
35-D,5,9,13,20,26,31,22,25
35-E,9,4,7,8,20,20,23,14
35-F,0,0,0,0,0,0,0,0
35-G,2,6,9,18,28,20,25,20
35-H,2,5,8,11,24,24,24,21
35-I,5,14,18,34,30,31,29,32
35-J,2,9,13,20,22,27,21,20
35-K,1,5,8,16,20,17,20,22
35-L,2,5,8,9,17,24,20,16
35-M,6,2,6,7,14,24,19,19
35-N,6,12,16,29,28,31,34,27
35-O,2,6,9,10,12,21,20,16
35-P,2,8,12,18,25,23,20,20
35-Q,5,9,13,19,22,25,24,20
35-R,4,16,20,28,34,31,35,29
35-S,5,15,19,29,35,34,31,31
35-T,2,4,7,19,20,22,18,20
36-A,2,8,12,19,22,22,18,20
36-B,4,2,6,16,13,11,17,13
36-C,5,6,9,18,18,14,20,14
36-D,4,10,14,20,22,24,32,21
36-E,2,6,9,16,18,20,20,17
36-F,4,7,10,17,25,24,20,24
36-G,4,9,13,22,27,25,26,31
36-H,4,4,7,10,14,21,16,19
36-I,4,6,9,17,19,14,22,20
36-J,2,7,11,20,20,21,20,17
36-K,5,9,13,23,23,28,26,26
36-L,2,6,9,20,29,27,27,20
36-M,4,3,7,7,7,7,7,19
36-N,2,14,18,25,26,36,27,33
36-O,4,13,17,23,25,27,29,24
36-P,2,6,9,16,16,16,20,23
36-Q,6,8,12,18,25,28,30,21
36-R,2,6,9,17,17,20,19,16
36-S,2,5,8,14,20,20,17,20
36-T,2,3,7,8,7,9,18,15
37-A,4,7,10,24,22,26,24,23
37-B,4,6,9,20,23,20,18,17
37-C,4,9,13,17,29,27,20,25
37-D,2,14,18,23,25,24,26,34
37-E,4,2,6,7,7,7,7,7
37-F,6,9,13,20,24,20,23,19
37-G,4,13,17,23,31,31,26,27
37-H,2,3,7,12,20,17,22,20
37-I,5,7,10,17,22,20,19,19
37-J,1,2,6,6,7,7,7,15
37-K,6,8,12,25,25,22,23,22
37-L,4,14,18,23,31,26,34,27
37-M,5,20,23,29,35,34,31,32
37-N,1,2,6,7,13,10,15,12
37-O,6,6,9,20,20,23,23,17
37-P,5,3,7,10,14,12,15,14
37-Q,1,5,8,13,13,14,18,16
37-R,5,7,10,18,20,29,18,20
37-S,4,5,8,15,26,27,21,23
37-T,4,8,12,26,34,24,26,20
38-A,5,6,9,15,20,17,20,19
38-B,4,6,9,16,22,20,25,20
38-C,2,9,13,23,33,23,27,20
38-D,4,4,7,8,13,16,17,18
38-E,4,12,16,28,27,29,30,29
38-F,5,7,10,12,11,16,20,19
38-G,5,8,12,18,19,24,21,26
38-H,0,0,0,0,0,0,0,0
38-I,5,9,13,22,24,29,26,20
38-J,5,6,9,11,10,20,12,19
38-K,2,5,8,18,18,24,19,20
38-L,4,7,10,20,25,22,17,19
38-M,4,6,9,14,18,16,15,27
38-N,4,14,18,23,30,29,35,34
38-O,5,3,7,7,7,7,7,13
38-P,5,7,11,20,26,22,22,22
38-Q,4,6,9,10,10,9,10,11
38-R,4,9,13,19,21,29,26,23
38-S,5,13,17,28,25,28,29,27
38-T,4,6,9,18,19,22,24,20
39-A,2,13,17,25,30,31,35,29
39-B,2,5,8,12,23,18,20,22
39-C,4,5,8,15,22,19,18,15
39-D,4,9,13,17,20,25,21,24
39-E,4,12,16,24,29,31,29,27
39-F,2,3,7,10,13,14,11,14
39-G,4,7,11,19,25,24,27,25
39-H,2,7,10,19,19,28,20,24
39-I,7,7,10,16,18,19,20,24
39-J,4,8,12,18,25,24,20,20
39-K,2,3,7,9,14,13,17,12
39-L,5,7,11,17,26,29,27,24
39-M,1,3,7,7,7,7,7,7
39-N,1,2,6,6,7,14,11,17
39-O,4,6,9,18,20,24,20,20
39-P,4,6,9,18,35,25,23,25
39-Q,2,13,17,25,28,26,28,26
39-R,2,8,12,18,26,31,21,19
39-S,5,6,9,18,20,20,22,20
39-T,4,9,13,20,21,25,23,29
40-A,2,4,7,14,19,25,22,19
40-B,7,4,7,8,12,13,15,23
40-C,2,10,14,21,29,25,23,22
40-D,4,5,8,14,18,17,21,16
40-E,7,8,12,13,13,14,24,19
40-F,4,3,7,7,7,8,9,10
40-G,2,2,6,7,15,19,16,18
40-H,5,16,20,26,32,30,28,29
40-I,2,15,19,25,30,31,35,34
40-J,0,0,0,0,0,0,0,0
40-K,0,0,0,0,0,0,0,0
40-L,2,3,7,13,19,12,16,16
40-M,1,6,9,16,20,18,18,20
40-N,4,7,11,16,19,16,20,16
40-O,2,9,13,23,25,27,26,20
40-P,4,3,7,7,12,8,18,9
40-Q,2,7,10,17,20,18,19,21
40-R,2,6,9,19,20,20,20,14
40-S,2,8,12,19,22,25,20,22
40-T,5,10,14,22,32,29,28,30
41-A,5,7,11,16,17,20,17,16
41-B,5,7,11,19,21,22,21,20
41-C,2,2,6,7,13,15,20,9
41-D,5,15,19,28,34,32,28,30
41-E,5,6,9,17,23,22,19,22
41-F,2,3,7,11,12,16,14,13
41-G,2,8,12,19,22,23,26,20
41-H,1,7,11,12,16,13,20,23
41-I,4,5,8,16,22,17,20,20
41-J,4,7,11,22,26,28,22,27
41-K,5,7,10,19,28,27,21,20
41-L,4,7,10,19,22,24,24,23
41-M,1,5,8,17,20,20,20,15
41-N,2,10,14,20,34,27,26,22
41-O,2,2,6,7,7,7,8,7
41-P,2,6,9,10,15,17,20,15
41-Q,5,16,20,30,30,29,30,32
41-R,2,8,12,17,21,26,20,22
41-S,1,8,12,16,19,20,19,20
41-T,2,1,5,6,7,10,10,13
42-A,2,7,10,20,26,25,23,20
42-B,1,6,9,15,18,15,15,14
42-C,4,9,13,19,22,25,26,23
42-D,5,5,8,15,19,21,20,8
42-E,5,6,9,13,19,20,20,20
42-F,4,7,10,17,28,28,20,19
42-G,2,7,10,11,10,16,19,20
42-H,4,5,8,9,13,15,14,16
42-I,5,6,9,14,20,20,17,20
42-J,2,8,12,20,23,21,27,27
42-K,0,0,0,0,0,0,0,0
42-L,4,3,7,11,18,18,16,7
42-M,5,3,7,7,8,8,17,18
42-N,5,2,6,7,6,8,14,15
42-O,1,7,11,17,21,26,20,26
42-P,0,0,0,0,0,0,0,0
42-Q,4,10,14,26,29,27,27,26
42-R,2,7,11,18,20,29,23,22
42-S,1,8,12,13,12,14,24,19
42-T,0,0,0,0,0,0,0,0
43-A,2,3,7,19,19,13,15,12
43-B,4,13,17,26,26,29,25,22
43-C,4,9,13,15,13,19,17,20
43-D,1,10,14,24,30,24,25,27
43-E,2,6,9,14,18,17,17,16
43-F,2,7,10,16,17,20,28,21
43-G,5,5,8,11,15,14,13,13
43-H,4,7,10,20,24,24,22,20
43-I,2,9,13,25,28,30,26,37
43-J,2,9,13,27,25,28,31,21
43-K,2,4,7,13,19,20,18,21
43-L,4,10,14,20,27,30,25,24
43-M,5,2,6,6,7,7,7,7
43-N,4,7,11,22,21,29,30,21
43-O,6,15,19,27,30,31,33,34
43-P,2,7,11,13,11,16,20,25
43-Q,2,7,10,12,10,11,18,20
43-R,7,6,9,15,18,15,17,15
43-S,4,7,11,14,20,17,19,15
43-T,2,7,10,20,25,26,23,21
44-A,2,6,9,20,27,20,26,28
44-B,4,3,7,16,8,7,8,9
44-C,0,2,6,6,7,9,12,16
44-D,4,5,8,9,9,9,12,15
44-E,4,13,17,29,30,34,30,28
44-F,1,7,11,23,32,22,25,23
44-G,6,8,12,21,28,28,24,27
44-H,4,7,11,18,26,28,27,21
44-I,2,8,12,25,26,20,23,20
44-J,4,6,9,17,20,19,21,16
44-K,2,3,7,7,9,16,15,17
44-L,1,3,7,7,7,7,7,7
44-M,1,2,6,7,7,11,10,11
44-N,4,8,12,23,25,28,27,26
44-O,2,3,7,7,7,7,7,8
44-P,4,9,13,20,27,25,22,26
44-Q,2,5,8,20,26,18,21,21
44-R,2,12,16,22,30,27,28,32
44-S,5,10,14,20,24,27,24,21
44-T,2,3,7,8,9,9,9,9
45-A,1,3,7,15,19,16,17,19
45-B,2,6,9,17,19,19,24,22
45-C,4,9,13,18,25,25,20,21
45-D,2,3,7,7,7,7,7,10
45-E,2,3,7,7,7,7,8,8
45-F,2,6,9,10,11,19,13,15
45-G,1,4,7,8,12,11,10,13
45-H,4,9,13,22,23,24,23,22
45-I,2,6,9,13,16,14,15,13
45-J,2,12,16,23,30,28,27,25
45-K,5,4,7,9,15,14,15,14
45-L,1,6,9,10,10,21,18,9
45-M,2,6,9,14,15,15,16,15
45-N,5,7,11,12,11,16,23,20
45-O,2,6,9,14,14,16,17,13
45-P,2,3,7,7,7,7,8,11
45-Q,5,9,13,18,21,26,21,21
45-R,2,17,20,27,29,30,34,30
45-S,7,7,10,10,12,15,15,10
45-T,2,9,13,15,19,17,23,19
46-A,1,7,10,19,20,23,23,18
46-B,4,13,17,22,34,30,30,27
46-C,5,7,11,21,28,26,26,23
46-D,2,7,10,15,23,20,18,16
46-E,2,9,13,20,23,25,24,23
46-F,0,0,0,0,0,0,0,0
46-G,1,12,16,24,24,28,30,29
46-H,5,6,9,15,26,24,26,24
46-I,2,6,9,18,24,21,21,24
46-J,2,7,11,12,28,23,20,20
46-K,4,6,9,15,17,15,14,15
46-L,5,8,12,20,30,28,25,26
46-M,1,9,13,20,25,24,27,24
46-N,4,2,6,8,7,7,8,13
46-O,4,7,10,16,20,19,19,17
46-P,2,4,7,14,12,13,12,11
46-Q,6,10,14,21,27,26,24,25
46-R,4,15,19,23,33,30,34,33
46-S,5,10,14,19,29,30,23,26
46-T,4,5,8,15,13,15,16,13
47-A,4,9,13,25,24,24,23,20
47-B,4,14,18,28,29,29,32,29
47-C,1,3,7,7,7,7,7,7
47-D,6,6,9,10,10,18,15,16
47-E,4,2,6,10,11,12,13,21
47-F,5,7,10,16,19,22,23,20
47-G,1,4,7,15,19,20,24,18
47-H,4,7,10,17,20,22,20,20
47-I,2,7,11,21,30,28,23,30
47-J,1,4,7,11,13,11,11,16
47-K,2,5,8,16,23,27,19,20
47-L,2,9,13,20,22,22,22,25
47-M,2,9,13,21,30,31,21,29
47-N,2,4,7,13,20,16,18,16
47-O,2,7,10,20,23,24,25,27
47-P,2,3,7,7,7,10,10,12
47-Q,5,10,14,21,22,25,31,27
47-R,5,3,7,11,10,10,9,7
47-S,6,7,11,20,23,23,26,23
47-T,2,7,10,22,24,20,20,30
48-A,4,7,11,33,29,19,20,17
48-B,5,6,9,20,28,26,20,22
48-C,2,3,7,7,8,7,8,7
48-D,5,5,8,18,20,13,14,19
48-E,4,8,12,20,20,20,25,20
48-F,5,17,20,30,34,33,37,34
48-G,2,8,12,19,19,17,19,16
48-H,4,7,10,16,22,23,20,22
48-I,1,5,8,14,18,13,15,15
48-J,5,7,10,11,11,15,22,17
48-K,2,10,14,20,23,23,23,22
48-L,6,14,18,27,31,31,30,26
48-M,1,3,7,8,7,8,15,17
48-N,4,5,8,8,9,8,11,12
48-O,4,9,13,27,22,22,26,24
48-P,2,6,9,15,21,22,20,15
48-Q,4,3,7,12,12,13,13,13
48-R,2,7,11,19,21,18,19,20
48-S,6,7,11,17,20,20,20,19
48-T,6,8,12,21,26,26,22,25
49-A,1,3,7,7,8,11,11,10
49-B,1,6,9,15,17,20,18,16
49-C,2,7,11,20,25,28,21,19
49-D,4,6,9,10,21,21,14,16
49-E,2,6,9,17,20,19,22,16
49-F,2,3,7,7,8,8,9,7
49-G,2,9,13,19,26,29,21,21
49-H,2,3,7,8,22,8,13,14
49-I,4,7,10,11,13,12,15,20
49-J,5,7,10,17,23,27,20,22
49-K,4,7,10,19,20,19,18,19
49-L,4,7,11,20,21,20,20,23
49-M,5,5,8,16,21,20,22,19
49-N,4,10,14,21,29,27,31,26
49-O,4,6,9,17,20,21,23,22
49-P,4,6,9,22,20,22,26,27
49-Q,4,7,11,22,21,26,23,21
49-R,1,4,7,8,8,16,16,15
49-S,2,3,7,7,8,11,14,20
49-T,1,3,7,7,7,8,10,13
50-A,2,9,13,21,20,27,23,20
50-B,4,12,16,24,34,26,28,32
50-C,2,2,6,7,7,8,9,11
50-D,6,5,8,13,16,15,15,12
50-E,5,7,11,16,20,25,25,23
50-F,6,12,16,27,26,32,30,31
50-G,2,8,12,18,25,20,23,23
50-H,2,3,7,16,22,16,16,8
50-I,2,3,7,7,7,15,18,22
50-J,4,7,11,23,20,22,24,20
50-K,2,13,17,27,28,28,26,26
50-L,1,5,8,16,20,20,24,24
50-M,2,7,10,18,20,26,25,24
50-N,2,1,5,5,9,16,14,12
50-O,2,5,8,13,17,19,19,16
50-P,5,13,17,31,28,31,33,29
50-Q,4,18,21,33,42,37,38,33
50-R,2,4,7,8,8,12,13,18
50-S,2,4,7,13,13,14,16,13
50-T,4,5,8,20,20,25,24,19
51-A,2,3,7,7,7,7,8,7
51-B,5,8,12,25,26,32,27,28
51-C,2,6,9,13,17,16,19,13
51-D,2,5,8,9,16,24,22,15
51-E,4,9,13,19,23,25,24,23
51-F,5,5,8,13,14,14,15,14
51-G,5,12,16,26,28,32,33,26
51-H,1,4,7,8,8,7,7,20
51-I,0,0,0,0,0,0,0,0
51-J,4,8,12,20,24,25,24,27
51-K,4,9,13,25,37,25,31,24
51-L,4,9,13,22,28,24,25,21
51-M,2,5,8,13,21,17,17,16
51-N,2,6,9,16,18,17,20,17
51-O,4,12,16,30,29,29,34,30
51-P,4,7,11,28,25,27,24,23
51-Q,1,7,10,19,19,25,20,25
51-R,2,5,8,9,10,9,17,16
51-S,4,6,9,14,17,17,17,15
51-T,2,4,7,8,17,30,22,23
52-A,1,4,7,9,12,14,17,16
52-B,4,3,7,11,9,12,15,15
52-C,5,9,13,20,21,26,26,26
52-D,5,2,6,7,9,7,11,12
52-E,5,5,8,9,12,27,16,19
52-F,2,15,19,29,34,27,33,36
52-G,4,15,19,29,31,34,28,35
52-H,5,4,7,18,13,16,18,13
52-I,5,7,10,18,20,24,19,22
52-J,2,7,11,23,29,28,28,28
52-K,2,4,7,14,19,21,15,23
52-L,2,7,11,12,13,16,16,21
52-M,7,7,11,20,31,23,20,23
52-N,4,3,7,7,7,8,17,12
52-O,1,3,7,7,8,9,9,7
52-P,4,9,13,22,27,22,22,34
52-Q,4,4,7,18,28,16,18,16
52-R,5,9,13,18,20,22,21,19
52-S,6,3,7,7,8,7,7,7
52-T,4,14,18,26,28,28,32,29
53-A,4,7,10,19,17,19,16,17
53-B,0,0,0,0,0,0,0,0
53-C,2,5,8,21,27,22,24,23
53-D,4,4,7,14,18,13,17,13
53-E,7,8,12,23,30,22,28,22
53-F,4,4,7,17,17,15,14,10
53-G,5,5,8,10,10,12,17,15
53-H,4,10,14,20,22,23,22,27
53-I,1,7,10,16,20,20,26,21
53-J,2,2,6,6,9,7,7,18
53-K,4,10,14,21,21,21,34,32
53-L,4,7,10,17,18,21,20,18
53-M,7,8,12,19,19,20,26,23
53-N,4,4,7,16,15,19,15,14
53-O,2,14,18,29,38,34,29,29
53-P,5,10,14,20,27,28,28,28
53-Q,5,13,17,21,25,27,28,27
53-R,0,6,9,16,21,18,16,9
53-S,6,14,18,27,32,30,31,32
53-T,5,8,12,22,20,31,29,22
54-A,2,4,7,15,18,28,18,17
54-B,5,9,13,21,21,31,30,25
54-C,4,7,10,16,21,22,20,21
54-D,5,8,12,24,23,28,22,28
54-E,4,3,7,7,7,7,8,11
54-F,5,7,11,12,17,17,22,19
54-G,2,9,13,21,25,23,24,20
54-H,2,3,7,10,14,12,11,9
54-I,4,13,17,24,30,33,31,33
54-J,5,8,12,21,20,22,26,20
54-K,6,15,19,30,34,34,32,34
54-L,4,8,12,20,27,28,27,20
54-M,2,14,18,24,34,33,28,32
54-N,2,2,6,7,7,9,9,11
54-O,1,4,7,7,11,16,17,22
54-P,5,5,8,16,20,18,19,22
54-Q,2,7,10,23,19,32,26,20
54-R,7,6,9,19,18,24,24,21
54-S,5,7,10,17,23,23,21,23
54-T,4,9,13,19,25,23,26,24
55-A,2,5,8,9,9,12,14,18
55-B,2,9,13,21,20,23,22,22
55-C,2,5,8,13,18,18,19,15
55-D,6,8,12,21,21,26,21,25
55-E,1,5,8,9,12,20,12,13
55-F,4,4,7,8,11,16,12,18
55-G,5,9,13,22,25,30,23,24
55-H,4,9,13,19,21,21,29,23
55-I,4,6,9,14,20,22,21,18
55-J,5,7,11,12,13,18,19,19
55-K,5,7,10,15,18,18,18,16
55-L,0,5,8,9,9,9,10,8
55-M,1,4,7,16,19,17,23,21
55-N,6,5,8,9,13,19,12,15
55-O,2,5,8,12,16,14,16,12
55-P,2,12,16,23,22,25,25,24
55-Q,4,7,10,14,19,23,27,29
55-R,2,6,9,13,20,18,18,21
55-S,6,10,14,18,20,24,24,21
55-T,4,10,14,20,27,26,26,23
56-A,2,4,7,8,10,9,14,15
56-B,2,4,7,9,10,12,23,15
56-C,2,10,14,22,25,24,22,24
56-D,2,4,7,9,8,9,9,19
56-E,2,3,7,7,7,7,8,7
56-F,4,3,7,12,20,16,14,18
56-G,5,4,7,8,14,9,11,11
56-H,2,12,16,28,32,28,26,26
56-I,6,7,10,16,19,19,20,20
56-J,7,15,19,29,34,29,31,31
56-K,4,8,12,14,14,17,22,23
56-L,2,8,12,20,22,26,22,20
56-M,1,6,9,17,26,24,26,27
56-N,5,12,16,22,24,24,26,23
56-O,4,2,6,7,7,7,7,7
56-P,2,5,8,11,19,20,19,15
56-Q,4,10,14,22,24,25,25,23
56-R,2,3,7,7,13,15,16,14
56-S,5,12,16,25,35,29,28,29
56-T,4,3,7,7,8,8,7,9
57-A,7,7,10,16,20,23,19,18
57-B,1,7,10,18,22,22,22,21
57-C,4,3,7,7,9,8,10,14
57-D,2,3,7,8,7,10,11,23
57-E,5,13,17,22,29,26,34,30
57-F,4,13,17,27,31,33,33,27
57-G,2,7,10,11,10,12,17,19
57-H,2,9,13,20,29,26,26,22
57-I,5,7,10,20,28,20,25,22
57-J,4,4,7,13,22,23,17,19
57-K,4,6,9,15,19,15,17,15
57-L,5,6,9,19,28,14,17,14
57-M,2,7,11,15,20,19,19,17
57-N,5,13,17,28,32,26,27,30
57-O,4,3,7,13,16,14,17,14
57-P,2,2,6,7,9,16,15,11
57-Q,1,5,8,9,10,9,20,19
57-R,6,5,8,16,16,23,18,20
57-S,2,3,7,9,15,20,16,12
57-T,2,6,9,15,23,11,20,13
58-A,2,7,11,26,22,27,25,20
58-B,4,6,9,9,12,14,20,16
58-C,2,6,9,13,22,24,19,19
58-D,4,5,8,12,13,15,13,15
58-E,1,2,6,15,13,11,10,14
58-F,4,5,8,15,21,21,15,14
58-G,5,6,9,17,19,25,24,21
58-H,5,6,9,10,9,12,17,16
58-I,4,7,11,20,27,29,20,23
58-J,2,9,13,20,28,26,24,25
58-K,2,4,7,8,8,9,8,15
58-L,5,10,14,21,23,22,21,26
58-M,6,6,9,15,18,20,21,19
58-N,4,4,7,7,8,9,10,10
58-O,4,2,6,6,8,14,11,16
58-P,2,14,18,28,35,29,31,27
58-Q,4,1,5,6,6,7,7,8
58-R,4,17,20,28,33,30,35,32
58-S,5,7,11,20,25,27,23,23
58-T,2,3,7,7,7,7,8,12
59-A,2,7,11,17,21,25,23,24
59-B,4,3,7,11,14,12,16,13
59-C,2,8,12,24,23,28,22,32
59-D,6,1,5,6,6,6,7,10
59-E,1,9,13,26,28,22,24,31
59-F,4,5,8,9,11,10,11,16
59-G,2,3,7,7,7,13,19,15
59-H,4,9,13,21,24,28,27,24
59-I,4,5,8,15,13,16,13,8
59-J,4,7,11,22,23,21,26,31
59-K,6,9,13,22,24,27,23,28
59-L,4,7,10,17,20,23,21,20
59-M,4,3,7,14,20,24,21,15
59-N,2,7,10,16,23,17,16,20
59-O,4,3,7,10,17,11,7,9
59-P,2,7,10,20,19,18,20,19
59-Q,4,2,6,7,7,7,7,8
59-R,4,4,7,9,9,10,16,13
59-S,4,10,14,18,28,28,26,24
59-T,2,3,7,7,9,15,18,11
60-A,4,7,10,11,12,13,19,18
60-B,2,7,10,13,20,17,20,17
60-C,2,8,12,21,23,22,28,22
60-D,2,7,10,16,19,25,19,20
60-E,6,8,12,22,29,22,22,27
60-F,6,10,14,29,33,28,25,32
60-G,4,8,12,17,17,17,20,19
60-H,2,7,11,13,14,13,18,20
60-I,5,5,8,13,20,22,22,17
60-J,7,5,8,9,20,19,16,22
60-K,4,8,12,17,22,27,23,19
60-L,2,7,10,15,21,16,20,19
60-M,7,3,7,14,27,18,23,16
60-N,2,3,7,8,8,8,8,7
60-O,5,7,10,11,11,21,15,19
60-P,1,3,7,7,7,7,7,11
60-Q,2,8,12,20,25,31,22,21
60-R,4,6,9,10,10,15,20,21
60-S,4,4,7,8,8,8,8,9
60-T,7,5,8,20,27,22,19,20
61-A,1,10,14,23,28,25,26,25
61-B,1,7,11,17,20,17,19,20
61-C,4,7,10,16,20,21,21,20
61-D,5,8,12,20,28,31,24,24
61-E,4,9,13,24,29,27,30,28
61-F,4,4,7,8,8,7,8,7
61-G,2,4,7,8,11,9,12,11
61-H,2,5,8,15,20,19,26,18
61-I,5,6,9,14,19,18,15,17
61-J,2,9,13,17,19,17,18,18
61-K,1,9,13,20,21,26,24,23
61-L,1,7,11,15,20,17,19,18
61-M,5,5,8,15,15,15,18,16
61-N,2,7,11,23,21,25,20,19
61-O,6,7,11,21,23,20,21,19
61-P,0,4,7,7,7,9,10,19
61-Q,1,7,10,19,27,28,26,28
61-R,5,19,22,38,36,34,38,35
61-S,4,7,11,12,19,25,19,12
61-T,4,3,7,10,13,14,13,12
62-A,4,1,5,6,18,7,10,11
62-B,2,7,11,22,23,22,20,22
62-C,2,17,20,33,36,37,35,37
62-D,5,10,14,19,23,21,20,18
62-E,5,10,14,24,24,23,21,25
62-F,4,7,11,18,27,27,22,23
62-G,5,14,18,24,36,30,34,26
62-H,2,7,10,18,23,27,20,22
62-I,2,12,16,26,34,25,27,27
62-J,2,8,12,20,24,22,23,21
62-K,4,8,12,22,22,23,23,20
62-L,1,7,11,21,21,20,28,22
62-M,4,9,13,19,20,27,23,25
62-N,2,18,21,29,32,40,39,40
62-O,2,5,8,8,8,10,10,14
62-P,7,15,19,22,30,31,29,34
62-Q,4,7,10,18,20,23,20,23
62-R,2,7,10,16,22,17,17,15
62-S,1,2,6,7,7,7,7,7
62-T,4,16,20,25,29,32,32,31
63-A,4,10,14,22,27,29,29,23
63-B,5,2,6,6,13,20,15,14
63-C,2,4,7,15,17,24,20,19
63-D,1,2,6,14,14,13,18,14
63-E,2,4,7,12,9,11,12,12
63-F,4,8,12,16,23,26,19,21
63-G,2,12,16,20,29,29,31,27
63-H,5,9,13,23,31,27,23,27
63-I,2,3,7,12,13,11,10,12
63-J,4,2,6,7,8,10,10,9
63-K,4,3,7,18,13,17,17,14
63-L,4,6,9,16,20,25,15,16
63-M,4,6,9,17,24,26,22,20
63-N,1,2,6,7,6,7,7,8
63-O,5,6,9,10,13,11,11,14
63-P,2,3,7,7,15,16,15,20
63-Q,2,2,6,7,7,7,7,7
63-R,2,7,11,16,31,32,21,20
63-S,4,3,7,7,7,12,15,20
63-T,2,4,7,8,8,9,16,12
64-A,4,6,9,18,20,21,23,20
64-B,2,7,11,25,22,26,25,22
64-C,4,8,12,21,25,26,21,24
64-D,4,7,11,21,32,28,30,27
64-E,5,7,10,24,27,25,25,24
64-F,2,7,11,19,25,22,23,21
64-G,6,12,16,28,28,30,29,28
64-H,4,10,14,21,26,21,32,27
64-I,2,8,12,25,31,22,24,27
64-J,4,9,13,21,23,22,25,28
64-K,2,5,8,15,16,19,20,19
64-L,2,9,13,20,22,26,25,20
64-M,2,4,7,8,8,11,13,23
64-N,4,8,12,20,31,29,25,31
64-O,1,2,6,7,7,7,7,12
64-P,2,8,12,20,21,20,21,18
64-Q,2,7,10,10,10,18,22,17
64-R,1,2,6,7,14,7,12,13
64-S,1,7,11,16,26,26,24,25
64-T,4,7,11,17,24,22,23,21
65-A,2,9,13,20,23,32,24,30
65-B,2,6,9,13,17,15,20,17
65-C,4,7,11,20,28,26,23,22
65-D,2,7,11,26,23,32,29,24
65-E,6,7,11,21,23,23,31,23
65-F,4,7,11,20,30,15,18,20
65-G,2,13,17,21,30,32,30,24
65-H,4,5,8,19,19,21,23,20
65-I,4,15,19,25,37,32,32,30
65-J,5,2,6,7,9,18,11,17
65-K,4,1,5,12,14,10,12,14
65-L,7,6,9,10,21,24,19,23
65-M,2,7,10,19,24,21,19,20
65-N,5,6,9,17,24,21,19,20
65-O,4,17,20,31,36,35,29,28
65-P,2,2,6,6,11,13,10,12
65-Q,6,12,16,23,27,31,26,28
65-R,6,4,7,9,8,9,10,17
65-S,5,5,8,11,16,11,18,15
65-T,4,8,12,23,24,20,25,25
66-A,5,3,7,7,21,26,26,18
66-B,4,7,10,19,20,22,23,22
66-C,1,7,11,17,21,24,26,25
66-D,4,6,9,17,20,21,19,21
66-E,6,14,18,24,27,24,26,28
66-F,4,9,13,23,23,24,28,28
66-G,2,7,10,18,26,20,20,23
66-H,2,8,12,20,23,25,25,20
66-I,2,4,7,7,8,8,8,11
66-J,2,7,11,18,25,20,23,27
66-K,2,13,17,27,33,31,32,24
66-L,2,5,8,18,20,22,22,18
66-M,2,7,10,18,20,21,19,18
66-N,4,10,14,20,26,23,24,23
66-O,2,7,10,13,11,18,16,15
66-P,2,6,9,14,20,20,17,17
66-Q,4,7,11,17,24,20,28,26
66-R,2,2,6,7,7,7,15,18
66-S,2,12,16,22,28,26,28,24
66-T,2,9,13,22,34,29,26,29
67-A,4,7,11,19,31,22,24,20
67-B,5,12,16,25,27,21,25,27
67-C,4,6,9,15,20,19,21,22
67-D,4,3,7,7,15,18,16,18
67-E,4,3,7,7,8,8,8,10
67-F,2,5,8,9,20,21,15,20
67-G,2,4,7,12,14,14,14,13
67-H,4,3,7,7,7,13,15,16
67-I,5,3,7,7,7,12,11,15
67-J,2,16,20,30,39,35,34,34
67-K,1,7,11,19,20,26,21,19
67-L,4,13,17,27,26,28,25,32
67-M,4,8,12,21,28,27,25,29
67-N,2,6,9,19,25,24,20,21
67-O,2,15,19,28,32,33,28,30
67-P,4,6,9,18,31,25,20,24
67-Q,4,12,16,23,35,31,30,31
67-R,2,4,7,16,17,13,14,13
67-S,2,4,7,17,16,15,16,20
67-T,2,7,11,17,23,25,24,24
68-A,1,2,6,6,6,6,7,12
68-B,6,3,7,7,8,7,7,9
68-C,1,5,8,15,20,18,18,15
68-D,4,16,20,30,35,35,33,26
68-E,5,5,8,14,16,14,14,12
68-F,2,4,7,19,25,21,25,19
68-G,2,14,18,23,31,26,29,29
68-H,5,18,21,31,29,33,31,34
68-I,4,6,9,10,10,10,16,17
68-J,2,5,8,19,22,19,15,13
68-K,2,6,9,16,17,15,21,19
68-L,6,4,7,9,8,11,14,16
68-M,4,4,7,8,17,16,18,15
68-N,5,4,7,7,9,8,8,7
68-O,4,10,14,23,34,25,28,30
68-P,1,8,12,19,21,20,24,24
68-Q,4,9,13,23,21,28,24,28
68-R,2,8,12,13,12,14,14,17
68-S,6,7,11,22,27,23,30,25
68-T,2,5,8,17,20,20,16,16
69-A,4,7,11,22,22,25,20,20
69-B,1,7,10,19,20,23,29,25
69-C,5,6,9,19,29,20,23,20
69-D,2,5,8,16,21,25,24,21
69-E,4,12,16,18,19,20,18,25
69-F,5,7,10,11,11,11,20,16
69-G,2,5,8,10,10,14,18,20
69-H,4,7,10,12,19,22,19,17
69-I,5,8,12,21,24,21,22,26
69-J,4,7,10,11,14,24,21,18
69-K,4,9,13,23,28,27,30,27
69-L,4,2,6,6,7,7,7,6
69-M,2,7,11,17,17,19,17,17
69-N,1,5,8,14,21,16,17,16
69-O,1,12,16,23,28,30,27,25
69-P,5,3,7,7,8,8,10,7
69-Q,4,7,10,20,30,31,20,20
69-R,4,6,9,18,21,20,23,17
69-S,5,4,7,8,29,23,14,17
69-T,1,8,12,15,18,19,16,19
70-A,5,8,12,24,20,21,17,18
70-B,2,9,13,22,26,26,22,24
70-C,4,2,6,7,7,7,7,11
70-D,2,3,7,7,20,17,17,14
70-E,2,6,9,10,9,11,19,19
70-F,5,12,16,20,26,27,24,30
70-G,5,12,16,26,24,28,25,27
70-H,2,8,12,13,20,23,21,21
70-I,2,6,9,13,16,16,14,16
70-J,2,3,7,7,7,7,7,7
70-K,2,12,16,30,33,29,25,26
70-L,5,7,11,20,23,26,21,28
70-M,2,4,7,8,8,8,8,7
70-N,2,10,14,26,31,26,30,25
70-O,2,14,18,26,34,32,37,31
70-P,0,0,0,0,0,0,0,0
70-Q,6,7,10,19,25,25,20,19
70-R,4,7,10,18,28,26,29,19
70-S,5,8,12,17,26,22,27,28
70-T,5,7,11,23,27,29,31,22
71-A,2,2,6,7,7,7,7,8
71-B,2,9,13,20,31,28,23,27
71-C,2,6,9,16,22,23,20,22
71-D,4,9,13,22,28,22,20,23
71-E,4,10,14,29,34,33,34,28
71-F,2,6,9,15,25,28,21,27
71-G,1,3,7,9,19,19,19,14
71-H,4,13,17,22,27,28,30,31
71-I,2,7,10,21,28,21,23,24
71-J,2,7,11,18,22,26,20,24
71-K,4,12,16,24,24,28,27,25
71-L,2,18,21,31,32,34,34,33
71-M,2,5,8,9,14,17,20,24
71-N,2,7,11,17,20,23,21,18
71-O,1,2,6,6,7,7,7,6
71-P,4,7,11,18,22,20,20,20
71-Q,5,10,14,20,29,24,26,22
71-R,2,14,18,25,33,33,33,28
71-S,6,9,13,23,22,24,24,26
71-T,1,4,7,8,7,11,11,16
72-A,4,7,11,12,11,19,20,17
72-B,2,8,12,20,19,21,20,20
72-C,4,6,9,15,17,22,20,23
72-D,6,10,14,21,29,26,27,22
72-E,2,5,8,17,21,28,28,16
72-F,1,4,7,8,18,20,21,15
72-G,4,2,6,6,7,7,7,13
72-H,2,8,12,18,24,28,26,21
72-I,4,3,7,12,14,13,11,13
72-J,1,3,7,7,19,19,15,7
72-K,4,16,20,26,31,31,38,36
72-L,1,8,12,20,20,22,22,20
72-M,5,7,10,17,18,18,19,18
72-N,1,5,8,9,9,20,18,8
72-O,5,7,10,20,25,19,24,24
72-P,2,10,14,25,23,26,23,22
72-Q,6,7,10,20,20,21,22,18
72-R,4,3,7,13,14,10,11,10
72-S,5,14,18,23,32,31,28,25
72-T,4,3,7,17,20,24,18,19
73-A,4,6,9,20,23,22,23,23
73-B,4,2,6,13,17,13,14,19
73-C,4,13,17,22,29,28,29,24
73-D,2,9,13,20,24,25,25,24
73-E,4,5,8,16,19,15,20,24
73-F,1,3,7,8,10,10,10,7
73-G,5,8,12,21,27,23,29,21
73-H,2,2,6,7,7,7,9,12
73-I,4,10,14,20,30,30,24,31
73-J,4,10,14,25,29,29,25,32
73-K,4,2,6,6,7,7,8,10
73-L,4,2,6,8,15,14,13,15
73-M,2,7,10,15,15,16,16,14
73-N,4,4,7,10,17,20,15,14
73-O,2,5,8,18,27,18,20,16
73-P,4,9,13,21,28,26,26,23
73-Q,2,7,10,16,21,23,20,20
73-R,5,7,10,17,20,18,18,20
73-S,4,6,9,10,14,27,19,15
73-T,4,2,6,7,6,7,7,6
74-A,4,5,8,16,20,20,20,14
74-B,2,8,12,19,23,27,24,25
74-C,4,13,17,25,28,30,31,35
74-D,1,8,12,18,21,21,22,20
74-E,5,2,6,7,7,14,7,8
74-F,2,7,11,17,24,20,19,24
74-G,6,7,11,20,27,30,20,24
74-H,5,8,12,19,28,28,29,28
74-I,4,7,11,13,17,22,27,23
74-J,4,7,11,13,15,17,20,19
74-K,5,7,11,19,23,18,18,20
74-L,6,16,20,30,28,33,32,34
74-M,2,12,16,26,34,29,31,33
74-N,4,2,6,6,6,6,7,15
74-O,1,14,18,26,29,29,27,34
74-P,1,7,10,11,11,15,16,16
74-Q,4,3,7,7,9,14,16,14
74-R,6,7,11,17,24,24,25,19
74-S,2,7,10,12,10,19,18,20
74-T,1,14,18,29,30,29,29,40
75-A,2,4,7,8,8,8,8,7
75-B,2,2,6,6,7,7,7,8
75-C,2,7,11,18,28,20,29,24
75-D,5,13,17,25,27,34,35,33
75-E,4,9,13,19,25,22,29,24
75-F,5,5,8,17,18,20,27,24
75-G,2,4,7,16,16,25,24,20
75-H,1,4,7,8,7,9,18,20
75-I,4,6,9,16,20,20,20,18
75-J,5,3,7,11,12,9,13,11
75-K,5,7,10,17,20,26,24,24
75-L,2,5,8,9,10,14,10,12
75-M,6,4,7,8,14,14,16,14
75-N,4,9,13,25,28,22,21,22
75-O,4,4,7,9,26,11,19,14
75-P,2,7,10,18,19,19,17,16
75-Q,2,9,13,18,23,27,25,28
75-R,5,9,13,22,24,26,27,24
75-S,5,14,18,24,29,28,29,30
75-T,5,7,10,17,25,28,23,21
76-A,4,6,9,11,17,20,21,16
76-B,5,5,8,18,16,18,19,16
76-C,2,5,8,13,16,14,16,14
76-D,2,6,9,12,20,25,21,21
76-E,1,6,9,18,26,26,24,24
76-F,2,6,9,16,16,17,14,14
76-G,6,12,16,24,26,29,30,27
76-H,2,4,7,11,18,22,19,7
76-I,4,4,7,9,11,9,17,19
76-J,4,10,14,20,24,27,25,25
76-K,4,7,10,23,22,21,25,20
76-L,1,12,16,20,30,25,27,29
76-M,1,5,8,19,34,35,21,20
76-N,4,17,20,34,40,34,39,34
76-O,2,6,9,19,20,24,22,21
76-P,0,0,0,0,0,0,0,0
76-Q,1,7,10,16,14,16,15,14
76-R,1,8,12,15,18,16,24,21
76-S,0,0,0,0,0,0,0,0
76-T,4,3,7,7,7,7,8,13
77-A,5,17,20,27,39,35,35,32
77-B,1,7,11,24,30,21,21,24
77-C,1,4,7,16,19,9,9,13
77-D,5,8,12,18,22,20,22,21
77-E,6,13,17,32,37,28,30,31
77-F,2,2,6,6,7,8,8,6
77-G,4,9,13,20,23,20,22,28
77-H,6,14,18,24,33,31,30,32
77-I,2,7,10,10,12,14,21,21
77-J,1,3,7,7,7,7,8,11
77-K,2,9,13,22,25,26,20,29
77-L,2,9,13,20,18,20,18,18
77-M,4,16,20,28,41,34,28,31
77-N,5,3,7,7,7,7,7,17
77-O,1,8,12,18,21,25,25,24
77-P,1,7,11,18,25,27,24,21
77-Q,4,9,13,17,20,19,19,20
77-R,4,7,10,19,19,28,24,19
77-S,0,0,4,4,4,4,4,21
77-T,2,3,7,7,7,12,10,22
78-A,2,6,9,21,32,20,11,14
78-B,2,6,9,16,21,20,21,23
78-C,2,5,8,15,19,19,17,17
78-D,5,8,12,20,27,22,23,25
78-E,4,7,11,20,20,20,20,25
78-F,2,14,18,23,32,32,29,26
78-G,2,4,7,8,7,9,12,14
78-H,2,6,9,10,9,18,21,15
78-I,4,10,14,20,27,25,31,29
78-J,5,3,7,7,7,15,14,18
78-K,2,7,11,16,18,19,18,17
78-L,2,6,9,14,19,21,17,16
78-M,2,6,9,10,9,10,11,14
78-N,4,7,10,20,21,22,24,28
78-O,4,3,7,16,18,13,17,16
78-P,6,7,10,12,11,16,24,18
78-Q,4,6,9,18,24,24,20,18
78-R,2,6,9,16,21,19,18,16
78-S,4,5,8,10,10,15,17,14
78-T,4,5,8,12,15,20,15,20
79-A,5,4,7,10,13,16,19,17
79-B,2,7,10,15,20,19,22,23
79-C,4,4,7,7,7,8,8,15
79-D,4,9,13,22,25,22,22,20
79-E,4,10,14,27,26,32,27,29
79-F,2,7,10,17,19,22,20,18
79-G,2,13,17,25,32,29,27,29
79-H,1,17,20,28,29,39,32,29
79-I,4,7,10,20,22,25,24,24
79-J,2,7,11,14,27,23,17,18
79-K,1,9,13,21,22,26,28,22
79-L,7,7,11,19,24,24,23,21
79-M,2,4,7,7,7,7,8,15
79-N,4,3,7,11,13,15,12,14
79-O,2,7,11,18,17,24,19,23
79-P,4,16,20,30,38,34,34,32
79-Q,6,3,7,7,20,21,17,17
79-R,2,6,9,16,21,19,14,13
79-S,2,5,8,14,27,24,23,18
79-T,1,2,6,10,14,14,12,12
80-A,5,4,7,8,13,15,13,16
80-B,2,6,9,11,28,27,21,18
80-C,2,12,16,22,27,28,24,27
80-D,5,2,6,11,19,14,14,17
80-E,1,8,12,13,13,18,20,18
80-F,1,6,9,14,19,17,19,16
80-G,2,16,20,32,34,34,27,30
80-H,4,8,12,20,23,23,21,22
80-I,5,9,13,24,28,23,26,24
80-J,2,3,7,7,7,8,15,11
80-K,2,7,11,13,15,16,21,17
80-L,4,7,10,19,17,16,19,17
80-M,2,2,6,6,7,7,7,10
80-N,5,2,6,6,7,7,7,7
80-O,2,2,6,13,21,13,11,15
80-P,5,9,13,19,24,26,23,28
80-Q,6,7,10,20,19,26,18,26
80-R,4,2,6,7,7,8,9,18
80-S,1,3,7,7,11,11,14,12
80-T,2,7,11,20,25,26,27,22
81-A,4,12,16,23,33,25,25,27
81-B,5,4,7,9,7,9,11,12
81-C,4,3,7,16,15,16,13,17
81-D,2,2,6,15,19,11,10,15
81-E,2,5,8,9,13,14,15,18
81-F,4,5,8,16,25,17,24,19
81-G,4,4,7,8,8,15,15,15
81-H,2,4,7,8,26,22,20,20
81-I,1,16,20,35,29,33,42,37
81-J,2,6,9,14,20,18,16,16
81-K,2,7,10,17,23,22,24,18
81-L,1,9,13,20,27,22,21,20
81-M,6,12,16,23,29,31,26,31
81-N,4,10,14,20,34,26,30,29
81-O,5,7,10,18,26,22,24,23
81-P,4,9,13,21,28,27,32,23
81-Q,4,4,7,8,9,9,8,14
81-R,1,5,8,15,19,16,18,16
81-S,2,7,11,23,27,21,20,24
81-T,4,7,10,19,25,21,23,23
82-A,5,4,7,8,12,17,13,10
82-B,5,9,13,18,25,23,27,29
82-C,4,2,6,7,7,7,7,9
82-D,6,7,11,20,20,21,21,20
82-E,2,14,18,29,30,30,31,33
82-F,4,7,10,15,21,17,19,20
82-G,2,8,12,20,20,20,21,20
82-H,1,3,7,11,13,11,14,11
82-I,2,4,7,17,20,21,24,19
82-J,4,3,7,9,20,20,13,15
82-K,2,7,10,14,21,21,19,20
82-L,2,12,16,25,30,29,31,27
82-M,4,7,10,19,23,24,21,22
82-N,6,10,14,23,24,21,24,22
82-O,5,6,9,22,20,24,27,21
82-P,2,4,7,8,8,9,10,13
82-Q,6,15,19,28,34,31,39,37
82-R,4,5,8,9,9,14,17,19
82-S,1,2,6,7,7,7,7,8
82-T,4,7,10,16,16,18,19,17
83-A,2,7,10,14,18,18,15,14
83-B,5,3,7,7,7,9,10,11
83-C,2,4,7,7,8,9,10,25
83-D,2,1,5,6,6,7,7,9
83-E,5,7,10,19,19,22,21,22
83-F,2,7,10,16,25,22,16,16
83-G,2,5,8,15,18,19,18,16
83-H,7,7,11,17,20,24,19,19
83-I,2,6,9,20,20,24,24,22
83-J,5,7,10,18,21,20,20,16
83-K,4,5,8,14,19,19,21,18
83-L,6,8,12,18,23,22,20,24
83-M,4,7,11,19,25,23,21,24
83-N,2,6,9,20,24,24,24,20
83-O,4,5,8,10,9,15,11,18
83-P,2,7,10,18,20,21,21,21
83-Q,4,7,10,22,32,25,21,19
83-R,4,5,8,10,8,9,17,16
83-S,4,8,12,19,25,23,27,23
83-T,4,4,7,9,8,11,16,14
84-A,7,14,18,29,30,28,32,29
84-B,5,9,13,20,25,24,26,20
84-C,4,3,7,7,7,7,7,11
84-D,1,10,14,24,30,26,26,26
84-E,2,5,8,14,16,27,21,20
84-F,4,7,11,23,20,21,25,20
84-G,2,4,7,8,8,8,9,16
84-H,4,8,12,23,27,23,24,25
84-I,6,3,7,15,20,18,20,11
84-J,2,10,14,16,16,24,19,21
84-K,5,6,9,17,24,22,25,20
84-L,4,3,7,7,7,9,7,13
84-M,2,7,11,18,18,16,20,16
84-N,4,7,10,20,20,20,23,22
84-O,4,7,10,16,20,22,20,20
84-P,2,3,7,8,14,9,14,13
84-Q,0,1,5,5,5,5,6,6
84-R,2,7,10,11,16,23,14,15
84-S,2,4,7,8,20,8,14,18
84-T,2,7,10,20,22,28,20,22
